"BRO-ID","kwaliteitsregime","in registratie sinds","tijdstip veldonderzoek","pomptype","buis",,,,
"GAR000000035677","IMBRO/A","2023-01-13T22:04:58+01:00","1991-04-23T13:00:00+02:00","onderwaterpomp","1",,,,
,,,,,,,,,
"parameter","sikb-id","aquo-code","analysedatum","analysemeetwaarde","eenheid meerwaarde","rapportagegrens","eenheid rapportagegres","limietsymbool","status kwaliteitscontrole"
"aluminium","284","Al","1991-04-23","151.15","ug/l",,,,"goedgekeurd"
"arseen","310","As","1991-04-23","1.63","ug/l",,,,"goedgekeurd"
"barium","333","Ba","1991-04-23","9.12","ug/l",,,,"goedgekeurd"
"chloride","508","Cl","1991-04-23","137.75","mg/l",,,,"goedgekeurd"
"chroom","517","Cr","1991-04-23","0.52","ug/l",,,"<","goedgekeurd"
"koper","971","Cu","1991-04-23","0.63","ug/l",,,"<","goedgekeurd"
"Geleidendheid","3548","GELDHD","1991-04-23","116.95","mS/m",,,,"goedgekeurd"
"Zuurgraad","1398","pH","1991-04-23","7.31","1",,,,"goedgekeurd"
"waterstofcarbonaat","374","HCO3","1991-04-23","405.65","mg/l",,,,"goedgekeurd"
"fosfor totaal","4188","Ptot","1991-04-23","0.28","mg/l",,,,"goedgekeurd"
"sulfaat","1508","SO4","1991-04-23","65.05","mg/l",,,,"goedgekeurd"
"strontium","1501","Sr","1991-04-23","762.25","ug/l",,,,"goedgekeurd"
"ijzer","879","Fe","1991-04-23","1910.0","ug/l",,,,"goedgekeurd"
"kalium","920","K","1991-04-23","5.62","mg/l",,,,"goedgekeurd"
"magnesium","1125","Mg","1991-04-23","11.02","mg/l",,,,"goedgekeurd"
"mangaan","1128","Mn","1991-04-23","150.0","ug/l",,,,"goedgekeurd"
"ammonium","289","NH4","1991-04-23","0.76","mg/l",,,,"goedgekeurd"
"natrium","1262","Na","1991-04-23","68.29","mg/l",,,,"goedgekeurd"
"nikkel","1267","Ni","1991-04-23","0.59","ug/l",,,"<","goedgekeurd"
"lood","1116","Pb","1991-04-23","2.07","ug/l",,,"<","goedgekeurd"
"zink","1693","Zn","1991-04-23","6.54","ug/l",,,"<","goedgekeurd"
"calcium","447","Ca","1991-04-23","164.12","mg/l",,,,"goedgekeurd"
"koolstof organisch","1318","Corg","1991-04-23","5.53","mg/l",,,,"goedgekeurd"
"nitraat","1270","NO3","1991-04-23","0.03","mg/l",,,"<","goedgekeurd"
"cadmium","441","Cd","1991-04-23","0.11","ug/l",,,"<","goedgekeurd"
,,,,,,,,,
