"BRO-ID","kwaliteitsregime","in registratie sinds","tijdstip veldonderzoek","pomptype","buis",,,,
"GAR000000033906","IMBRO/A","2023-01-13T20:11:56+01:00","2007-10-01T13:00:00+02:00","onderwaterpomp","1",,,,
,,,,,,,,,
"parameter","sikb-id","aquo-code","analysemeetwaarde","eenheid meetwaarde","status kwaliteitscontrole",,,,
"zuurstof","1701","O2","0.0","mg/l","goedgekeurd",,,,
"Geleidendheid","3548","GELDHD","96.0","mS/m","goedgekeurd",,,,
"waterstofcarbonaat","374","HCO3","456.96","mg/l","goedgekeurd",,,,
"Temperatuur","1522","T","12.4","Cel","goedgekeurd",,,,
"Zuurgraad","1398","pH","7.78","1","goedgekeurd",,,,
,,,,,,,,,
"parameter","sikb-id","aquo-code","analysedatum","analysemeetwaarde","eenheid meerwaarde","rapportagegrens","eenheid rapportagegres","limietsymbool","status kwaliteitscontrole"
"aluminium","284","Al","2007-10-01","48.578","ug/l",,,,"goedgekeurd"
"arseen","310","As","2007-10-01","0.333","ug/l",,,,"goedgekeurd"
"barium","333","Ba","2007-10-01","2.16","ug/l",,,,"goedgekeurd"
"chloride","508","Cl","2007-10-01","41.63","mg/l",,,,"goedgekeurd"
"chroom","517","Cr","2007-10-01","0.4","ug/l",,,"<","goedgekeurd"
"koper","971","Cu","2007-10-01","0.2","ug/l",,,"<","goedgekeurd"
"Geleidendheid","3548","GELDHD","2007-10-01","97.6","mS/m",,,,"goedgekeurd"
"Zuurgraad","1398","pH","2007-10-01","7.85","1",,,,"goedgekeurd"
"waterstofcarbonaat","374","HCO3","2007-10-01","443.7","mg/l",,,,"goedgekeurd"
"fosfor totaal","4188","Ptot","2007-10-01","0.327","mg/l",,,,"goedgekeurd"
"sulfaat","1508","SO4","2007-10-01","101.91","mg/l",,,,"goedgekeurd"
"strontium","1501","Sr","2007-10-01","653.0","ug/l",,,,"goedgekeurd"
"ijzer","879","Fe","2007-10-01","638.0","ug/l",,,,"goedgekeurd"
"kalium","920","K","2007-10-01","52.209","mg/l",,,,"goedgekeurd"
"magnesium","1125","Mg","2007-10-01","62.551","mg/l",,,,"goedgekeurd"
"mangaan","1128","Mn","2007-10-01","36.43","ug/l",,,,"goedgekeurd"
"ammonium","289","NH4","2007-10-01","1.17","mg/l",,,,"goedgekeurd"
"natrium","1262","Na","2007-10-01","31.902","mg/l",,,,"goedgekeurd"
"nikkel","1267","Ni","2007-10-01","0.74","ug/l",,,,"goedgekeurd"
"lood","1116","Pb","2007-10-01","0.04","ug/l",,,"<","goedgekeurd"
"zink","1693","Zn","2007-10-01","0.2","ug/l",,,"<","goedgekeurd"
"calcium","447","Ca","2007-10-01","68.968","mg/l",,,,"goedgekeurd"
"koolstof organisch","1318","Corg","2007-10-01","4.5","mg/l",,,,"goedgekeurd"
"nitraat","1270","NO3","2007-10-01","0.01","mg/l",,,"<","goedgekeurd"
"cadmium","441","Cd","2007-10-01","0.01","ug/l",,,"<","goedgekeurd"
,,,,,,,,,
