"BRO-ID","kwaliteitsregime","in registratie sinds","tijdstip veldonderzoek","pomptype","buis",,,,
"GAR000000034020","IMBRO/A","2023-01-13T20:19:23+01:00","2000-04-06T13:00:00+02:00","onderwaterpomp","3",,,,
,,,,,,,,,
"parameter","sikb-id","aquo-code","analysemeetwaarde","eenheid meetwaarde","status kwaliteitscontrole",,,,
"Temperatuur","1522","T","11.1","Cel","goedgekeurd",,,,
"Geleidendheid","3548","GELDHD","4.68","mS/m","goedgekeurd",,,,
"Zuurgraad","1398","pH","7.28","1","goedgekeurd",,,,
,,,,,,,,,
"parameter","sikb-id","aquo-code","analysedatum","analysemeetwaarde","eenheid meerwaarde","rapportagegrens","eenheid rapportagegres","limietsymbool","status kwaliteitscontrole"
"aluminium","284","Al","2000-04-06","2536.12","ug/l",,,,"goedgekeurd"
"arseen","310","As","2000-04-06","0.15","ug/l",,,"<","goedgekeurd"
"barium","333","Ba","2000-04-06","807.5","ug/l",,,,"goedgekeurd"
"chloride","508","Cl","2000-04-06","16367.797","mg/l",,,,"goedgekeurd"
"chroom","517","Cr","2000-04-06","1.04","ug/l",,,"<","goedgekeurd"
"koper","971","Cu","2000-04-06","15.976","ug/l",,,,"goedgekeurd"
"waterstofcarbonaat","374","HCO3","2000-04-06","1001.948","mg/l",,,,"goedgekeurd"
"fosfor totaal","4188","Ptot","2000-04-06","2.772","mg/l",,,,"goedgekeurd"
"sulfaat","1508","SO4","2000-04-06","1694.21","mg/l",,,,"goedgekeurd"
"strontium","1501","Sr","2000-04-06","7373.223","ug/l",,,,"goedgekeurd"
"ijzer","879","Fe","2000-04-06","9562.0","ug/l",,,,"goedgekeurd"
"kalium","920","K","2000-04-06","305.723","mg/l",,,,"goedgekeurd"
"magnesium","1125","Mg","2000-04-06","1103.82","mg/l",,,,"goedgekeurd"
"mangaan","1128","Mn","2000-04-06","889.0","ug/l",,,,"goedgekeurd"
"ammonium","289","NH4","2000-04-06","8.42","mg/l",,,,"goedgekeurd"
"natrium","1262","Na","2000-04-06","9159.147","mg/l",,,,"goedgekeurd"
"nikkel","1267","Ni","2000-04-06","1.174","ug/l",,,"<","goedgekeurd"
"zink","1693","Zn","2000-04-06","470.808","ug/l",,,,"goedgekeurd"
"calcium","447","Ca","2000-04-06","484.567","mg/l",,,,"goedgekeurd"
"nitraat","1270","NO3","2000-04-06","0.028","mg/l",,,"<","goedgekeurd"
"cadmium","441","Cd","2000-04-06","1.012","ug/l",,,,"goedgekeurd"
,,,,,,,,,
