"BRO-ID","kwaliteitsregime","in registratie sinds","tijdstip veldonderzoek","pomptype","buis",,,,
"GAR000000033965","IMBRO/A","2023-01-13T20:15:46+01:00","1993-03-26T12:00:00+01:00","onderwaterpomp","1",,,,
,,,,,,,,,
"parameter","sikb-id","aquo-code","analysemeetwaarde","eenheid meetwaarde","status kwaliteitscontrole",,,,
"Temperatuur","1522","T","10.7","Cel","goedgekeurd",,,,
"Zuurgraad","1398","pH","7.64","1","goedgekeurd",,,,
"Geleidendheid","3548","GELDHD","145.0","mS/m","goedgekeurd",,,,
,,,,,,,,,
"parameter","sikb-id","aquo-code","analysedatum","analysemeetwaarde","eenheid meerwaarde","rapportagegrens","eenheid rapportagegres","limietsymbool","status kwaliteitscontrole"
"aluminium","284","Al","1993-03-26","16.188","ug/l",,,,"goedgekeurd"
"arseen","310","As","1993-03-26","0.15","ug/l",,,"<","goedgekeurd"
"barium","333","Ba","1993-03-26","3.296","ug/l",,,,"goedgekeurd"
"chloride","508","Cl","1993-03-26","151.237","mg/l",,,,"goedgekeurd"
"fosfor totaal","4188","Ptot","1993-03-26","0.248","mg/l",,,,"goedgekeurd"
"sulfaat","1508","SO4","1993-03-26","89.297","mg/l",,,,"goedgekeurd"
"strontium","1501","Sr","1993-03-26","797.342","ug/l",,,,"goedgekeurd"
"ijzer","879","Fe","1993-03-26","732.0","ug/l",,,,"goedgekeurd"
"kalium","920","K","1993-03-26","59.979","mg/l",,,,"goedgekeurd"
"magnesium","1125","Mg","1993-03-26","83.942","mg/l",,,,"goedgekeurd"
"mangaan","1128","Mn","1993-03-26","64.0","ug/l",,,,"goedgekeurd"
"natrium","1262","Na","1993-03-26","59.314","mg/l",,,,"goedgekeurd"
"zink","1693","Zn","1993-03-26","6.539","ug/l",,,"<","goedgekeurd"
"calcium","447","Ca","1993-03-26","82.737","mg/l",,,,"goedgekeurd"
"koolstof organisch","1318","Corg","1993-03-26","4.035","mg/l",,,,"goedgekeurd"
"nitraat","1270","NO3","1993-03-26","0.083","mg/l",,,,"goedgekeurd"
,,,,,,,,,
