"BRO-ID","kwaliteitsregime","in registratie sinds","tijdstip veldonderzoek","pomptype","buis",,,,
"GAR000000033979","IMBRO/A","2023-01-13T20:16:41+01:00","2003-03-19T12:00:00+01:00","onderwaterpomp","3",,,,
,,,,,,,,,
"parameter","sikb-id","aquo-code","analysemeetwaarde","eenheid meetwaarde","status kwaliteitscontrole",,,,
"Geleidendheid","3548","GELDHD","4640.0","mS/m","goedgekeurd",,,,
"waterstofcarbonaat","374","HCO3","954.08","mg/l","goedgekeurd",,,,
"Temperatuur","1522","T","10.9","Cel","goedgekeurd",,,,
"Zuurgraad","1398","pH","7.2","1","goedgekeurd",,,,
,,,,,,,,,
"parameter","sikb-id","aquo-code","analysedatum","analysemeetwaarde","eenheid meerwaarde","rapportagegrens","eenheid rapportagegres","limietsymbool","status kwaliteitscontrole"
"aluminium","284","Al","2003-03-19","107.92","ug/l",,,"<","goedgekeurd"
"arseen","310","As","2003-03-19","0.524","ug/l",,,,"goedgekeurd"
"barium","333","Ba","2003-03-19","66.33","ug/l",,,,"goedgekeurd"
"chloride","508","Cl","2003-03-19","16247.728","mg/l",,,,"goedgekeurd"
"chroom","517","Cr","2003-03-19","0.676","ug/l",,,,"goedgekeurd"
"koper","971","Cu","2003-03-19","2.351","ug/l",,,,"goedgekeurd"
"fosfor totaal","4188","Ptot","2003-03-19","0.876","mg/l",,,,"goedgekeurd"
"sulfaat","1508","SO4","2003-03-19","1666.833","mg/l",,,,"goedgekeurd"
"strontium","1501","Sr","2003-03-19","7200.699","ug/l",,,,"goedgekeurd"
"ijzer","879","Fe","2003-03-19","424.0","ug/l",,,,"goedgekeurd"
"kalium","920","K","2003-03-19","305.801","mg/l",,,,"goedgekeurd"
"magnesium","1125","Mg","2003-03-19","1102.125","mg/l",,,,"goedgekeurd"
"mangaan","1128","Mn","2003-03-19","178.0","ug/l",,,,"goedgekeurd"
"ammonium","289","NH4","2003-03-19","1.331","mg/l",,,,"goedgekeurd"
"natrium","1262","Na","2003-03-19","8745.028","mg/l",,,,"goedgekeurd"
"nikkel","1267","Ni","2003-03-19","2.348","ug/l",,,,"goedgekeurd"
"zink","1693","Zn","2003-03-19","61.924","ug/l",,,,"goedgekeurd"
"calcium","447","Ca","2003-03-19","484.768","mg/l",,,,"goedgekeurd"
"nitraat","1270","NO3","2003-03-19","2.2","mg/l",,,,"goedgekeurd"
"cadmium","441","Cd","2003-03-19","0.18","ug/l",,,,"goedgekeurd"
,,,,,,,,,
