"BRO-ID","kwaliteitsregime","in registratie sinds","tijdstip veldonderzoek","pomptype","buis",,,,
"GAR000000033995","IMBRO/A","2023-01-13T20:17:45+01:00","2020-05-14T13:00:00+02:00","onderwaterpomp","3",,,,
,,,,,,,,,
"parameter","sikb-id","aquo-code","analysemeetwaarde","eenheid meetwaarde","status kwaliteitscontrole",,,,
"zuurstof","1701","O2","0.2","mg/l","goedgekeurd",,,,
"Geleidendheid","3548","GELDHD","4000.0","mS/m","goedgekeurd",,,,
"waterstofcarbonaat","374","HCO3","887.79","mg/l","goedgekeurd",,,,
"Temperatuur","1522","T","11.3","Cel","goedgekeurd",,,,
"Zuurgraad","1398","pH","7.11","1","goedgekeurd",,,,
,,,,,,,,,
"parameter","sikb-id","aquo-code","analysedatum","analysemeetwaarde","eenheid meerwaarde","rapportagegrens","eenheid rapportagegres","limietsymbool","status kwaliteitscontrole"
"kalium","920","K","2020-05-14","306.345","mg/l",,,,"goedgekeurd"
"magnesium","1125","Mg","2020-05-14","1152.55","mg/l",,,,"goedgekeurd"
"mangaan","1128","Mn","2020-05-14","912.0","ug/l",,,,"goedgekeurd"
"ammonium","289","NH4","2020-05-14","9.228","mg/l",,,,"goedgekeurd"
"natrium","1262","Na","2020-05-14","9459.638","mg/l",,,,"goedgekeurd"
"nikkel","1267","Ni","2020-05-14","0.5","ug/l",,,"<","goedgekeurd"
"lood","1116","Pb","2020-05-14","0.2","ug/l",,,"<","goedgekeurd"
"zink","1693","Zn","2020-05-14","4.0","ug/l",,,"<","goedgekeurd"
"calcium","447","Ca","2020-05-14","530.283","mg/l",,,,"goedgekeurd"
"koolstof organisch","1318","Corg","2020-05-14","9.262","mg/l",,,,"goedgekeurd"
"nitraat","1270","NO3","2020-05-14","0.029","mg/l",,,"<","goedgekeurd"
"cadmium","441","Cd","2020-05-14","0.05","ug/l",,,"<","goedgekeurd"
"aluminium","284","Al","2020-05-14","10.0","ug/l",,,"<","goedgekeurd"
"arseen","310","As","2020-05-14","0.391","ug/l",,,,"goedgekeurd"
"barium","333","Ba","2020-05-14","78.274","ug/l",,,,"goedgekeurd"
"chloride","508","Cl","2020-05-14","19809.92","mg/l",,,,"goedgekeurd"
"chroom","517","Cr","2020-05-14","0.702","ug/l",,,,"goedgekeurd"
"koper","971","Cu","2020-05-14","0.5","ug/l",,,"<","goedgekeurd"
"Geleidendheid","3548","GELDHD","2020-05-14","4460.0","mS/m",,,,"goedgekeurd"
"Zuurgraad","1398","pH","2020-05-14","7.09","1",,,,"goedgekeurd"
"fosfor totaal","4188","Ptot","2020-05-14","2.385","mg/l",,,,"goedgekeurd"
"sulfaat","1508","SO4","2020-05-14","1899.258","mg/l",,,,"goedgekeurd"
"strontium","1501","Sr","2020-05-14","7716.277","ug/l",,,,"goedgekeurd"
"ijzer","879","Fe","2020-05-14","7429.0","ug/l",,,,"goedgekeurd"
,,,,,,,,,
