"BRO-ID","kwaliteitsregime","in registratie sinds","tijdstip veldonderzoek","pomptype","buis",,,,
"GAR000000033945","IMBRO/A","2023-01-13T20:14:25+01:00","2019-03-05T12:00:00+01:00","onderwaterpomp","1",,,,
,,,,,,,,,
"parameter","sikb-id","aquo-code","analysemeetwaarde","eenheid meetwaarde","status kwaliteitscontrole",,,,
"zuurstof","1701","O2","0.3","mg/l","goedgekeurd",,,,
"Geleidendheid","3548","GELDHD","105.0","mS/m","goedgekeurd",,,,
"waterstofcarbonaat","374","HCO3","466.09","mg/l","goedgekeurd",,,,
"Temperatuur","1522","T","11.9","Cel","goedgekeurd",,,,
"Zuurgraad","1398","pH","7.7","1","goedgekeurd",,,,
,,,,,,,,,
"parameter","sikb-id","aquo-code","analysedatum","analysemeetwaarde","eenheid meerwaarde","rapportagegrens","eenheid rapportagegres","limietsymbool","status kwaliteitscontrole"
"aluminium","284","Al","2019-03-05","10.0","ug/l",,,"<","goedgekeurd"
"arseen","310","As","2019-03-05","0.2","ug/l",,,"<","goedgekeurd"
"barium","333","Ba","2019-03-05","2.062","ug/l",,,,"goedgekeurd"
"chloride","508","Cl","2019-03-05","52.225","mg/l",,,,"goedgekeurd"
"chroom","517","Cr","2019-03-05","0.5","ug/l",,,"<","goedgekeurd"
"koper","971","Cu","2019-03-05","0.5","ug/l",,,"<","goedgekeurd"
"Geleidendheid","3548","GELDHD","2019-03-05","104.34","mS/m",,,,"goedgekeurd"
"Zuurgraad","1398","pH","2019-03-05","7.84","1",,,,"goedgekeurd"
"fosfor totaal","4188","Ptot","2019-03-05","0.184","mg/l",,,,"goedgekeurd"
"sulfaat","1508","SO4","2019-03-05","97.612","mg/l",,,,"goedgekeurd"
"strontium","1501","Sr","2019-03-05","699.1","ug/l",,,,"goedgekeurd"
"ijzer","879","Fe","2019-03-05","256.0","ug/l",,,,"goedgekeurd"
"kalium","920","K","2019-03-05","49.48","mg/l",,,,"goedgekeurd"
"magnesium","1125","Mg","2019-03-05","62.91","mg/l",,,,"goedgekeurd"
"mangaan","1128","Mn","2019-03-05","42.0","ug/l",,,,"goedgekeurd"
"ammonium","289","NH4","2019-03-05","0.924","mg/l",,,,"goedgekeurd"
"natrium","1262","Na","2019-03-05","24.76","mg/l",,,,"goedgekeurd"
"nikkel","1267","Ni","2019-03-05","0.563","ug/l",,,,"goedgekeurd"
"lood","1116","Pb","2019-03-05","0.2","ug/l",,,"<","goedgekeurd"
"zink","1693","Zn","2019-03-05","4.0","ug/l",,,"<","goedgekeurd"
"calcium","447","Ca","2019-03-05","73.82","mg/l",,,,"goedgekeurd"
"koolstof organisch","1318","Corg","2019-03-05","13.13","mg/l",,,,"goedgekeurd"
"nitraat","1270","NO3","2019-03-05","0.07","mg/l",,,"<","goedgekeurd"
"cadmium","441","Cd","2019-03-05","0.05","ug/l",,,"<","goedgekeurd"
,,,,,,,,,
