"BRO-ID","kwaliteitsregime","in registratie sinds","tijdstip veldonderzoek","pomptype","buis",,,,
"GAR000000044214","IMBRO","2024-07-03T14:17:11+02:00","2021-03-24T12:00:00+01:00","onderwaterpomp","1",,,,
,,,,,,,,,
"parameter","sikb-id","aquo-code","analysemeetwaarde","eenheid meetwaarde","status kwaliteitscontrole",,,,
"zuurstof","1701","O2","0.3","mg/l","goedgekeurd",,,,
"Geleidendheid","3548","GELDHD","107.7","mS/m","goedgekeurd",,,,
"waterstofcarbonaat","374","HCO3","482.18","mg/l","goedgekeurd",,,,
"Temperatuur","1522","T","11.9","Cel","goedgekeurd",,,,
"Zuurgraad","1398","pH","7.77","1","goedgekeurd",,,,
,,,,,,,,,
"parameter","sikb-id","aquo-code","analysedatum","analysemeetwaarde","eenheid meerwaarde","rapportagegrens","eenheid rapportagegres","limietsymbool","status kwaliteitscontrole"
"Zuurgraad","1398","pH","2021-03-24","7.65","1",,,,"goedgekeurd"
"aluminium","284","Al","2021-03-24","10.0","ug/l","10.0","ug/l","<","goedgekeurd"
"ammonium","289","NH4","2021-03-24","0.688","mg/l",,,,"goedgekeurd"
"arseen","310","As","2021-03-24","0.2","ug/l","0.2","ug/l","<","goedgekeurd"
"barium","333","Ba","2021-03-24","2.078","ug/l",,,,"goedgekeurd"
"cadmium","441","Cd","2021-03-24","0.05","ug/l","0.05","ug/l","<","goedgekeurd"
"calcium","447","Ca","2021-03-24","79.096","mg/l",,,,"goedgekeurd"
"chloride","508","Cl","2021-03-24","49.661","mg/l",,,,"goedgekeurd"
"chroom","517","Cr","2021-03-24","0.5","ug/l","0.5","ug/l","<","goedgekeurd"
"ijzer","879","Fe","2021-03-24","191.0","ug/l",,,,"goedgekeurd"
"kalium","920","K","2021-03-24","52.579","mg/l",,,,"goedgekeurd"
"koper","971","Cu","2021-03-24","0.5","ug/l","0.5","ug/l","<","goedgekeurd"
"lood","1116","Pb","2021-03-24","0.2","ug/l","0.2","ug/l","<","goedgekeurd"
"magnesium","1125","Mg","2021-03-24","69.196","mg/l",,,,"goedgekeurd"
"mangaan","1128","Mn","2021-03-24","41.0","ug/l",,,,"goedgekeurd"
"natrium","1262","Na","2021-03-24","25.64","mg/l",,,,"goedgekeurd"
"nikkel","1267","Ni","2021-03-24","0.5","ug/l","0.5","ug/l","<","goedgekeurd"
"nitraat","1270","NO3","2021-03-24","0.029","mg/l","0.13","mg/l","<","goedgekeurd"
"strontium","1501","Sr","2021-03-24","721.143","ug/l",,,,"goedgekeurd"
"sulfaat","1508","SO4","2021-03-24","106.391","mg/l",,,,"goedgekeurd"
"zink","1693","Zn","2021-03-24","4.0","ug/l","4.0","ug/l","<","goedgekeurd"
,,,,,,,,,
