"BRO-ID","kwaliteitsregime","in registratie sinds","tijdstip veldonderzoek","pomptype","buis",,,,
"GAR000000034008","IMBRO/A","2023-01-13T20:18:36+01:00","1991-04-18T13:00:00+02:00","onderwaterpomp","3",,,,
,,,,,,,,,
"parameter","sikb-id","aquo-code","analysedatum","analysemeetwaarde","eenheid meerwaarde","rapportagegrens","eenheid rapportagegres","limietsymbool","status kwaliteitscontrole"
"aluminium","284","Al","1991-04-18","18.83","ug/l",,,"<","goedgekeurd"
"arseen","310","As","1991-04-18","0.07","ug/l",,,"<","goedgekeurd"
"barium","333","Ba","1991-04-18","57.87","ug/l",,,,"goedgekeurd"
"chloride","508","Cl","1991-04-18","16414.83","mg/l",,,,"goedgekeurd"
"chroom","517","Cr","1991-04-18","0.52","ug/l",,,"<","goedgekeurd"
"koper","971","Cu","1991-04-18","0.63","ug/l",,,"<","goedgekeurd"
"Geleidendheid","3548","GELDHD","1991-04-18","4406.78","mS/m",,,,"goedgekeurd"
"Zuurgraad","1398","pH","1991-04-18","7.18","1",,,,"goedgekeurd"
"waterstofcarbonaat","374","HCO3","1991-04-18","918.05","mg/l",,,,"goedgekeurd"
"fosfor totaal","4188","Ptot","1991-04-18","2.17","mg/l",,,,"goedgekeurd"
"sulfaat","1508","SO4","1991-04-18","1633.47","mg/l",,,,"goedgekeurd"
"strontium","1501","Sr","1991-04-18","7276.55","ug/l",,,,"goedgekeurd"
"ijzer","879","Fe","1991-04-18","7200.0","ug/l",,,,"goedgekeurd"
"kalium","920","K","1991-04-18","302.09","mg/l",,,,"goedgekeurd"
"magnesium","1125","Mg","1991-04-18","1140.43","mg/l",,,,"goedgekeurd"
"mangaan","1128","Mn","1991-04-18","790.0","ug/l",,,,"goedgekeurd"
"ammonium","289","NH4","1991-04-18","9.65","mg/l",,,,"goedgekeurd"
"natrium","1262","Na","1991-04-18","9308.68","mg/l",,,,"goedgekeurd"
"nikkel","1267","Ni","1991-04-18","0.59","ug/l",,,"<","goedgekeurd"
"zink","1693","Zn","1991-04-18","6.54","ug/l",,,"<","goedgekeurd"
"calcium","447","Ca","1991-04-18","480.18","mg/l",,,,"goedgekeurd"
"koolstof organisch","1318","Corg","1991-04-18","4.39","mg/l",,,,"goedgekeurd"
"nitraat","1270","NO3","1991-04-18","0.03","mg/l",,,"<","goedgekeurd"
"cadmium","441","Cd","1991-04-18","0.11","ug/l",,,"<","goedgekeurd"
,,,,,,,,,
