"BRO-ID","kwaliteitsregime","in registratie sinds","tijdstip veldonderzoek","pomptype","buis",,,,
"GAR000000033937","IMBRO/A","2023-01-13T20:13:54+01:00","2011-01-15T12:00:00+01:00","onderwaterpomp","1",,,,
,,,,,,,,,
"parameter","sikb-id","aquo-code","analysemeetwaarde","eenheid meetwaarde","status kwaliteitscontrole",,,,
"zuurstof","1701","O2","0.15","mg/l","goedgekeurd",,,,
"Geleidendheid","3548","GELDHD","101.0","mS/m","goedgekeurd",,,,
"waterstofcarbonaat","374","HCO3","486.69","mg/l","goedgekeurd",,,,
"Temperatuur","1522","T","11.5","Cel","goedgekeurd",,,,
"Zuurgraad","1398","pH","7.72","1","goedgekeurd",,,,
,,,,,,,,,
"parameter","sikb-id","aquo-code","analysedatum","analysemeetwaarde","eenheid meerwaarde","rapportagegrens","eenheid rapportagegres","limietsymbool","status kwaliteitscontrole"
"aluminium","284","Al","2011-01-15","4.7","ug/l",,,"<","goedgekeurd"
"arseen","310","As","2011-01-15","0.16","ug/l",,,,"goedgekeurd"
"barium","333","Ba","2011-01-15","2.39","ug/l",,,,"goedgekeurd"
"chloride","508","Cl","2011-01-15","46.66","mg/l",,,,"goedgekeurd"
"chroom","517","Cr","2011-01-15","0.1","ug/l",,,,"goedgekeurd"
"koper","971","Cu","2011-01-15","0.61","ug/l",,,"<","goedgekeurd"
"Geleidendheid","3548","GELDHD","2011-01-15","99.9","mS/m",,,,"goedgekeurd"
"Zuurgraad","1398","pH","2011-01-15","7.68","1",,,,"goedgekeurd"
"waterstofcarbonaat","374","HCO3","2011-01-15","431.0","mg/l",,,,"goedgekeurd"
"fosfor totaal","4188","Ptot","2011-01-15","0.27","mg/l",,,,"goedgekeurd"
"sulfaat","1508","SO4","2011-01-15","97.59","mg/l",,,,"goedgekeurd"
"strontium","1501","Sr","2011-01-15","669.86","ug/l",,,,"goedgekeurd"
"ijzer","879","Fe","2011-01-15","280.0","ug/l",,,,"goedgekeurd"
"kalium","920","K","2011-01-15","51.6","mg/l",,,,"goedgekeurd"
"magnesium","1125","Mg","2011-01-15","59.65","mg/l",,,,"goedgekeurd"
"mangaan","1128","Mn","2011-01-15","60.0","ug/l",,,,"goedgekeurd"
"ammonium","289","NH4","2011-01-15","0.949","mg/l",,,,"goedgekeurd"
"natrium","1262","Na","2011-01-15","33.13","mg/l",,,,"goedgekeurd"
"nikkel","1267","Ni","2011-01-15","0.3","ug/l",,,,"goedgekeurd"
"lood","1116","Pb","2011-01-15","0.14","ug/l",,,"<","goedgekeurd"
"zink","1693","Zn","2011-01-15","0.74","ug/l",,,,"goedgekeurd"
"calcium","447","Ca","2011-01-15","66.73","mg/l",,,,"goedgekeurd"
"koolstof organisch","1318","Corg","2011-01-15","3.8","mg/l",,,,"goedgekeurd"
"nitraat","1270","NO3","2011-01-15","0.014","mg/l",,,"<","goedgekeurd"
"cadmium","441","Cd","2011-01-15","0.01","ug/l",,,,"goedgekeurd"
,,,,,,,,,
