"BRO-ID","kwaliteitsregime","in registratie sinds","tijdstip veldonderzoek","pomptype","buis",,,,
"GAR000000033880","IMBRO/A","2023-01-13T20:10:05+01:00","1995-01-24T12:00:00+01:00","onderwaterpomp","1",,,,
,,,,,,,,,
"parameter","sikb-id","aquo-code","analysemeetwaarde","eenheid meetwaarde","status kwaliteitscontrole",,,,
"Geleidendheid","3548","GELDHD","119.7","mS/m","goedgekeurd",,,,
"Temperatuur","1522","T","10.3","Cel","goedgekeurd",,,,
"Zuurgraad","1398","pH","7.48","1","goedgekeurd",,,,
,,,,,,,,,
"parameter","sikb-id","aquo-code","analysedatum","analysemeetwaarde","eenheid meerwaarde","rapportagegrens","eenheid rapportagegres","limietsymbool","status kwaliteitscontrole"
"aluminium","284","Al","1995-01-24","24.282","ug/l",,,,"goedgekeurd"
"arseen","310","As","1995-01-24","0.15","ug/l",,,"<","goedgekeurd"
"barium","333","Ba","1995-01-24","4.944","ug/l",,,,"goedgekeurd"
"chloride","508","Cl","1995-01-24","102.713","mg/l",,,,"goedgekeurd"
"chroom","517","Cr","1995-01-24","0.26","ug/l",,,"<","goedgekeurd"
"koper","971","Cu","1995-01-24","0.635","ug/l",,,"<","goedgekeurd"
"waterstofcarbonaat","374","HCO3","1995-01-24","432.632","mg/l",,,,"goedgekeurd"
"fosfor totaal","4188","Ptot","1995-01-24","0.372","mg/l",,,,"goedgekeurd"
"sulfaat","1508","SO4","1995-01-24","140.488","mg/l",,,,"goedgekeurd"
"strontium","1501","Sr","1995-01-24","768.427","ug/l",,,,"goedgekeurd"
"ijzer","879","Fe","1995-01-24","6021.0","ug/l",,,,"goedgekeurd"
"kalium","920","K","1995-01-24","12.473","mg/l",,,,"goedgekeurd"
"magnesium","1125","Mg","1995-01-24","16.92","mg/l",,,,"goedgekeurd"
"mangaan","1128","Mn","1995-01-24","314.0","ug/l",,,,"goedgekeurd"
"ammonium","289","NH4","1995-01-24","0.476","mg/l",,,,"goedgekeurd"
"natrium","1262","Na","1995-01-24","41.014","mg/l",,,,"goedgekeurd"
"nikkel","1267","Ni","1995-01-24","0.88","ug/l",,,"<","goedgekeurd"
"zink","1693","Zn","1995-01-24","6.539","ug/l",,,,"goedgekeurd"
"calcium","447","Ca","1995-01-24","196.24","mg/l",,,,"goedgekeurd"
"nitraat","1270","NO3","1995-01-24","0.07","mg/l",,,,"goedgekeurd"
"cadmium","441","Cd","1995-01-24","0.045","ug/l",,,"<","goedgekeurd"
,,,,,,,,,
