"BRO-ID","kwaliteitsregime","in registratie sinds","tijdstip veldonderzoek","pomptype","buis",,,,
"GAR000000033653","IMBRO/A","2023-01-13T19:54:49+01:00","2015-05-18T13:00:00+02:00","onderwaterpomp","3",,,,
,,,,,,,,,
"parameter","sikb-id","aquo-code","analysemeetwaarde","eenheid meetwaarde","status kwaliteitscontrole",,,,
"zuurstof","1701","O2","0.0","mg/l","goedgekeurd",,,,
"Geleidendheid","3548","GELDHD","116.0","mS/m","goedgekeurd",,,,
"Zuurgraad","1398","pH","7.39","1","goedgekeurd",,,,
"Temperatuur","1522","T","10.3","Cel","goedgekeurd",,,,
"waterstofcarbonaat","374","HCO3","454.69","mg/l","goedgekeurd",,,,
,,,,,,,,,
"parameter","sikb-id","aquo-code","analysedatum","analysemeetwaarde","eenheid meerwaarde","rapportagegrens","eenheid rapportagegres","limietsymbool","status kwaliteitscontrole"
"aluminium","284","Al","2015-05-18","10.0","ug/l",,,"<","goedgekeurd"
"arseen","310","As","2015-05-18","0.2","ug/l",,,"<","goedgekeurd"
"barium","333","Ba","2015-05-18","8.0","ug/l",,,,"goedgekeurd"
"chloride","508","Cl","2015-05-18","88.43","mg/l",,,,"goedgekeurd"
"chroom","517","Cr","2015-05-18","0.5","ug/l",,,"<","goedgekeurd"
"koper","971","Cu","2015-05-18","0.5","ug/l",,,"<","goedgekeurd"
"Geleidendheid","3548","GELDHD","2015-05-18","116.0","mS/m",,,,"goedgekeurd"
"Zuurgraad","1398","pH","2015-05-18","7.61","1",,,,"goedgekeurd"
"fosfor totaal","4188","Ptot","2015-05-18","0.58","mg/l",,,,"goedgekeurd"
"sulfaat","1508","SO4","2015-05-18","92.71","mg/l",,,,"goedgekeurd"
"strontium","1501","Sr","2015-05-18","668.0","ug/l",,,,"goedgekeurd"
"antimoon","301","Sb","2015-05-18","0.1","ug/l",,,"<","goedgekeurd"
"kobalt","527","Co","2015-05-18","0.1","ug/l",,,"<","goedgekeurd"
"ijzer","879","Fe","2015-05-18","790.0","ug/l",,,,"goedgekeurd"
"kalium","920","K","2015-05-18","74.2","mg/l",,,,"goedgekeurd"
"magnesium","1125","Mg","2015-05-18","48.56","mg/l",,,,"goedgekeurd"
"mangaan","1128","Mn","2015-05-18","47.0","ug/l",,,,"goedgekeurd"
"ammonium","289","NH4","2015-05-18","6.481","mg/l",,,,"goedgekeurd"
"natrium","1262","Na","2015-05-18","48.3","mg/l",,,,"goedgekeurd"
"nikkel","1267","Ni","2015-05-18","0.6","ug/l",,,,"goedgekeurd"
"lood","1116","Pb","2015-05-18","0.2","ug/l",,,"<","goedgekeurd"
"zink","1693","Zn","2015-05-18","4.0","ug/l",,,"<","goedgekeurd"
"calcium","447","Ca","2015-05-18","70.08","mg/l",,,,"goedgekeurd"
"koolstof organisch","1318","Corg","2015-05-18","5.7","mg/l",,,,"goedgekeurd"
"nitraat","1270","NO3","2015-05-18","0.077","mg/l",,,,"goedgekeurd"
"cadmium","441","Cd","2015-05-18","0.05","ug/l",,,"<","goedgekeurd"
"molybdeen","1243","Mo","2015-05-18","0.861","ug/l",,,,"goedgekeurd"
,,,,,,,,,
