"BRO-ID","kwaliteitsregime","in registratie sinds","tijdstip veldonderzoek","pomptype","buis",,,,
"GAR000000055732","IMBRO/A","2025-04-10T18:38:17+02:00","2004-01-08T11:00:00+01:00","onbekend","1",,,,
,,,,,,,,,
"parameter","sikb-id","aquo-code","analysemeetwaarde","eenheid meetwaarde","status kwaliteitscontrole",,,,
"Temperatuur","1522","T","10.7","Cel","goedgekeurd",,,,
,,,,,,,,,
"parameter","sikb-id","aquo-code","analysedatum","analysemeetwaarde","eenheid meerwaarde","rapportagegrens","eenheid rapportagegres","limietsymbool","status kwaliteitscontrole"
"fosfor totaal","4188","Ptot","2004-01-08","3.18","mg/l",,,,"goedgekeurd"
"fosfaat","1334","PO4","2004-01-08","0.28","mg/l",,,,"goedgekeurd"
"Geleidendheid","3548","GELDHD","2004-01-08","1860.0","mS/m",,,,"goedgekeurd"
"koper","971","Cu","2004-01-08","2.5","ug/l",,,"<","goedgekeurd"
"lood","1116","Pb","2004-01-08","5.0","ug/l",,,"<","goedgekeurd"
"chloride","508","Cl","2004-01-08","6580.0","mg/l",,,,"goedgekeurd"
"sulfaat","1508","SO4","2004-01-08","0.25","mg/l",,,"<","goedgekeurd"
"waterstofcarbonaat","374","HCO3","2004-01-08","1140.0","mg/l",,,,"goedgekeurd"
"nitraat","1270","NO3","2004-01-08","0.05","mg/l",,,"<","goedgekeurd"
"aluminium","284","Al","2004-01-08","5.0","ug/l",,,"<","goedgekeurd"
"arseen","310","As","2004-01-08","11.0","ug/l",,,,"goedgekeurd"
"cadmium","441","Cd","2004-01-08","0.4","ug/l",,,"<","goedgekeurd"
"chroom","517","Cr","2004-01-08","2.5","ug/l",,,"<","goedgekeurd"
"nikkel","1267","Ni","2004-01-08","5.0","ug/l",,,"<","goedgekeurd"
"stikstof Kjeldahl","4064","NKj","2004-01-08","42.6","mg/l",,,,"goedgekeurd"
"zink","1693","Zn","2004-01-08","10.0","ug/l",,,"<","goedgekeurd"
"ammonium","289","NH4","2004-01-08","44.97","mg/l",,,,"goedgekeurd"
"Zuurgraad","1398","pH","2004-01-08","7.0","1",,,,"goedgekeurd"
"natrium","1262","Na","2004-01-08","2700.0","mg/l",,,,"goedgekeurd"
"kalium","920","K","2004-01-08","228.0","mg/l",,,,"goedgekeurd"
"calcium","447","Ca","2004-01-08","469.0","mg/l",,,,"goedgekeurd"
"magnesium","1125","Mg","2004-01-08","589.0","mg/l",,,,"goedgekeurd"
"ijzer","879","Fe","2004-01-08","9970.0","ug/l",,,,"goedgekeurd"
"mangaan","1128","Mn","2004-01-08","600.0","ug/l",,,,"goedgekeurd"
,,,,,,,,,
