"BRO-ID","kwaliteitsregime","in registratie sinds","tijdstip veldonderzoek","pomptype","buis",,,,
"GAR000000056031","IMBRO/A","2025-04-10T19:04:39+02:00","1989-12-06T11:00:00+01:00","onbekend","2",,,,
,,,,,,,,,
"parameter","sikb-id","aquo-code","analysedatum","analysemeetwaarde","eenheid meerwaarde","rapportagegrens","eenheid rapportagegres","limietsymbool","status kwaliteitscontrole"
"zink","1693","Zn","1989-12-06","30.0","ug/l",,,,"goedgekeurd"
"lood","1116","Pb","1989-12-06","20.5","ug/l",,,,"goedgekeurd"
"Zuurgraad","1398","pH","1989-12-06","6.76","1",,,,"goedgekeurd"
"Geleidendheid","3548","GELDHD","1989-12-06","1062.0","mS/m",,,,"goedgekeurd"
"natrium","1262","Na","1989-12-06","1255.0","mg/l",,,,"goedgekeurd"
"kalium","920","K","1989-12-06","102.0","mg/l",,,,"goedgekeurd"
"calcium","447","Ca","1989-12-06","499.0","mg/l",,,,"goedgekeurd"
"magnesium","1125","Mg","1989-12-06","593.0","mg/l",,,,"goedgekeurd"
"ijzer","879","Fe","1989-12-06","17700.0","ug/l",,,,"goedgekeurd"
"mangaan","1128","Mn","1989-12-06","1140.0","ug/l",,,,"goedgekeurd"
"ammonium","289","NH4","1989-12-06","8.85","mg/l",,,,"goedgekeurd"
"chloride","508","Cl","1989-12-06","10420.0","mg/l",,,,"goedgekeurd"
"chroom","517","Cr","1989-12-06","0.7","ug/l",,,,"goedgekeurd"
"sulfaat","1508","SO4","1989-12-06","1339.0","mg/l",,,,"goedgekeurd"
"koper","971","Cu","1989-12-06","34.8","ug/l",,,,"goedgekeurd"
"cadmium","441","Cd","1989-12-06","0.68","ug/l",,,,"goedgekeurd"
"arseen","310","As","1989-12-06","0.44","ug/l",,,,"goedgekeurd"
"fosfaat","1334","PO4","1989-12-06","0.03","mg/l",,,,"goedgekeurd"
"nitraat","1270","NO3","1989-12-06","0.88","mg/l",,,,"goedgekeurd"
"waterstofcarbonaat","374","HCO3","1989-12-06","620.0","mg/l",,,,"goedgekeurd"
"kwik","1097","Hg","1989-12-06","0.05","ug/l",,,,"goedgekeurd"
,,,,,,,,,
