"BRO-ID","kwaliteitsregime","in registratie sinds","tijdstip veldonderzoek","pomptype","buis",,,,
"GAR000000055971","IMBRO/A","2025-04-10T18:59:36+02:00","1990-03-27T12:00:00+02:00","onbekend","1",,,,
,,,,,,,,,
"parameter","sikb-id","aquo-code","analysedatum","analysemeetwaarde","eenheid meerwaarde","rapportagegrens","eenheid rapportagegres","limietsymbool","status kwaliteitscontrole"
"magnesium","1125","Mg","1990-03-27","14.0","mg/l",,,,"goedgekeurd"
"chloride","508","Cl","1990-03-27","230.0","mg/l",,,,"goedgekeurd"
"sulfaat","1508","SO4","1990-03-27","75.0","mg/l",,,,"goedgekeurd"
"waterstofcarbonaat","374","HCO3","1990-03-27","521.0","mg/l",,,,"goedgekeurd"
"calcium","447","Ca","1990-03-27","210.0","mg/l",,,,"goedgekeurd"
"natrium","1262","Na","1990-03-27","103.0","mg/l",,,,"goedgekeurd"
"Geleidendheid","3548","GELDHD","1990-03-27","80.0","mS/m",,,,"goedgekeurd"
"kalium","920","K","1990-03-27","3.0","mg/l",,,,"goedgekeurd"
,,,,,,,,,
