"BRO-ID","kwaliteitsregime","in registratie sinds","tijdstip veldonderzoek","pomptype","buis",,,,
"GAR000000033808","IMBRO/A","2023-01-13T20:05:27+01:00","2020-05-14T13:00:00+02:00","onderwaterpomp","3",,,,
,,,,,,,,,
"parameter","sikb-id","aquo-code","analysemeetwaarde","eenheid meetwaarde","status kwaliteitscontrole",,,,
"zuurstof","1701","O2","0.1","mg/l","goedgekeurd",,,,
"Geleidendheid","3548","GELDHD","42.3","mS/m","goedgekeurd",,,,
"waterstofcarbonaat","374","HCO3","162.44","mg/l","goedgekeurd",,,,
"Temperatuur","1522","T","11.2","Cel","goedgekeurd",,,,
"Zuurgraad","1398","pH","7.73","1","goedgekeurd",,,,
,,,,,,,,,
"parameter","sikb-id","aquo-code","analysedatum","analysemeetwaarde","eenheid meerwaarde","rapportagegrens","eenheid rapportagegres","limietsymbool","status kwaliteitscontrole"
"kalium","920","K","2020-05-14","1.225","mg/l",,,,"goedgekeurd"
"magnesium","1125","Mg","2020-05-14","4.042","mg/l",,,,"goedgekeurd"
"mangaan","1128","Mn","2020-05-14","52.0","ug/l",,,,"goedgekeurd"
"ammonium","289","NH4","2020-05-14","0.168","mg/l",,,,"goedgekeurd"
"natrium","1262","Na","2020-05-14","19.332","mg/l",,,,"goedgekeurd"
"nikkel","1267","Ni","2020-05-14","0.5","ug/l",,,"<","goedgekeurd"
"lood","1116","Pb","2020-05-14","0.2","ug/l",,,"<","goedgekeurd"
"zink","1693","Zn","2020-05-14","6.071","ug/l",,,,"goedgekeurd"
"calcium","447","Ca","2020-05-14","72.838","mg/l",,,,"goedgekeurd"
"koolstof organisch","1318","Corg","2020-05-14","4.901","mg/l",,,,"goedgekeurd"
"nitraat","1270","NO3","2020-05-14","0.029","mg/l",,,"<","goedgekeurd"
"cadmium","441","Cd","2020-05-14","0.05","ug/l",,,"<","goedgekeurd"
"aluminium","284","Al","2020-05-14","10.0","ug/l",,,"<","goedgekeurd"
"arseen","310","As","2020-05-14","0.2","ug/l",,,"<","goedgekeurd"
"barium","333","Ba","2020-05-14","2.906","ug/l",,,,"goedgekeurd"
"chloride","508","Cl","2020-05-14","21.952","mg/l",,,,"goedgekeurd"
"chroom","517","Cr","2020-05-14","0.5","ug/l",,,"<","goedgekeurd"
"koper","971","Cu","2020-05-14","0.5","ug/l",,,"<","goedgekeurd"
"Geleidendheid","3548","GELDHD","2020-05-14","41.5","mS/m",,,,"goedgekeurd"
"Zuurgraad","1398","pH","2020-05-14","8.02","1",,,,"goedgekeurd"
"fosfor totaal","4188","Ptot","2020-05-14","0.056","mg/l",,,,"goedgekeurd"
"sulfaat","1508","SO4","2020-05-14","28.349","mg/l",,,,"goedgekeurd"
"strontium","1501","Sr","2020-05-14","250.362","ug/l",,,,"goedgekeurd"
"ijzer","879","Fe","2020-05-14","172.0","ug/l",,,,"goedgekeurd"
,,,,,,,,,
