"BRO-ID","kwaliteitsregime","in registratie sinds","tijdstip veldonderzoek","pomptype","buis",,,,
"GAR000000033750","IMBRO/A","2023-01-13T20:01:17+01:00","1990-04-05T13:00:00+02:00","onderwaterpomp","1",,,,
,,,,,,,,,
"parameter","sikb-id","aquo-code","analysedatum","analysemeetwaarde","eenheid meerwaarde","rapportagegrens","eenheid rapportagegres","limietsymbool","status kwaliteitscontrole"
"aluminium","284","Al","1990-04-05","18.83","ug/l",,,"<","goedgekeurd"
"arseen","310","As","1990-04-05","33.11","ug/l",,,,"goedgekeurd"
"barium","333","Ba","1990-04-05","3.89","ug/l",,,,"goedgekeurd"
"chloride","508","Cl","1990-04-05","28.51","mg/l",,,,"goedgekeurd"
"chroom","517","Cr","1990-04-05","0.52","ug/l",,,"<","goedgekeurd"
"koper","971","Cu","1990-04-05","0.63","ug/l",,,"<","goedgekeurd"
"Geleidendheid","3548","GELDHD","1990-04-05","60.45","mS/m",,,,"goedgekeurd"
"Zuurgraad","1398","pH","1990-04-05","7.51","1",,,,"goedgekeurd"
"waterstofcarbonaat","374","HCO3","1990-04-05","223.26","mg/l",,,,"goedgekeurd"
"fosfor totaal","4188","Ptot","1990-04-05","0.09","mg/l",,,,"goedgekeurd"
"sulfaat","1508","SO4","1990-04-05","80.92","mg/l",,,,"goedgekeurd"
"strontium","1501","Sr","1990-04-05","352.88","ug/l",,,,"goedgekeurd"
"ijzer","879","Fe","1990-04-05","1570.0","ug/l",,,,"goedgekeurd"
"kalium","920","K","1990-04-05","1.63","mg/l",,,,"goedgekeurd"
"magnesium","1125","Mg","1990-04-05","4.26","mg/l",,,,"goedgekeurd"
"mangaan","1128","Mn","1990-04-05","240.0","ug/l",,,,"goedgekeurd"
"ammonium","289","NH4","1990-04-05","0.43","mg/l",,,,"goedgekeurd"
"natrium","1262","Na","1990-04-05","20.29","mg/l",,,,"goedgekeurd"
"nikkel","1267","Ni","1990-04-05","0.59","ug/l",,,"<","goedgekeurd"
"lood","1116","Pb","1990-04-05","2.07","ug/l",,,"<","goedgekeurd"
"zink","1693","Zn","1990-04-05","6.54","ug/l",,,"<","goedgekeurd"
"calcium","447","Ca","1990-04-05","102.76","mg/l",,,,"goedgekeurd"
"koolstof organisch","1318","Corg","1990-04-05","9.49","mg/l",,,,"goedgekeurd"
"nitraat","1270","NO3","1990-04-05","0.28","mg/l",,,"<","goedgekeurd"
"cadmium","441","Cd","1990-04-05","0.11","ug/l",,,"<","goedgekeurd"
,,,,,,,,,
