"BRO-ID","kwaliteitsregime","in registratie sinds","tijdstip veldonderzoek","pomptype","buis",,,,
"GAR000000033836","IMBRO/A","2023-01-13T20:07:11+01:00","1992-04-27T13:00:00+02:00","onderwaterpomp","3",,,,
,,,,,,,,,
"parameter","sikb-id","aquo-code","analysedatum","analysemeetwaarde","eenheid meerwaarde","rapportagegrens","eenheid rapportagegres","limietsymbool","status kwaliteitscontrole"
"aluminium","284","Al","1992-04-27","13.49","ug/l",,,"<","goedgekeurd"
"arseen","310","As","1992-04-27","0.23","ug/l",,,,"goedgekeurd"
"barium","333","Ba","1992-04-27","1.51","ug/l",,,,"goedgekeurd"
"chloride","508","Cl","1992-04-27","36.02","mg/l",,,,"goedgekeurd"
"koper","971","Cu","1992-04-27","1.53","ug/l",,,,"goedgekeurd"
"Geleidendheid","3548","GELDHD","1992-04-27","48.81","mS/m",,,,"goedgekeurd"
"Zuurgraad","1398","pH","1992-04-27","7.66","1",,,,"goedgekeurd"
"waterstofcarbonaat","374","HCO3","1992-04-27","180.01","mg/l",,,,"goedgekeurd"
"sulfaat","1508","SO4","1992-04-27","34.49","mg/l",,,,"goedgekeurd"
"strontium","1501","Sr","1992-04-27","254.13","ug/l",,,,"goedgekeurd"
"ijzer","879","Fe","1992-04-27","520.0","ug/l",,,,"goedgekeurd"
"kalium","920","K","1992-04-27","1.09","mg/l",,,,"goedgekeurd"
"magnesium","1125","Mg","1992-04-27","3.43","mg/l",,,,"goedgekeurd"
"mangaan","1128","Mn","1992-04-27","70.0","ug/l",,,,"goedgekeurd"
"ammonium","289","NH4","1992-04-27","0.19","mg/l",,,,"goedgekeurd"
"natrium","1262","Na","1992-04-27","23.19","mg/l",,,,"goedgekeurd"
"nikkel","1267","Ni","1992-04-27","0.59","ug/l",,,"<","goedgekeurd"
"lood","1116","Pb","1992-04-27","0.44","ug/l",,,,"goedgekeurd"
"zink","1693","Zn","1992-04-27","6.54","ug/l",,,"<","goedgekeurd"
"calcium","447","Ca","1992-04-27","72.67","mg/l",,,,"goedgekeurd"
"koolstof organisch","1318","Corg","1992-04-27","4.74","mg/l",,,,"goedgekeurd"
"nitraat","1270","NO3","1992-04-27","0.08","mg/l",,,,"goedgekeurd"
"cadmium","441","Cd","1992-04-27","0.02","ug/l",,,"<","goedgekeurd"
,,,,,,,,,
