"BRO-ID","kwaliteitsregime","in registratie sinds","tijdstip veldonderzoek","pomptype","buis",,,,
"GAR000000036211","IMBRO/A","2023-01-13T22:37:22+01:00","2014-03-03T12:00:00+01:00","onderwaterpomp","1",,,,
,,,,,,,,,
"parameter","sikb-id","aquo-code","analysemeetwaarde","eenheid meetwaarde","status kwaliteitscontrole",,,,
"Temperatuur","1522","T","11.9","Cel","goedgekeurd",,,,
"Zuurgraad","1398","pH","7.99","1","goedgekeurd",,,,
"waterstofcarbonaat","374","HCO3","199.0","mg/l","goedgekeurd",,,,
"Geleidendheid","3548","GELDHD","37.0","mS/m","goedgekeurd",,,,
"zuurstof","1701","O2","0.02","mg/l","goedgekeurd",,,,
,,,,,,,,,
"parameter","sikb-id","aquo-code","analysedatum","analysemeetwaarde","eenheid meerwaarde","rapportagegrens","eenheid rapportagegres","limietsymbool","status kwaliteitscontrole"
"aluminium","284","Al","2014-03-03","10.0","ug/l",,,"<","goedgekeurd"
"arseen","310","As","2014-03-03","16.0","ug/l",,,,"goedgekeurd"
"barium","333","Ba","2014-03-03","3.0","ug/l",,,,"goedgekeurd"
"chloride","508","Cl","2014-03-03","24.41","mg/l",,,,"goedgekeurd"
"chroom","517","Cr","2014-03-03","0.5","ug/l",,,"<","goedgekeurd"
"koper","971","Cu","2014-03-03","0.5","ug/l",,,"<","goedgekeurd"
"Geleidendheid","3548","GELDHD","2014-03-03","43.0","mS/m",,,,"goedgekeurd"
"Zuurgraad","1398","pH","2014-03-03","7.3","1",,,,"goedgekeurd"
"fosfor totaal","4188","Ptot","2014-03-03","0.06","mg/l",,,,"goedgekeurd"
"sulfaat","1508","SO4","2014-03-03","16.39","mg/l",,,,"goedgekeurd"
"strontium","1501","Sr","2014-03-03","227.0","ug/l",,,,"goedgekeurd"
"ijzer","879","Fe","2014-03-03","150.0","ug/l",,,,"goedgekeurd"
"kalium","920","K","2014-03-03","2.6","mg/l",,,,"goedgekeurd"
"magnesium","1125","Mg","2014-03-03","3.76","mg/l",,,,"goedgekeurd"
"mangaan","1128","Mn","2014-03-03","75.0","ug/l",,,,"goedgekeurd"
"ammonium","289","NH4","2014-03-03","0.147","mg/l",,,,"goedgekeurd"
"natrium","1262","Na","2014-03-03","13.5","mg/l",,,,"goedgekeurd"
"nikkel","1267","Ni","2014-03-03","1.3","ug/l",,,,"goedgekeurd"
"lood","1116","Pb","2014-03-03","0.2","ug/l",,,"<","goedgekeurd"
"zink","1693","Zn","2014-03-03","4.0","ug/l",,,"<","goedgekeurd"
"calcium","447","Ca","2014-03-03","65.52","mg/l",,,,"goedgekeurd"
"koolstof organisch","1318","Corg","2014-03-03","9.3","mg/l",,,,"goedgekeurd"
"nitraat","1270","NO3","2014-03-03","0.07","mg/l",,,"<","goedgekeurd"
"cadmium","441","Cd","2014-03-03","0.05","ug/l",,,"<","goedgekeurd"
"antimoon","301","Sb","2014-03-03","0.13","ug/l",,,,"goedgekeurd"
"kobalt","527","Co","2014-03-03","0.34","ug/l",,,,"goedgekeurd"
"molybdeen","1243","Mo","2014-03-03","0.53","ug/l",,,,"goedgekeurd"
,,,,,,,,,
