"BRO-ID","kwaliteitsregime","in registratie sinds","tijdstip veldonderzoek","pomptype","buis",,,,
"GAR000000061122","IMBRO/A","2025-04-11T02:51:07+02:00","1985-05-13T12:00:00+02:00","onbekend","1",,,,
,,,,,,,,,
"parameter","sikb-id","aquo-code","analysedatum","analysemeetwaarde","eenheid meerwaarde","rapportagegrens","eenheid rapportagegres","limietsymbool","status kwaliteitscontrole"
"aluminium","284","Al","1985-05-13","8.0","ug/l",,,"<","goedgekeurd"
"cadmium","441","Cd","1985-05-13","0.1","ug/l",,,"<","goedgekeurd"
,,,,,,,,,
