"BRO-ID","kwaliteitsregime","in registratie sinds","tijdstip veldonderzoek","pomptype","buis",,,,
"GAR000000061671","IMBRO/A","2025-04-11T03:43:45+02:00","1928-12-14T10:00:00Z","onbekend","1",,,,
,,,,,,,,,
"parameter","sikb-id","aquo-code","analysedatum","analysemeetwaarde","eenheid meerwaarde","rapportagegrens","eenheid rapportagegres","limietsymbool","status kwaliteitscontrole"
"chloride","508","Cl","1928-12-14","12580.0","mg/l","12580.0","mg/l",,"goedgekeurd"
"natrium","1262","Na","1928-12-14","5665.0","mg/l","5665.0","mg/l",,"goedgekeurd"
"waterstofcarbonaat","374","HCO3","1928-12-14","265.0","mg/l","265.0","mg/l",,"goedgekeurd"
,,,,,,,,,
