"BRO-ID","kwaliteitsregime","in registratie sinds","tijdstip veldonderzoek","pomptype","buis",,,,
"GAR000000063695","IMBRO/A","2025-04-11T11:27:42+02:00","1990-04-23T12:00:00+02:00","onbekend","2",,,,
,,,,,,,,,
"parameter","sikb-id","aquo-code","analysemeetwaarde","eenheid meetwaarde","status kwaliteitscontrole",,,,
"Zuurgraad","1398","pH","7.93","1","goedgekeurd",,,,
,,,,,,,,,
"parameter","sikb-id","aquo-code","analysedatum","analysemeetwaarde","eenheid meerwaarde","rapportagegrens","eenheid rapportagegres","limietsymbool","status kwaliteitscontrole"
"Zuurgraad","1398","pH","1990-04-23","7.94","1",,,,"goedgekeurd"
"Geleidendheid","3548","GELDHD","1990-04-23","380.0","mS/m",,,,"goedgekeurd"
"natrium","1262","Na","1990-04-23","530.0","mg/l",,,,"goedgekeurd"
"kalium","920","K","1990-04-23","28.0","mg/l",,,,"goedgekeurd"
"calcium","447","Ca","1990-04-23","12.0","mg/l",,,,"goedgekeurd"
"magnesium","1125","Mg","1990-04-23","27.0","mg/l",,,,"goedgekeurd"
"ijzer","879","Fe","1990-04-23","2660.0","ug/l",,,,"goedgekeurd"
"mangaan","1128","Mn","1990-04-23","340.0","ug/l",,,,"goedgekeurd"
"waterstofcarbonaat","374","HCO3","1990-04-23","1110.0","mg/l",,,,"goedgekeurd"
"fosfaat","1334","PO4","1990-04-23","14.0","mg/l",,,,"goedgekeurd"
"chloride","508","Cl","1990-04-23","905.0","mg/l",,,,"goedgekeurd"
,,,,,,,,,
