"BRO-ID","kwaliteitsregime","in registratie sinds","tijdstip veldonderzoek","pomptype","buis",,,,
"GAR000000062227","IMBRO/A","2025-04-11T09:10:43+02:00","1997-11-11T11:00:00+01:00","onbekend","2",,,,
,,,,,,,,,
"parameter","sikb-id","aquo-code","analysemeetwaarde","eenheid meetwaarde","status kwaliteitscontrole",,,,
"Temperatuur","1522","T","10.2","Cel","goedgekeurd",,,,
,,,,,,,,,
"parameter","sikb-id","aquo-code","analysedatum","analysemeetwaarde","eenheid meerwaarde","rapportagegrens","eenheid rapportagegres","limietsymbool","status kwaliteitscontrole"
"waterstofcarbonaat","374","HCO3","1997-11-11","450.0","mg/l",,,,"goedgekeurd"
"sulfaat","1508","SO4","1997-11-11","1800.0","mg/l",,,,"goedgekeurd"
"chloride","508","Cl","1997-11-11","15300.0","mg/l",,,,"goedgekeurd"
"mangaan","1128","Mn","1997-11-11","1100.0","ug/l",,,,"goedgekeurd"
"ijzer","879","Fe","1997-11-11","8100.0","ug/l",,,,"goedgekeurd"
"magnesium","1125","Mg","1997-11-11","1090.0","mg/l",,,,"goedgekeurd"
"calcium","447","Ca","1997-11-11","450.0","mg/l",,,,"goedgekeurd"
"kalium","920","K","1997-11-11","260.0","mg/l",,,,"goedgekeurd"
"natrium","1262","Na","1997-11-11","8870.0","mg/l",,,,"goedgekeurd"
"Zuurgraad","1398","pH","1997-11-11","7.1","1",,,,"goedgekeurd"
"nitraat","1270","NO3","1997-11-11","2.0","mg/l",,,"<","goedgekeurd"
"ammonium","289","NH4","1997-11-11","5.13","mg/l",,,,"goedgekeurd"
"aluminium","284","Al","1997-11-11","5.0","ug/l",,,"<","goedgekeurd"
"koper","971","Cu","1997-11-11","2.5","ug/l",,,"<","goedgekeurd"
"chroom","517","Cr","1997-11-11","2.5","ug/l",,,"<","goedgekeurd"
"arseen","310","As","1997-11-11","5.0","ug/l",,,"<","goedgekeurd"
"nikkel","1267","Ni","1997-11-11","5.0","ug/l",,,"<","goedgekeurd"
"lood","1116","Pb","1997-11-11","5.0","ug/l",,,"<","goedgekeurd"
"zink","1693","Zn","1997-11-11","10.0","ug/l",,,,"goedgekeurd"
"stikstof Kjeldahl","4064","NKj","1997-11-11","6.4","mg/l",,,,"goedgekeurd"
"cadmium","441","Cd","1997-11-11","0.5","ug/l",,,"<","goedgekeurd"
"fosfor totaal","4188","Ptot","1997-11-11","1.3","mg/l",,,,"goedgekeurd"
"Geleidendheid","3548","GELDHD","1997-11-11","4330.0","mS/m",,,,"goedgekeurd"
"fosfaat","1334","PO4","1997-11-11","0.26","mg/l",,,,"goedgekeurd"
,,,,,,,,,
