"BRO-ID","kwaliteitsregime","in registratie sinds","tijdstip veldonderzoek","pomptype","buis",,,,
"GAR000000035985","IMBRO/A","2023-01-13T22:21:55+01:00","1985-05-14T13:00:00+02:00","onderwaterpomp","1",,,,
,,,,,,,,,
"parameter","sikb-id","aquo-code","analysedatum","analysemeetwaarde","eenheid meerwaarde","rapportagegrens","eenheid rapportagegres","limietsymbool","status kwaliteitscontrole"
"chloride","508","Cl","1985-05-14","2420.0","mg/l",,,,"goedgekeurd"
"Geleidendheid","3548","GELDHD","1985-05-14","853.11","mS/m",,,,"goedgekeurd"
"Zuurgraad","1398","pH","1985-05-14","7.59","1",,,,"goedgekeurd"
"waterstofcarbonaat","374","HCO3","1985-05-14","474.0","mg/l",,,,"goedgekeurd"
"fosfor totaal","4188","Ptot","1985-05-14","2.08","mg/l",,,,"goedgekeurd"
"sulfaat","1508","SO4","1985-05-14","347.0","mg/l",,,,"goedgekeurd"
"kalium","920","K","1985-05-14","59.8","mg/l",,,,"goedgekeurd"
"magnesium","1125","Mg","1985-05-14","216.0","mg/l",,,,"goedgekeurd"
"ammonium","289","NH4","1985-05-14","18.5","mg/l",,,,"goedgekeurd"
"natrium","1262","Na","1985-05-14","1150.0","mg/l",,,,"goedgekeurd"
"calcium","447","Ca","1985-05-14","228.0","mg/l",,,,"goedgekeurd"
"koolstof organisch","1318","Corg","1985-05-14","4.0","mg/l",,,,"goedgekeurd"
"nitraat","1270","NO3","1985-05-14","0.3","mg/l",,,"<","goedgekeurd"
,,,,,,,,,
