"BRO-ID","kwaliteitsregime","in registratie sinds","tijdstip veldonderzoek","pomptype","buis",,,,
"GAR000000036009","IMBRO/A","2023-01-13T22:23:29+01:00","2006-05-22T13:00:00+02:00","onderwaterpomp","1",,,,
,,,,,,,,,
"parameter","sikb-id","aquo-code","analysemeetwaarde","eenheid meetwaarde","status kwaliteitscontrole",,,,
"waterstofcarbonaat","374","HCO3","408.0","mg/l","goedgekeurd",,,,
"Temperatuur","1522","T","13.0","Cel","goedgekeurd",,,,
"Zuurgraad","1398","pH","7.7","1","goedgekeurd",,,,
"zuurstof","1701","O2","0.25","mg/l","goedgekeurd",,,,
"Geleidendheid","3548","GELDHD","681.0","mS/m","goedgekeurd",,,,
,,,,,,,,,
"parameter","sikb-id","aquo-code","analysedatum","analysemeetwaarde","eenheid meerwaarde","rapportagegrens","eenheid rapportagegres","limietsymbool","status kwaliteitscontrole"
"aluminium","284","Al","2006-05-22","10.671","ug/l",,,,"goedgekeurd"
"arseen","310","As","2006-05-22","3.321","ug/l",,,,"goedgekeurd"
"barium","333","Ba","2006-05-22","64.148","ug/l",,,,"goedgekeurd"
"chloride","508","Cl","2006-05-22","1895.46","mg/l",,,,"goedgekeurd"
"chroom","517","Cr","2006-05-22","0.405","ug/l",,,"<","goedgekeurd"
"koper","971","Cu","2006-05-22","0.591","ug/l",,,,"goedgekeurd"
"Geleidendheid","3548","GELDHD","2006-05-22","683.0","mS/m",,,,"goedgekeurd"
"Zuurgraad","1398","pH","2006-05-22","7.4","1",,,,"goedgekeurd"
"waterstofcarbonaat","374","HCO3","2006-05-22","397.0","mg/l",,,,"goedgekeurd"
"fosfor totaal","4188","Ptot","2006-05-22","0.79","mg/l",,,,"goedgekeurd"
"sulfaat","1508","SO4","2006-05-22","290.26","mg/l",,,,"goedgekeurd"
"strontium","1501","Sr","2006-05-22","974.146","ug/l",,,,"goedgekeurd"
"ijzer","879","Fe","2006-05-22","1882.0","ug/l",,,,"goedgekeurd"
"kalium","920","K","2006-05-22","56.779","mg/l",,,,"goedgekeurd"
"magnesium","1125","Mg","2006-05-22","111.235","mg/l",,,,"goedgekeurd"
"mangaan","1128","Mn","2006-05-22","111.3","ug/l",,,,"goedgekeurd"
"ammonium","289","NH4","2006-05-22","1.865","mg/l",,,,"goedgekeurd"
"natrium","1262","Na","2006-05-22","1245.78","mg/l",,,,"goedgekeurd"
"nikkel","1267","Ni","2006-05-22","1.674","ug/l",,,,"goedgekeurd"
"lood","1116","Pb","2006-05-22","0.098","ug/l",,,,"goedgekeurd"
"zink","1693","Zn","2006-05-22","3.514","ug/l",,,,"goedgekeurd"
"calcium","447","Ca","2006-05-22","153.537","mg/l",,,,"goedgekeurd"
"koolstof organisch","1318","Corg","2006-05-22","4.701","mg/l",,,,"goedgekeurd"
"nitraat","1270","NO3","2006-05-22","0.014","mg/l",,,"<","goedgekeurd"
"cadmium","441","Cd","2006-05-22","0.01","ug/l",,,"<","goedgekeurd"
,,,,,,,,,
