"BRO-ID","kwaliteitsregime","in registratie sinds","tijdstip veldonderzoek","pomptype","buis",,,,
"GAR000000036062","IMBRO/A","2023-01-13T22:26:09+01:00","1991-04-22T13:00:00+02:00","onderwaterpomp","3",,,,
,,,,,,,,,
"parameter","sikb-id","aquo-code","analysedatum","analysemeetwaarde","eenheid meerwaarde","rapportagegrens","eenheid rapportagegres","limietsymbool","status kwaliteitscontrole"
"aluminium","284","Al","1991-04-22","81.02","ug/l",,,,"goedgekeurd"
"arseen","310","As","1991-04-22","29.89","ug/l",,,,"goedgekeurd"
"barium","333","Ba","1991-04-22","59.3","ug/l",,,,"goedgekeurd"
"chloride","508","Cl","1991-04-22","2140.55","mg/l",,,,"goedgekeurd"
"chroom","517","Cr","1991-04-22","0.52","ug/l",,,"<","goedgekeurd"
"koper","971","Cu","1991-04-22","0.63","ug/l",,,"<","goedgekeurd"
"Geleidendheid","3548","GELDHD","1991-04-22","757.06","mS/m",,,,"goedgekeurd"
"Zuurgraad","1398","pH","1991-04-22","7.42","1",,,,"goedgekeurd"
"waterstofcarbonaat","374","HCO3","1991-04-22","436.76","mg/l",,,,"goedgekeurd"
"fosfor totaal","4188","Ptot","1991-04-22","2.14","mg/l",,,,"goedgekeurd"
"sulfaat","1508","SO4","1991-04-22","302.06","mg/l",,,,"goedgekeurd"
"strontium","1501","Sr","1991-04-22","1589.28","ug/l",,,,"goedgekeurd"
"ijzer","879","Fe","1991-04-22","3210.0","ug/l",,,,"goedgekeurd"
"kalium","920","K","1991-04-22","56.06","mg/l",,,,"goedgekeurd"
"magnesium","1125","Mg","1991-04-22","160.62","mg/l",,,,"goedgekeurd"
"mangaan","1128","Mn","1991-04-22","510.0","ug/l",,,,"goedgekeurd"
"ammonium","289","NH4","1991-04-22","14.0","mg/l",,,,"goedgekeurd"
"natrium","1262","Na","1991-04-22","1087.28","mg/l",,,,"goedgekeurd"
"nikkel","1267","Ni","1991-04-22","2.0","ug/l",,,,"goedgekeurd"
"lood","1116","Pb","1991-04-22","2.07","ug/l",,,"<","goedgekeurd"
"zink","1693","Zn","1991-04-22","6.54","ug/l",,,"<","goedgekeurd"
"calcium","447","Ca","1991-04-22","233.8","mg/l",,,,"goedgekeurd"
"koolstof organisch","1318","Corg","1991-04-22","4.38","mg/l",,,,"goedgekeurd"
"nitraat","1270","NO3","1991-04-22","0.03","mg/l",,,"<","goedgekeurd"
"cadmium","441","Cd","1991-04-22","1.05","ug/l",,,,"goedgekeurd"
,,,,,,,,,
