"BRO-ID","kwaliteitsregime","in registratie sinds","tijdstip veldonderzoek","pomptype","buis",,,,
"GAR000000036033","IMBRO/A","2023-01-13T22:24:39+01:00","1984-03-27T13:00:00+02:00","onderwaterpomp","3",,,,
,,,,,,,,,
"parameter","sikb-id","aquo-code","analysedatum","analysemeetwaarde","eenheid meerwaarde","rapportagegrens","eenheid rapportagegres","limietsymbool","status kwaliteitscontrole"
"chloride","508","Cl","1984-03-27","1750.0","mg/l",,,,"goedgekeurd"
"Geleidendheid","3548","GELDHD","1984-03-27","615.82","mS/m",,,,"goedgekeurd"
"Zuurgraad","1398","pH","1984-03-27","7.69","1",,,,"goedgekeurd"
"waterstofcarbonaat","374","HCO3","1984-03-27","428.0","mg/l",,,,"goedgekeurd"
"fosfor totaal","4188","Ptot","1984-03-27","3.0","mg/l",,,,"goedgekeurd"
"sulfaat","1508","SO4","1984-03-27","300.0","mg/l",,,,"goedgekeurd"
"kalium","920","K","1984-03-27","51.0","mg/l",,,,"goedgekeurd"
"magnesium","1125","Mg","1984-03-27","128.0","mg/l",,,,"goedgekeurd"
"ammonium","289","NH4","1984-03-27","14.2","mg/l",,,,"goedgekeurd"
"natrium","1262","Na","1984-03-27","940.0","mg/l",,,,"goedgekeurd"
"siliciumdioxide","4656","SiO2","1984-03-27","13.6","mg/l",,,,"goedgekeurd"
"koolstof organisch","1318","Corg","1984-03-27","6.0","mg/l",,,,"goedgekeurd"
"calcium","447","Ca","1984-03-27","160.0","mg/l",,,,"goedgekeurd"
"nitraat","1270","NO3","1984-03-27","0.1","mg/l",,,"<","goedgekeurd"
"fosfaat","1334","PO4","1984-03-27","1.7","mg/l",,,,"goedgekeurd"
,,,,,,,,,
