"BRO-ID","kwaliteitsregime","in registratie sinds","tijdstip veldonderzoek","pomptype","buis",,,,
"GAR000000061515","IMBRO/A","2025-04-11T03:31:53+02:00","1992-01-07T11:00:00+01:00","onbekend","1",,,,
,,,,,,,,,
"parameter","sikb-id","aquo-code","analysedatum","analysemeetwaarde","eenheid meerwaarde","rapportagegrens","eenheid rapportagegres","limietsymbool","status kwaliteitscontrole"
"ammonium","289","NH4","1992-01-07","1.61","mg/l",,,,"goedgekeurd"
"fosfaat","1334","PO4","1992-01-07","3.99","mg/l",,,,"goedgekeurd"
"fosfor totaal","4188","Ptot","1992-01-07","4.91","mg/l",,,,"goedgekeurd"
"nitraat","1270","NO3","1992-01-07","5.31","mg/l",,,"<","goedgekeurd"
"waterstofcarbonaat","374","HCO3","1992-01-07","360.0","mg/l",,,,"goedgekeurd"
"chloride","508","Cl","1992-01-07","12300.0","mg/l",,,,"goedgekeurd"
"mangaan","1128","Mn","1992-01-07","400.0","ug/l",,,,"goedgekeurd"
"ijzer","879","Fe","1992-01-07","6900.0","ug/l",,,,"goedgekeurd"
"magnesium","1125","Mg","1992-01-07","860.0","mg/l",,,,"goedgekeurd"
"calcium","447","Ca","1992-01-07","130.0","mg/l",,,,"onbeslist"
"kalium","920","K","1992-01-07","185.0","mg/l",,,,"goedgekeurd"
"natrium","1262","Na","1992-01-07","6100.0","mg/l",,,,"goedgekeurd"
"Zuurgraad","1398","pH","1992-01-07","7.4","1",,,,"goedgekeurd"
"Geleidendheid","3548","GELDHD","1992-01-07","2655.0","mS/m",,,,"goedgekeurd"
"sulfaat","1508","SO4","1992-01-07","1660.0","mg/l",,,,"goedgekeurd"
,,,,,,,,,
