"BRO-ID","kwaliteitsregime","in registratie sinds","tijdstip veldonderzoek","pomptype","buis",,,,
"GAR000000061306","IMBRO/A","2025-04-11T03:10:02+02:00","2000-12-12T11:00:00+01:00","onbekend","1",,,,
,,,,,,,,,
"parameter","sikb-id","aquo-code","analysemeetwaarde","eenheid meetwaarde","status kwaliteitscontrole",,,,
"Temperatuur","1522","T","12.5","Cel","goedgekeurd",,,,
,,,,,,,,,
"parameter","sikb-id","aquo-code","analysedatum","analysemeetwaarde","eenheid meerwaarde","rapportagegrens","eenheid rapportagegres","limietsymbool","status kwaliteitscontrole"
"ammonium","289","NH4","2000-12-12","1.8","mg/l",,,,"goedgekeurd"
"mangaan","1128","Mn","2000-12-12","370.0","ug/l",,,,"goedgekeurd"
"ijzer","879","Fe","2000-12-12","4100.0","ug/l",,,,"goedgekeurd"
"magnesium","1125","Mg","2000-12-12","659.0","mg/l",,,,"goedgekeurd"
"calcium","447","Ca","2000-12-12","304.0","mg/l",,,,"goedgekeurd"
"kalium","920","K","2000-12-12","262.0","mg/l",,,,"goedgekeurd"
"natrium","1262","Na","2000-12-12","5870.0","mg/l",,,,"goedgekeurd"
"Zuurgraad","1398","pH","2000-12-12","7.4","1",,,,"goedgekeurd"
"waterstofcarbonaat","374","HCO3","2000-12-12","330.0","mg/l",,,,"goedgekeurd"
"chloride","508","Cl","2000-12-12","11000.0","mg/l",,,,"goedgekeurd"
"sulfaat","1508","SO4","2000-12-12","2000.0","mg/l",,,,"goedgekeurd"
"stikstof Kjeldahl","4064","NKj","2000-12-12","4.0","mg/l",,,,"goedgekeurd"
"zink","1693","Zn","2000-12-12","10.0","ug/l",,,"<","goedgekeurd"
"lood","1116","Pb","2000-12-12","5.0","ug/l",,,"<","goedgekeurd"
"nikkel","1267","Ni","2000-12-12","5.0","ug/l",,,"<","goedgekeurd"
"koper","971","Cu","2000-12-12","2.5","ug/l",,,"<","goedgekeurd"
"chroom","517","Cr","2000-12-12","2.5","ug/l",,,"<","goedgekeurd"
"cadmium","441","Cd","2000-12-12","0.4","ug/l",,,"<","goedgekeurd"
"arseen","310","As","2000-12-12","2.5","ug/l",,,"<","goedgekeurd"
"aluminium","284","Al","2000-12-12","5.0","ug/l",,,"<","goedgekeurd"
"nitraat","1270","NO3","2000-12-12","0.5","mg/l",,,"<","goedgekeurd"
"fosfor totaal","4188","Ptot","2000-12-12","1.7","mg/l",,,,"goedgekeurd"
"Geleidendheid","3548","GELDHD","2000-12-12","3200.0","mS/m",,,,"goedgekeurd"
"fosfaat","1334","PO4","2000-12-12","1.3","mg/l",,,,"goedgekeurd"
,,,,,,,,,
