Well_ID,BRO-ID,Filter,Date,Nitrate,Chloride,Oxygen,Temperature,Acidity,geometry
GMW000000015174,GAR000000005516,1,1996-11-22T11:00:00+01:00,,,,12.1,,POINT (5.089553436 52.302746643)
GMW000000015174,GAR000000012883,1,1996-09-18T12:00:00+02:00,0.03,347.0,,13.5,7.3,POINT (5.089553436 52.302746643)
GMW000000015174,GAR000000012884,1,1999-01-26T11:00:00+01:00,0.03,32.0,,9.3,7.9,POINT (5.089553436 52.302746643)
GMW000000015174,GAR000000012885,1,2001-11-26T11:00:00+01:00,0.04,550.0,,11.7,7.6,POINT (5.089553436 52.302746643)
GMW000000015174,GAR000000012886,1,2002-11-20T11:00:00+01:00,0.04,290.0,,,7.7,POINT (5.089553436 52.302746643)
GMW000000015174,GAR000000012887,1,2003-11-24T11:00:00+01:00,0.04,210.0,,,7.6,POINT (5.089553436 52.302746643)
GMW000000015174,GAR000000012888,1,2004-11-11T11:00:00+01:00,0.04,250.0,,10.1,7.3,POINT (5.089553436 52.302746643)
GMW000000015174,GAR000000012889,1,2018-10-19T12:00:00+02:00,0.05,110.0,0.01,13.6,7.3,POINT (5.089553436 52.302746643)
GMW000000015174,GAR000000012890,2,1999-01-26T11:00:00+01:00,0.03,4000.0,,10.7,7.2,POINT (5.089553436 52.302746643)
GMW000000015174,GAR000000012891,2,2018-10-19T12:00:00+02:00,0.05,140.0,0.01,13.6,7.2,POINT (5.089553436 52.302746643)
GMW000000015188,GAR000000012579,1,2005-02-03T11:00:00+01:00,1.12,24.0,,10.3,6.0,POINT (5.177463174 52.249691921)
GMW000000015188,GAR000000012580,1,2006-04-20T12:00:00+02:00,1.0,30.0,,11.2,6.4,POINT (5.177463174 52.249691921)
GMW000000015188,GAR000000012581,1,2009-07-09T12:00:00+02:00,0.06,19.0,7.55,10.8,5.5,POINT (5.177463174 52.249691921)
GMW000000015188,GAR000000012582,1,2011-01-26T11:00:00+01:00,0.2,29.28,8.63,10.1,5.9,POINT (5.177463174 52.249691921)
GMW000000015188,GAR000000012583,1,2012-07-24T12:00:00+02:00,0.44,39.79,7.43,11.0,6.38,POINT (5.177463174 52.249691921)
GMW000000015188,GAR000000012584,1,2016-01-29T11:00:00+01:00,0.05,33.0,8.73,11.5,6.5,POINT (5.177463174 52.249691921)
GMW000000015188,GAR000000012585,1,2018-11-21T11:00:00+01:00,1.1,27.0,9.73,8.2,5.8,POINT (5.177463174 52.249691921)
GMW000000015188,GAR000000012586,2,2005-02-03T11:00:00+01:00,0.18,16.0,,10.1,8.2,POINT (5.177463174 52.249691921)
GMW000000015188,GAR000000012587,2,2009-07-09T12:00:00+02:00,0.12,9.3,6.8,10.8,7.6,POINT (5.177463174 52.249691921)
GMW000000015188,GAR000000012588,2,2011-01-26T11:00:00+01:00,0.2,8.81,10.86,10.1,7.44,POINT (5.177463174 52.249691921)
GMW000000015188,GAR000000012589,2,2012-07-24T12:00:00+02:00,0.17,10.39,9.04,11.1,7.5,POINT (5.177463174 52.249691921)
GMW000000015188,GAR000000012590,2,2016-01-29T11:00:00+01:00,0.05,12.0,8.75,11.1,6.5,POINT (5.177463174 52.249691921)
GMW000000015188,GAR000000012591,2,2018-11-21T11:00:00+01:00,0.21,11.0,10.6,10.3,7.2,POINT (5.177463174 52.249691921)
GMW000000015188,GAR000000051579,1,2021-06-28T12:00:00+02:00,3.74,14.04,,20.1,5.91,POINT (5.177463174 52.249691921)
GMW000000015299,GAR000000005517,1,1996-11-22T11:00:00+01:00,,,,10.7,,POINT (5.139769485 52.25246812)
GMW000000015299,GAR000000005518,2,1996-11-22T11:00:00+01:00,,,,10.0,,POINT (5.139769485 52.25246812)
GMW000000015299,GAR000000005519,3,1996-11-22T11:00:00+01:00,,,,10.0,,POINT (5.139769485 52.25246812)
GMW000000015299,GAR000000012449,1,1996-09-18T12:00:00+02:00,12.02,63.0,,10.5,4.63,POINT (5.139769485 52.25246812)
GMW000000015299,GAR000000012450,1,1999-01-25T11:00:00+01:00,10.7,52.0,,9.8,4.5,POINT (5.139769485 52.25246812)
GMW000000015299,GAR000000012451,1,2001-11-15T11:00:00+01:00,1.42,15.0,,11.2,5.3,POINT (5.139769485 52.25246812)
GMW000000015299,GAR000000012452,1,2002-11-19T11:00:00+01:00,2.7,19.0,,,5.2,POINT (5.139769485 52.25246812)
GMW000000015299,GAR000000012453,1,2003-11-27T11:00:00+01:00,1.71,22.0,,,6.0,POINT (5.139769485 52.25246812)
GMW000000015299,GAR000000012454,1,2004-11-11T11:00:00+01:00,7.67,20.0,,10.1,5.9,POINT (5.139769485 52.25246812)
GMW000000015299,GAR000000012455,1,2006-04-06T12:00:00+02:00,6.7,12.0,,7.5,5.6,POINT (5.139769485 52.25246812)
GMW000000015299,GAR000000012456,1,2009-06-22T12:00:00+02:00,1.6,13.0,0.23,10.0,6.2,POINT (5.139769485 52.25246812)
GMW000000015299,GAR000000012457,1,2018-10-31T11:00:00+01:00,1.7,12.0,0.12,11.4,5.6,POINT (5.139769485 52.25246812)
GMW000000015299,GAR000000012458,2,1996-09-18T12:00:00+02:00,3.47,71.0,,9.6,4.03,POINT (5.139769485 52.25246812)
GMW000000015299,GAR000000012459,2,1999-01-25T11:00:00+01:00,5.4,44.0,,10.1,4.4,POINT (5.139769485 52.25246812)
GMW000000015299,GAR000000012460,2,2003-11-27T11:00:00+01:00,1.37,36.0,,,4.7,POINT (5.139769485 52.25246812)
GMW000000015299,GAR000000012461,2,2004-11-11T11:00:00+01:00,1.55,29.0,,10.1,5.1,POINT (5.139769485 52.25246812)
GMW000000015299,GAR000000012462,2,2009-06-22T12:00:00+02:00,2.0,16.0,0.19,10.3,4.4,POINT (5.139769485 52.25246812)
GMW000000015299,GAR000000012463,2,2018-10-31T11:00:00+01:00,1.2,21.0,0.34,10.9,5.0,POINT (5.139769485 52.25246812)
GMW000000015299,GAR000000012464,3,1999-01-25T11:00:00+01:00,1.83,43.0,,9.7,7.0,POINT (5.139769485 52.25246812)
GMW000000015299,GAR000000012465,3,2009-06-22T12:00:00+02:00,8.0,21.0,0.49,10.1,6.6,POINT (5.139769485 52.25246812)
GMW000000015299,GAR000000012466,3,2018-10-31T11:00:00+01:00,1.2,14.0,0.01,11.6,6.9,POINT (5.139769485 52.25246812)
GMW000000015299,GAR000000012467,4,1996-09-18T12:00:00+02:00,0.03,15.0,,9.6,8.15,POINT (5.139769485 52.25246812)
GMW000000015299,GAR000000012468,4,1999-01-25T11:00:00+01:00,0.03,28.0,,9.8,7.9,POINT (5.139769485 52.25246812)
GMW000000015299,GAR000000012469,4,2006-04-06T12:00:00+02:00,0.2,21.0,,7.3,8.6,POINT (5.139769485 52.25246812)
GMW000000015299,GAR000000012470,4,2009-06-22T12:00:00+02:00,0.05,18.0,0.12,10.2,6.9,POINT (5.139769485 52.25246812)
GMW000000015299,GAR000000012471,4,2018-11-01T11:00:00+01:00,0.05,25.0,0.05,17.4,7.9,POINT (5.139769485 52.25246812)
GMW000000015299,GAR000000012948,3,1996-09-18T12:00:00+02:00,0.03,39.0,,9.5,6.6,POINT (5.139769485 52.25246812)
GMW000000015300,GAR000000012892,1,1991-11-21T11:00:00+01:00,0.3,9.0,,,8.04,POINT (5.210919951 52.2839808)
GMW000000015300,GAR000000012893,1,1992-03-18T11:00:00+01:00,1.2,20.0,,9.9,7.58,POINT (5.210919951 52.2839808)
GMW000000015300,GAR000000012894,1,1993-12-16T11:00:00+01:00,0.85,16.0,,10.5,7.44,POINT (5.210919951 52.2839808)
GMW000000015300,GAR000000012895,1,1994-10-05T11:00:00+01:00,1.95,12.0,,10.0,7.32,POINT (5.210919951 52.2839808)
GMW000000015300,GAR000000012896,1,1995-10-19T11:00:00+01:00,0.91,11.0,,9.7,6.35,POINT (5.210919951 52.2839808)
GMW000000015300,GAR000000012897,1,1996-12-11T11:00:00+01:00,1.02,20.5,,8.7,7.33,POINT (5.210919951 52.2839808)
GMW000000015300,GAR000000012898,1,1999-01-25T11:00:00+01:00,0.35,14.0,,10.7,7.5,POINT (5.210919951 52.2839808)
GMW000000015300,GAR000000012899,1,2001-11-15T11:00:00+01:00,0.41,16.0,,7.7,7.3,POINT (5.210919951 52.2839808)
GMW000000015300,GAR000000012900,1,2002-11-20T11:00:00+01:00,0.63,15.0,,,7.6,POINT (5.210919951 52.2839808)
GMW000000015300,GAR000000012901,1,2003-11-26T11:00:00+01:00,1.01,19.0,,,7.9,POINT (5.210919951 52.2839808)
GMW000000015300,GAR000000012902,1,2004-11-23T11:00:00+01:00,1.35,18.0,,10.4,7.7,POINT (5.210919951 52.2839808)
GMW000000015300,GAR000000012903,1,2012-07-16T12:00:00+02:00,3.39,15.87,8.18,10.9,8.0,POINT (5.210919951 52.2839808)
GMW000000015300,GAR000000012904,1,2018-10-22T12:00:00+02:00,3.1,17.0,910.0,15.5,7.8,POINT (5.210919951 52.2839808)
GMW000000015300,GAR000000012905,2,1991-11-21T11:00:00+01:00,1.11,9.0,,,7.91,POINT (5.210919951 52.2839808)
GMW000000015300,GAR000000012906,2,1992-03-18T11:00:00+01:00,0.21,10.0,,9.6,7.88,POINT (5.210919951 52.2839808)
GMW000000015300,GAR000000012907,2,1993-12-16T11:00:00+01:00,0.72,11.0,,9.8,8.12,POINT (5.210919951 52.2839808)
GMW000000015300,GAR000000012908,2,1994-10-05T11:00:00+01:00,0.64,11.0,,9.6,8.1,POINT (5.210919951 52.2839808)
GMW000000015300,GAR000000012909,2,1995-10-19T11:00:00+01:00,0.21,12.0,,10.5,8.11,POINT (5.210919951 52.2839808)
GMW000000015300,GAR000000012910,2,1996-12-11T11:00:00+01:00,0.23,14.7,,9.2,8.12,POINT (5.210919951 52.2839808)
GMW000000015300,GAR000000012911,2,1999-01-25T11:00:00+01:00,1.85,16.0,,10.6,7.5,POINT (5.210919951 52.2839808)
GMW000000015300,GAR000000012912,2,2001-11-15T11:00:00+01:00,3.5,20.0,,7.8,7.6,POINT (5.210919951 52.2839808)
GMW000000015300,GAR000000012913,2,2002-11-20T11:00:00+01:00,3.1,16.0,,,8.0,POINT (5.210919951 52.2839808)
GMW000000015300,GAR000000012914,2,2003-11-26T11:00:00+01:00,4.06,19.0,,,8.0,POINT (5.210919951 52.2839808)
GMW000000015300,GAR000000012915,2,2004-11-23T11:00:00+01:00,4.06,18.0,,10.3,7.9,POINT (5.210919951 52.2839808)
GMW000000015300,GAR000000012916,2,2011-01-17T11:00:00+01:00,4.59,17.31,3.81,10.2,7.6,POINT (5.210919951 52.2839808)
GMW000000015300,GAR000000012917,2,2012-07-16T12:00:00+02:00,6.47,18.78,6.25,10.7,7.3,POINT (5.210919951 52.2839808)
GMW000000015372,GAR000000005512,1,1996-11-22T11:00:00+01:00,,,,10.9,,POINT (5.140085702 52.285202116)
GMW000000015372,GAR000000005513,2,1996-11-22T11:00:00+01:00,,,,10.8,,POINT (5.140085702 52.285202116)
GMW000000015372,GAR000000005514,3,1996-11-22T11:00:00+01:00,,,,10.8,,POINT (5.140085702 52.285202116)
GMW000000015372,GAR000000005515,4,1996-11-22T11:00:00+01:00,,,,11.1,,POINT (5.140085702 52.285202116)
GMW000000015372,GAR000000012862,1,1996-09-19T12:00:00+02:00,0.09,93.0,,12.4,6.27,POINT (5.140085702 52.285202116)
GMW000000015372,GAR000000012863,1,1999-01-26T11:00:00+01:00,3.0,18.0,,8.1,6.3,POINT (5.140085702 52.285202116)
GMW000000015372,GAR000000012864,1,2001-11-15T11:00:00+01:00,9.4,8.6,,9.5,6.0,POINT (5.140085702 52.285202116)
GMW000000015372,GAR000000012865,1,2002-11-20T11:00:00+01:00,4.5,6.6,,,6.4,POINT (5.140085702 52.285202116)
GMW000000015372,GAR000000012866,1,2003-11-26T11:00:00+01:00,0.97,23.0,,,6.6,POINT (5.140085702 52.285202116)
GMW000000015372,GAR000000012867,1,2004-11-23T11:00:00+01:00,1.19,14.0,,10.2,6.6,POINT (5.140085702 52.285202116)
GMW000000015372,GAR000000012868,1,2006-04-03T12:00:00+02:00,1.6,15.0,,5.4,6.5,POINT (5.140085702 52.285202116)
GMW000000015372,GAR000000012869,1,2009-06-22T12:00:00+02:00,8.7,21.0,0.24,11.1,6.1,POINT (5.140085702 52.285202116)
GMW000000015372,GAR000000012870,1,2018-11-05T11:00:00+01:00,0.05,65.0,0.14,19.0,6.2,POINT (5.140085702 52.285202116)
GMW000000015372,GAR000000012871,2,1996-09-19T12:00:00+02:00,0.14,201.0,,10.1,7.33,POINT (5.140085702 52.285202116)
GMW000000015372,GAR000000012872,2,1999-01-26T11:00:00+01:00,0.21,230.0,,9.9,7.2,POINT (5.140085702 52.285202116)
GMW000000015372,GAR000000012873,2,2003-11-26T11:00:00+01:00,0.07,210.0,,,7.4,POINT (5.140085702 52.285202116)
GMW000000015372,GAR000000012874,2,2004-11-23T11:00:00+01:00,0.08,200.0,,10.4,7.0,POINT (5.140085702 52.285202116)
GMW000000015372,GAR000000012875,2,2009-06-22T12:00:00+02:00,0.05,210.0,0.05,10.7,7.0,POINT (5.140085702 52.285202116)
GMW000000015372,GAR000000012876,2,2018-11-05T11:00:00+01:00,0.05,140.0,0.01,18.3,6.8,POINT (5.140085702 52.285202116)
GMW000000015372,GAR000000012877,3,1996-09-19T12:00:00+02:00,0.05,221.0,,10.4,7.6,POINT (5.140085702 52.285202116)
GMW000000015372,GAR000000012878,3,1999-01-26T11:00:00+01:00,0.03,220.0,,10.0,7.5,POINT (5.140085702 52.285202116)
GMW000000015372,GAR000000012879,3,2018-11-05T11:00:00+01:00,0.05,180.0,0.08,18.7,7.3,POINT (5.140085702 52.285202116)
GMW000000015372,GAR000000012880,4,1996-09-19T12:00:00+02:00,0.12,201.0,,10.5,7.55,POINT (5.140085702 52.285202116)
GMW000000015372,GAR000000012881,4,2009-06-22T12:00:00+02:00,0.05,280.0,0.06,11.3,7.4,POINT (5.140085702 52.285202116)
GMW000000015372,GAR000000012882,4,2018-11-05T11:00:00+01:00,0.05,200.0,0.05,18.9,7.3,POINT (5.140085702 52.285202116)
GMW000000015381,GAR000000005523,1,1992-03-18T11:00:00+01:00,,,,10.0,4.6,POINT (5.169239701 52.197529676)
GMW000000015381,GAR000000005524,3,1992-03-18T11:00:00+01:00,,,,9.8,8.11,POINT (5.169239701 52.197529676)
GMW000000015381,GAR000000005525,3,1994-02-10T11:00:00+01:00,,,,10.0,8.21,POINT (5.169239701 52.197529676)
GMW000000015381,GAR000000012490,1,1991-11-22T11:00:00+01:00,1.6,3.0,,,4.86,POINT (5.169239701 52.197529676)
GMW000000015381,GAR000000012491,1,1993-11-09T11:00:00+01:00,0.49,11.0,,10.4,4.54,POINT (5.169239701 52.197529676)
GMW000000015381,GAR000000012492,1,1994-02-10T11:00:00+01:00,,,7.6,10.6,4.34,POINT (5.169239701 52.197529676)
GMW000000015381,GAR000000012493,1,1994-10-04T11:00:00+01:00,2.25,10.0,,10.0,4.53,POINT (5.169239701 52.197529676)
GMW000000015381,GAR000000012494,1,1995-10-19T11:00:00+01:00,1.59,6.0,,10.6,4.47,POINT (5.169239701 52.197529676)
GMW000000015381,GAR000000012495,1,1996-09-17T12:00:00+02:00,0.64,5.2,,9.8,4.33,POINT (5.169239701 52.197529676)
GMW000000015381,GAR000000012496,1,1999-01-21T11:00:00+01:00,0.21,7.3,,10.6,4.7,POINT (5.169239701 52.197529676)
GMW000000015381,GAR000000012497,1,2001-11-15T11:00:00+01:00,0.1,6.5,,9.1,4.3,POINT (5.169239701 52.197529676)
GMW000000015381,GAR000000012498,1,2002-11-19T11:00:00+01:00,0.11,6.6,,,4.9,POINT (5.169239701 52.197529676)
GMW000000015381,GAR000000012499,1,2003-11-26T11:00:00+01:00,0.04,6.6,,,5.5,POINT (5.169239701 52.197529676)
GMW000000015381,GAR000000012500,1,2004-11-23T11:00:00+01:00,0.13,5.0,,10.2,5.3,POINT (5.169239701 52.197529676)
GMW000000015381,GAR000000012501,1,2006-04-06T12:00:00+02:00,0.14,14.0,,10.2,4.9,POINT (5.169239701 52.197529676)
GMW000000015381,GAR000000012502,1,2009-07-13T12:00:00+02:00,0.55,6.8,9.05,13.4,6.4,POINT (5.169239701 52.197529676)
GMW000000015381,GAR000000012503,1,2018-10-23T12:00:00+02:00,2.8,5.3,10.2,13.9,6.8,POINT (5.169239701 52.197529676)
GMW000000015381,GAR000000012504,2,1991-11-22T11:00:00+01:00,0.9,6.0,,,7.26,POINT (5.169239701 52.197529676)
GMW000000015381,GAR000000012505,2,1994-02-10T11:00:00+01:00,,,5.6,10.6,5.32,POINT (5.169239701 52.197529676)
GMW000000015381,GAR000000012506,2,1994-10-04T11:00:00+01:00,0.69,7.0,,12.4,5.7,POINT (5.169239701 52.197529676)
GMW000000015381,GAR000000012507,2,1999-01-21T11:00:00+01:00,1.07,7.8,,10.1,4.8,POINT (5.169239701 52.197529676)
GMW000000015381,GAR000000012508,2,2003-11-26T11:00:00+01:00,0.1,6.4,,,5.9,POINT (5.169239701 52.197529676)
GMW000000015381,GAR000000012509,2,2004-11-23T11:00:00+01:00,0.11,6.5,,11.0,6.1,POINT (5.169239701 52.197529676)
GMW000000015381,GAR000000012510,2,2018-10-25T12:00:00+02:00,0.7,4.9,5.75,16.8,5.0,POINT (5.169239701 52.197529676)
GMW000000015381,GAR000000012511,3,1991-11-22T11:00:00+01:00,0.02,9.0,,,8.06,POINT (5.169239701 52.197529676)
GMW000000015381,GAR000000012512,3,1993-11-09T11:00:00+01:00,0.14,9.0,,9.6,8.34,POINT (5.169239701 52.197529676)
GMW000000015381,GAR000000012513,3,1994-10-04T11:00:00+01:00,0.07,8.0,,9.8,8.18,POINT (5.169239701 52.197529676)
GMW000000015381,GAR000000012514,3,1995-10-19T11:00:00+01:00,1.26,8.0,,9.9,8.34,POINT (5.169239701 52.197529676)
GMW000000015381,GAR000000012515,3,1996-09-17T12:00:00+02:00,0.33,7.9,,9.8,8.34,POINT (5.169239701 52.197529676)
GMW000000015381,GAR000000012516,3,1999-01-21T11:00:00+01:00,0.03,8.8,,10.0,6.7,POINT (5.169239701 52.197529676)
GMW000000015381,GAR000000012517,3,2003-11-26T11:00:00+01:00,0.04,7.7,,,6.5,POINT (5.169239701 52.197529676)
GMW000000015381,GAR000000012518,3,2004-11-23T11:00:00+01:00,0.04,6.7,,10.0,5.9,POINT (5.169239701 52.197529676)
GMW000000015381,GAR000000012519,3,2009-07-13T12:00:00+02:00,0.05,7.6,0.15,12.8,8.0,POINT (5.169239701 52.197529676)
GMW000000015381,GAR000000012520,3,2018-10-25T12:00:00+02:00,0.05,5.5,1.07,16.2,7.0,POINT (5.169239701 52.197529676)
GMW000000015457,GAR000000012436,1,1997-06-05T12:00:00+02:00,0.11,111.0,,,6.91,POINT (5.086744746 52.25842996)
GMW000000015457,GAR000000012437,1,1999-01-21T11:00:00+01:00,0.03,130.0,,13.3,6.7,POINT (5.086744746 52.25842996)
GMW000000015457,GAR000000012438,1,2001-11-15T11:00:00+01:00,0.04,97.0,,12.6,7.3,POINT (5.086744746 52.25842996)
GMW000000015457,GAR000000012439,1,2002-11-19T11:00:00+01:00,0.04,130.0,,,7.1,POINT (5.086744746 52.25842996)
GMW000000015457,GAR000000012440,1,2003-11-27T11:00:00+01:00,0.04,130.0,,,7.0,POINT (5.086744746 52.25842996)
GMW000000015457,GAR000000012441,1,2004-11-08T11:00:00+01:00,0.04,130.0,,12.0,7.2,POINT (5.086744746 52.25842996)
GMW000000015457,GAR000000012442,1,2018-11-16T11:00:00+01:00,0.05,100.0,0.1,13.1,7.2,POINT (5.086744746 52.25842996)
GMW000000015457,GAR000000012443,2,1997-06-05T12:00:00+02:00,0.01,114.0,,,7.1,POINT (5.086744746 52.25842996)
GMW000000015457,GAR000000012444,2,1999-01-21T11:00:00+01:00,0.03,150.0,,11.8,6.8,POINT (5.086744746 52.25842996)
GMW000000015457,GAR000000012445,2,2018-11-16T11:00:00+01:00,0.05,86.0,0.01,11.9,7.3,POINT (5.086744746 52.25842996)
GMW000000015457,GAR000000012446,3,1997-06-05T12:00:00+02:00,0.01,118.0,,,7.02,POINT (5.086744746 52.25842996)
GMW000000015457,GAR000000012447,3,1999-01-21T11:00:00+01:00,0.03,150.0,,11.6,6.8,POINT (5.086744746 52.25842996)
GMW000000015457,GAR000000012448,3,2018-11-16T11:00:00+01:00,0.05,97.0,0.08,11.9,7.2,POINT (5.086744746 52.25842996)
GMW000000015467,GAR000000012567,1,2018-10-24T12:00:00+02:00,39.0,51.0,,13.4,5.5,POINT (5.220861357 52.247280378)
GMW000000015467,GAR000000012568,1,2004-11-24T11:00:00+01:00,33.21,12.0,,11.7,6.3,POINT (5.220861357 52.247280378)
GMW000000015467,GAR000000012569,1,2006-04-03T12:00:00+02:00,41.01,20.0,,11.0,6.1,POINT (5.220861357 52.247280378)
GMW000000015467,GAR000000012570,1,2009-07-09T12:00:00+02:00,43.01,22.0,0.3,11.0,6.0,POINT (5.220861357 52.247280378)
GMW000000015467,GAR000000012571,1,2011-01-18T11:00:00+01:00,37.65,35.18,1.26,10.5,5.62,POINT (5.220861357 52.247280378)
GMW000000015467,GAR000000012572,1,2012-07-18T12:00:00+02:00,40.47,32.27,0.4,12.6,6.83,POINT (5.220861357 52.247280378)
GMW000000015467,GAR000000012573,1,2018-10-23T12:00:00+02:00,39.0,51.0,0.52,14.3,5.0,POINT (5.220861357 52.247280378)
GMW000000015467,GAR000000012574,2,2004-11-24T11:00:00+01:00,36.41,19.0,,11.0,7.4,POINT (5.220861357 52.247280378)
GMW000000015467,GAR000000012575,2,2009-07-09T12:00:00+02:00,39.01,26.0,0.1,11.6,7.1,POINT (5.220861357 52.247280378)
GMW000000015467,GAR000000012576,2,2011-01-18T11:00:00+01:00,40.15,37.2,0.5,10.3,7.19,POINT (5.220861357 52.247280378)
GMW000000015467,GAR000000012577,2,2012-07-18T12:00:00+02:00,37.0,34.78,0.1,12.0,7.48,POINT (5.220861357 52.247280378)
GMW000000015467,GAR000000012578,2,2018-10-23T12:00:00+02:00,33.0,35.0,0.01,16.1,6.8,POINT (5.220861357 52.247280378)
GMW000000015499,GAR000000012918,1,1996-12-11T11:00:00+01:00,26.47,46.0,,10.9,5.57,POINT (5.199615219 52.281878252)
GMW000000015499,GAR000000012919,1,1999-01-25T11:00:00+01:00,19.4,280.0,,10.3,5.4,POINT (5.199615219 52.281878252)
GMW000000015499,GAR000000012920,1,2001-11-15T11:00:00+01:00,16.1,190.0,,9.6,6.1,POINT (5.199615219 52.281878252)
GMW000000015499,GAR000000012921,1,2001-11-22T11:00:00+01:00,,,,10.5,5.92,POINT (5.199615219 52.281878252)
GMW000000015499,GAR000000012922,1,2002-11-20T11:00:00+01:00,18.7,200.0,,,5.9,POINT (5.199615219 52.281878252)
GMW000000015499,GAR000000012923,1,2003-11-26T11:00:00+01:00,16.93,70.0,,,6.7,POINT (5.199615219 52.281878252)
GMW000000015499,GAR000000012924,1,2004-11-23T11:00:00+01:00,13.09,110.0,,10.3,7.1,POINT (5.199615219 52.281878252)
GMW000000015510,GAR000000012936,1,2005-01-20T11:00:00+01:00,12.2,91.0,,13.2,6.3,POINT (5.242693949 52.27431722)
GMW000000015510,GAR000000012937,1,2006-04-20T12:00:00+02:00,6.6,56.0,,13.0,6.3,POINT (5.242693949 52.27431722)
GMW000000015510,GAR000000012938,1,2009-07-13T12:00:00+02:00,5.1,89.0,0.1,12.5,5.9,POINT (5.242693949 52.27431722)
GMW000000015510,GAR000000012939,1,2011-01-19T11:00:00+01:00,6.03,49.77,2.21,11.8,6.45,POINT (5.242693949 52.27431722)
GMW000000015510,GAR000000012940,1,2012-05-22T12:00:00+02:00,5.97,70.56,0.5,14.1,6.99,POINT (5.242693949 52.27431722)
GMW000000015510,GAR000000012941,1,2016-01-05T11:00:00+01:00,3.0,42.0,0.24,12.9,7.2,POINT (5.242693949 52.27431722)
GMW000000015510,GAR000000012942,1,2018-10-25T12:00:00+02:00,4.0,67.0,0.01,16.5,6.1,POINT (5.242693949 52.27431722)
GMW000000015510,GAR000000051573,1,2021-05-27T12:00:00+02:00,2.42,26.11,,20.2,6.53,POINT (5.242693949 52.27431722)
GMW000000015521,GAR000000012277,1,2005-01-12T11:00:00+01:00,5.4,27.0,,11.4,7.5,POINT (5.209474973 52.304497503)
GMW000000015521,GAR000000012278,1,2006-04-25T12:00:00+02:00,6.8,29.0,,11.0,7.4,POINT (5.209474973 52.304497503)
GMW000000015521,GAR000000012279,1,2009-07-13T12:00:00+02:00,8.9,34.0,4.9,10.8,7.1,POINT (5.209474973 52.304497503)
GMW000000015521,GAR000000012280,1,2018-10-24T12:00:00+02:00,4.4,30.0,4.17,16.6,7.2,POINT (5.209474973 52.304497503)
GMW000000015521,GAR000000012281,2,2005-01-12T11:00:00+01:00,3.64,29.0,,10.7,8.0,POINT (5.209474973 52.304497503)
GMW000000015521,GAR000000012282,2,2018-10-24T12:00:00+02:00,4.9,29.0,1.82,15.7,7.2,POINT (5.209474973 52.304497503)
GMW000000015535,GAR000000012592,1,2004-11-11T11:00:00+01:00,2.68,2.0,,13.3,4.7,POINT (5.231023198 52.239016526)
GMW000000015535,GAR000000012593,1,2006-04-03T12:00:00+02:00,1.2,10.0,,9.2,5.5,POINT (5.231023198 52.239016526)
GMW000000015535,GAR000000012594,1,2009-09-23T12:00:00+02:00,0.67,5.2,8.65,16.6,4.8,POINT (5.231023198 52.239016526)
GMW000000015535,GAR000000012595,1,2011-01-26T11:00:00+01:00,0.67,5.38,10.35,10.1,4.87,POINT (5.231023198 52.239016526)
GMW000000015535,GAR000000012596,1,2012-06-04T12:00:00+02:00,1.39,3.56,10.46,10.5,5.78,POINT (5.231023198 52.239016526)
GMW000000015535,GAR000000012597,1,2016-01-29T11:00:00+01:00,0.83,3.8,,,7.1,POINT (5.231023198 52.239016526)
GMW000000015535,GAR000000012598,1,2016-01-28T11:00:00+01:00,0.83,4.2,10.73,11.9,7.7,POINT (5.231023198 52.239016526)
GMW000000015535,GAR000000012599,1,2018-10-23T12:00:00+02:00,0.67,3.3,8.61,15.6,7.0,POINT (5.231023198 52.239016526)
GMW000000015535,GAR000000012600,2,2004-11-11T11:00:00+01:00,0.61,4.0,,12.2,5.2,POINT (5.231023198 52.239016526)
GMW000000015535,GAR000000012601,2,2009-09-23T12:00:00+02:00,0.44,12.0,1.3,12.6,5.0,POINT (5.231023198 52.239016526)
GMW000000015535,GAR000000012602,2,2011-01-26T11:00:00+01:00,0.13,11.33,0.61,10.1,5.6,POINT (5.231023198 52.239016526)
GMW000000015535,GAR000000012603,2,2012-06-04T12:00:00+02:00,0.5,9.44,1.46,11.3,6.48,POINT (5.231023198 52.239016526)
GMW000000015535,GAR000000012604,2,2016-01-28T11:00:00+01:00,0.13,12.0,0.25,10.7,7.6,POINT (5.231023198 52.239016526)
GMW000000015535,GAR000000012605,2,2018-10-23T12:00:00+02:00,0.12,14.0,0.01,17.0,6.3,POINT (5.231023198 52.239016526)
GMW000000015535,GAR000000051585,1,2021-06-04T12:00:00+02:00,0.88,4.99,,19.7,4.66,POINT (5.231023198 52.239016526)
GMW000000015535,GAR000000051605,2,2021-05-28T12:00:00+02:00,0.05,11.87,,19.7,4.92,POINT (5.231023198 52.239016526)
GMW000000026232,GAR000000000304,1,1998-04-29T12:00:00+02:00,0.25,19.9,,,7.56,POINT (5.233732911 52.200363439)
GMW000000033972,GAR000000012283,1,2005-01-05T11:00:00+01:00,5.65,24.0,,11.4,4.4,POINT (5.221850106 52.304317723)
GMW000000033972,GAR000000012284,1,2006-04-25T12:00:00+02:00,4.8,28.0,,11.0,4.5,POINT (5.221850106 52.304317723)
GMW000000033972,GAR000000012285,1,2009-07-13T12:00:00+02:00,14.0,28.0,9.0,11.5,4.1,POINT (5.221850106 52.304317723)
GMW000000033972,GAR000000012286,1,2018-10-25T12:00:00+02:00,20.0,29.0,7.83,14.7,6.5,POINT (5.221850106 52.304317723)
GMW000000033972,GAR000000012287,2,2005-01-05T11:00:00+01:00,7.59,32.0,,11.2,6.3,POINT (5.221850106 52.304317723)
GMW000000033972,GAR000000012288,2,2018-10-25T12:00:00+02:00,18.0,34.0,5.68,16.4,6.5,POINT (5.221850106 52.304317723)
GMW000000034011,GAR000000012382,2,1991-11-08T11:00:00+01:00,19.85,53.0,,,5.98,POINT (5.125581188 52.229635526)
GMW000000034011,GAR000000012383,2,1992-03-25T11:00:00+01:00,0.32,120.0,,9.6,6.16,POINT (5.125581188 52.229635526)
GMW000000034011,GAR000000012384,2,1993-11-09T11:00:00+01:00,0.04,129.0,,10.5,6.17,POINT (5.125581188 52.229635526)
GMW000000034011,GAR000000012385,2,1994-02-10T11:00:00+01:00,,,9.0,10.8,5.83,POINT (5.125581188 52.229635526)
GMW000000034011,GAR000000012386,2,1994-10-03T11:00:00+01:00,0.21,76.0,,10.7,6.22,POINT (5.125581188 52.229635526)
GMW000000034011,GAR000000012387,2,1995-10-23T11:00:00+01:00,8.89,78.0,,10.2,6.21,POINT (5.125581188 52.229635526)
GMW000000034011,GAR000000012388,2,1996-09-16T12:00:00+02:00,0.03,88.0,,10.0,6.25,POINT (5.125581188 52.229635526)
GMW000000034011,GAR000000012389,2,1999-01-25T11:00:00+01:00,8.0,120.0,,10.3,6.0,POINT (5.125581188 52.229635526)
GMW000000034011,GAR000000012390,2,2018-10-31T11:00:00+01:00,8.8,30.0,0.11,11.0,5.7,POINT (5.125581188 52.229635526)
GMW000000034011,GAR000000012391,3,1991-11-08T11:00:00+01:00,0.14,42.0,,,6.34,POINT (5.125581188 52.229635526)
GMW000000034011,GAR000000012392,3,1994-02-10T11:00:00+01:00,,,9.5,10.5,6.39,POINT (5.125581188 52.229635526)
GMW000000034011,GAR000000012393,3,1994-10-03T11:00:00+01:00,0.19,108.0,,10.5,6.49,POINT (5.125581188 52.229635526)
GMW000000034011,GAR000000012394,3,1999-01-25T11:00:00+01:00,0.04,120.0,,10.2,6.4,POINT (5.125581188 52.229635526)
GMW000000034011,GAR000000012395,3,2018-10-31T11:00:00+01:00,0.05,10.0,0.11,10.7,6.1,POINT (5.125581188 52.229635526)
GMW000000034011,GAR000000012396,4,1991-11-08T11:00:00+01:00,0.02,25.0,,,6.83,POINT (5.125581188 52.229635526)
GMW000000034011,GAR000000012397,4,1992-03-25T11:00:00+01:00,0.02,49.0,,9.7,6.71,POINT (5.125581188 52.229635526)
GMW000000034011,GAR000000012398,4,1993-11-09T11:00:00+01:00,0.05,106.0,,10.2,7.22,POINT (5.125581188 52.229635526)
GMW000000034011,GAR000000012399,4,1994-02-10T11:00:00+01:00,,,10.1,10.5,6.88,POINT (5.125581188 52.229635526)
GMW000000034011,GAR000000012400,4,1994-10-03T11:00:00+01:00,0.13,104.0,,10.3,7.21,POINT (5.125581188 52.229635526)
GMW000000034011,GAR000000012401,4,1995-10-23T11:00:00+01:00,0.11,93.0,,10.0,7.12,POINT (5.125581188 52.229635526)
GMW000000034011,GAR000000012402,4,1996-09-16T12:00:00+02:00,2.1,53.0,,10.2,7.25,POINT (5.125581188 52.229635526)
GMW000000034011,GAR000000012403,4,1999-01-25T11:00:00+01:00,0.04,81.0,,101.0,6.7,POINT (5.125581188 52.229635526)
GMW000000034011,GAR000000012404,4,2006-04-06T12:00:00+02:00,0.05,31.0,,9.6,7.3,POINT (5.125581188 52.229635526)
GMW000000034011,GAR000000012405,4,2018-10-31T11:00:00+01:00,0.05,47.0,0.01,11.7,6.7,POINT (5.125581188 52.229635526)
GMW000000034032,GAR000000012414,2,1991-11-20T11:00:00+01:00,0.02,17.0,,,7.08,POINT (5.10812541 52.216949675)
GMW000000034032,GAR000000012415,2,1992-05-15T12:00:00+02:00,0.02,16.0,,10.5,7.12,POINT (5.10812541 52.216949675)
GMW000000034032,GAR000000012416,2,1994-12-21T11:00:00+01:00,0.19,16.0,,11.1,7.1,POINT (5.10812541 52.216949675)
GMW000000034032,GAR000000012417,2,1995-12-15T11:00:00+01:00,0.02,17.0,,10.5,7.11,POINT (5.10812541 52.216949675)
GMW000000034032,GAR000000012418,2,1996-12-11T11:00:00+01:00,0.03,17.7,,10.9,7.22,POINT (5.10812541 52.216949675)
GMW000000034032,GAR000000012419,2,1999-01-25T11:00:00+01:00,0.04,58.0,,10.7,7.0,POINT (5.10812541 52.216949675)
GMW000000034032,GAR000000012420,2,2003-11-27T11:00:00+01:00,0.04,21.0,,,6.8,POINT (5.10812541 52.216949675)
GMW000000034032,GAR000000012421,2,2004-11-11T11:00:00+01:00,0.04,20.0,,9.3,7.0,POINT (5.10812541 52.216949675)
GMW000000034032,GAR000000012422,2,2009-09-14T12:00:00+02:00,0.05,18.0,,14.4,6.9,POINT (5.10812541 52.216949675)
GMW000000034032,GAR000000012423,2,2018-11-16T11:00:00+01:00,0.05,18.0,0.01,11.7,7.1,POINT (5.10812541 52.216949675)
GMW000000034032,GAR000000012424,3,1991-11-20T11:00:00+01:00,0.04,17.0,,,7.01,POINT (5.10812541 52.216949675)
GMW000000034032,GAR000000012425,3,1993-02-09T11:00:00+01:00,,,,,,POINT (5.10812541 52.216949675)
GMW000000034032,GAR000000012426,3,1994-12-21T11:00:00+01:00,0.02,19.0,,11.1,7.18,POINT (5.10812541 52.216949675)
GMW000000034032,GAR000000012427,3,2018-11-21T11:00:00+01:00,0.05,19.0,0.22,7.6,7.0,POINT (5.10812541 52.216949675)
GMW000000034032,GAR000000012428,4,1991-11-20T11:00:00+01:00,0.02,19.0,,,7.65,POINT (5.10812541 52.216949675)
GMW000000034032,GAR000000012429,4,1992-05-15T12:00:00+02:00,0.02,19.0,,10.5,7.04,POINT (5.10812541 52.216949675)
GMW000000034032,GAR000000012430,4,1994-12-21T11:00:00+01:00,0.08,17.0,,11.1,7.23,POINT (5.10812541 52.216949675)
GMW000000034032,GAR000000012431,4,1995-12-15T11:00:00+01:00,0.02,15.0,,10.0,7.27,POINT (5.10812541 52.216949675)
GMW000000034032,GAR000000012432,4,1996-12-11T11:00:00+01:00,0.35,16.0,,10.7,7.35,POINT (5.10812541 52.216949675)
GMW000000034032,GAR000000012433,4,2006-04-06T12:00:00+02:00,0.05,21.0,,9.8,7.5,POINT (5.10812541 52.216949675)
GMW000000034032,GAR000000012434,4,2009-09-14T12:00:00+02:00,0.05,16.0,,14.2,7.0,POINT (5.10812541 52.216949675)
GMW000000034032,GAR000000012435,4,2018-11-21T11:00:00+01:00,0.05,13.0,0.22,11.5,7.1,POINT (5.10812541 52.216949675)
GMW000000034064,GAR000000012406,1,1996-12-11T11:00:00+01:00,0.03,17.8,,9.6,7.12,POINT (5.10812541 52.216949675)
GMW000000034064,GAR000000012407,1,1999-01-25T11:00:00+01:00,0.04,60.0,,9.2,7.1,POINT (5.10812541 52.216949675)
GMW000000034064,GAR000000012408,1,2001-11-15T11:00:00+01:00,0.04,12.0,,12.1,7.0,POINT (5.10812541 52.216949675)
GMW000000034064,GAR000000012409,1,2002-11-19T11:00:00+01:00,0.04,17.0,,,6.8,POINT (5.10812541 52.216949675)
GMW000000034064,GAR000000012410,1,2003-11-27T11:00:00+01:00,0.04,19.0,,,6.7,POINT (5.10812541 52.216949675)
GMW000000034064,GAR000000012411,1,2004-11-11T11:00:00+01:00,0.04,18.0,,8.1,7.2,POINT (5.10812541 52.216949675)
GMW000000034064,GAR000000012412,1,2009-09-14T12:00:00+02:00,0.05,22.0,0.2,15.1,6.9,POINT (5.10812541 52.216949675)
GMW000000034064,GAR000000012413,1,2018-11-16T11:00:00+01:00,0.05,18.0,0.16,11.0,7.0,POINT (5.10812541 52.216949675)
GMW000000034105,GAR000000005520,1,1996-11-22T11:00:00+01:00,,,,12.5,,POINT (5.095848652 52.25939646)
GMW000000034105,GAR000000005521,2,1996-11-22T11:00:00+01:00,,,,11.9,,POINT (5.095848652 52.25939646)
GMW000000034105,GAR000000005522,3,1996-11-22T11:00:00+01:00,,,,12.0,,POINT (5.095848652 52.25939646)
GMW000000034105,GAR000000012472,1,1996-09-18T12:00:00+02:00,0.02,138.0,,14.9,6.52,POINT (5.095848652 52.25939646)
GMW000000034105,GAR000000012473,1,1999-01-20T11:00:00+01:00,0.03,94.0,,9.4,6.8,POINT (5.095848652 52.25939646)
GMW000000034105,GAR000000012474,1,2001-11-15T11:00:00+01:00,0.04,57.0,,13.5,6.8,POINT (5.095848652 52.25939646)
GMW000000034105,GAR000000012475,1,2002-11-19T11:00:00+01:00,0.04,91.0,,,6.8,POINT (5.095848652 52.25939646)
GMW000000034105,GAR000000012476,1,2003-11-27T11:00:00+01:00,0.04,100.0,,,7.0,POINT (5.095848652 52.25939646)
GMW000000034105,GAR000000012477,1,2004-11-08T11:00:00+01:00,0.04,77.0,,13.0,6.8,POINT (5.095848652 52.25939646)
GMW000000034105,GAR000000012478,1,2018-11-02T11:00:00+01:00,0.05,110.0,0.52,15.9,6.7,POINT (5.095848652 52.25939646)
GMW000000034105,GAR000000012479,2,1996-09-18T12:00:00+02:00,0.23,77.0,,11.2,6.84,POINT (5.095848652 52.25939646)
GMW000000034105,GAR000000012480,2,1999-01-20T11:00:00+01:00,0.03,31.0,,11.2,6.1,POINT (5.095848652 52.25939646)
GMW000000034105,GAR000000012481,2,2003-11-27T11:00:00+01:00,0.04,79.0,,,7.1,POINT (5.095848652 52.25939646)
GMW000000034105,GAR000000012482,2,2004-11-08T11:00:00+01:00,0.24,91.0,,12.0,7.1,POINT (5.095848652 52.25939646)
GMW000000034105,GAR000000012483,2,2018-11-02T11:00:00+01:00,0.05,75.0,0.01,16.9,7.1,POINT (5.095848652 52.25939646)
GMW000000034105,GAR000000012484,3,1996-09-18T12:00:00+02:00,0.04,95.0,,12.1,6.78,POINT (5.095848652 52.25939646)
GMW000000034105,GAR000000012485,3,1999-01-20T11:00:00+01:00,0.03,140.0,,11.2,7.2,POINT (5.095848652 52.25939646)
GMW000000034105,GAR000000012486,3,2018-11-02T11:00:00+01:00,0.05,85.0,0.16,16.4,6.8,POINT (5.095848652 52.25939646)
GMW000000034105,GAR000000012487,4,1996-09-18T12:00:00+02:00,0.07,60.0,,11.1,6.94,POINT (5.095848652 52.25939646)
GMW000000034105,GAR000000012488,4,1999-01-20T11:00:00+01:00,5.0,19.0,,10.9,5.8,POINT (5.095848652 52.25939646)
GMW000000034105,GAR000000012489,4,2018-11-02T11:00:00+01:00,0.34,60.0,1.01,16.3,6.7,POINT (5.095848652 52.25939646)
GMW000000034124,GAR000000012528,2,1992-10-20T11:00:00+01:00,0.35,9.0,,,4.64,POINT (5.219471919 52.235180886)
GMW000000034124,GAR000000012529,2,1992-08-27T12:00:00+02:00,0.35,10.0,,12.4,5.3,POINT (5.219471919 52.235180886)
GMW000000034124,GAR000000012530,2,1993-04-29T12:00:00+02:00,,,3.7,10.7,4.68,POINT (5.219471919 52.235180886)
GMW000000034124,GAR000000012531,2,1993-11-09T11:00:00+01:00,0.26,9.0,,11.3,4.76,POINT (5.219471919 52.235180886)
GMW000000034124,GAR000000012532,2,1994-02-10T11:00:00+01:00,,,1.2,10.4,4.69,POINT (5.219471919 52.235180886)
GMW000000034124,GAR000000012533,2,1994-10-04T11:00:00+01:00,0.33,9.0,,11.8,4.82,POINT (5.219471919 52.235180886)
GMW000000034124,GAR000000012534,2,1995-10-19T11:00:00+01:00,0.25,12.0,,12.0,4.75,POINT (5.219471919 52.235180886)
GMW000000034124,GAR000000012535,2,1996-09-17T12:00:00+02:00,0.42,12.0,,10.9,4.53,POINT (5.219471919 52.235180886)
GMW000000034124,GAR000000012536,2,1999-01-21T11:00:00+01:00,0.69,17.0,,10.1,4.9,POINT (5.219471919 52.235180886)
GMW000000034124,GAR000000012537,2,2003-12-01T11:00:00+01:00,0.58,12.0,,,4.6,POINT (5.219471919 52.235180886)
GMW000000034124,GAR000000012538,2,2004-11-23T11:00:00+01:00,0.6,13.0,,11.0,6.2,POINT (5.219471919 52.235180886)
GMW000000034124,GAR000000012539,2,2009-07-08T12:00:00+02:00,0.37,8.4,0.8,11.2,4.8,POINT (5.219471919 52.235180886)
GMW000000034124,GAR000000012540,2,2018-10-26T12:00:00+02:00,0.36,7.8,0.69,13.7,6.9,POINT (5.219471919 52.235180886)
GMW000000034124,GAR000000012541,3,1992-10-20T11:00:00+01:00,0.19,12.0,,,,POINT (5.219471919 52.235180886)
GMW000000034124,GAR000000012542,3,1992-08-27T12:00:00+02:00,0.05,15.0,,11.2,6.3,POINT (5.219471919 52.235180886)
GMW000000034124,GAR000000012543,3,1993-04-29T12:00:00+02:00,,,4.8,11.0,5.71,POINT (5.219471919 52.235180886)
GMW000000034124,GAR000000012544,3,1994-02-10T11:00:00+01:00,,,0.2,10.7,5.53,POINT (5.219471919 52.235180886)
GMW000000034124,GAR000000012545,3,1999-01-21T11:00:00+01:00,1.04,17.0,,10.1,4.8,POINT (5.219471919 52.235180886)
GMW000000034124,GAR000000012546,3,2003-12-01T11:00:00+01:00,0.74,9.9,,,4.5,POINT (5.219471919 52.235180886)
GMW000000034124,GAR000000012547,3,2004-11-23T11:00:00+01:00,0.1,14.0,,12.0,6.0,POINT (5.219471919 52.235180886)
GMW000000034124,GAR000000012548,3,2009-07-08T12:00:00+02:00,0.87,9.4,0.2,11.6,5.4,POINT (5.219471919 52.235180886)
GMW000000034124,GAR000000012549,3,2018-10-26T12:00:00+02:00,0.19,6.5,0.36,15.9,6.5,POINT (5.219471919 52.235180886)
GMW000000034124,GAR000000012550,4,1992-10-20T11:00:00+01:00,0.05,15.0,,,,POINT (5.219471919 52.235180886)
GMW000000034124,GAR000000012551,4,1992-08-27T12:00:00+02:00,0.05,16.0,,11.0,7.0,POINT (5.219471919 52.235180886)
GMW000000034124,GAR000000012552,4,1993-04-29T12:00:00+02:00,,,5.3,10.4,6.32,POINT (5.219471919 52.235180886)
GMW000000034124,GAR000000012553,4,1993-11-09T11:00:00+01:00,0.09,15.0,,,,POINT (5.219471919 52.235180886)
GMW000000034124,GAR000000012554,4,1994-02-10T11:00:00+01:00,,,0.1,10.4,6.14,POINT (5.219471919 52.235180886)
GMW000000034124,GAR000000012555,4,1994-10-04T11:00:00+01:00,0.04,16.0,,,,POINT (5.219471919 52.235180886)
GMW000000034124,GAR000000012556,4,1995-10-19T11:00:00+01:00,0.04,12.9,,,,POINT (5.219471919 52.235180886)
GMW000000034124,GAR000000012557,4,1996-09-17T12:00:00+02:00,0.05,13.0,,10.8,5.92,POINT (5.219471919 52.235180886)
GMW000000034124,GAR000000012558,4,1999-01-21T11:00:00+01:00,0.04,15.0,,10.4,5.7,POINT (5.219471919 52.235180886)
GMW000000034124,GAR000000012559,4,2009-07-08T12:00:00+02:00,0.05,14.0,0.05,11.0,5.9,POINT (5.219471919 52.235180886)
GMW000000034124,GAR000000012560,5,1992-08-27T12:00:00+02:00,0.05,10.0,,11.0,7.4,POINT (5.219471919 52.235180886)
GMW000000034124,GAR000000012561,5,2009-07-08T12:00:00+02:00,0.05,12.0,,10.8,7.5,POINT (5.219471919 52.235180886)
GMW000000034124,GAR000000012562,5,2018-10-26T12:00:00+02:00,0.05,11.0,0.01,15.8,7.4,POINT (5.219471919 52.235180886)
GMW000000034124,GAR000000012563,6,1992-08-27T12:00:00+02:00,0.04,14.0,,11.8,7.1,POINT (5.219471919 52.235180886)
GMW000000034124,GAR000000012564,6,1994-02-10T11:00:00+01:00,,,0.1,11.0,6.91,POINT (5.219471919 52.235180886)
GMW000000034124,GAR000000012565,6,2009-07-08T12:00:00+02:00,0.05,19.0,,11.1,7.0,POINT (5.219471919 52.235180886)
GMW000000034124,GAR000000012566,6,2018-10-26T12:00:00+02:00,0.05,12.0,0.57,13.7,7.0,POINT (5.219471919 52.235180886)
GMW000000034124,GAR000000012945,5,1994-02-10T11:00:00+01:00,,,0.1,10.4,7.22,POINT (5.219471919 52.235180886)
GMW000000034124,GAR000000012946,4,2018-10-26T12:00:00+02:00,0.05,17.0,0.5,15.6,6.6,POINT (5.219471919 52.235180886)
GMW000000034130,GAR000000012838,2,1991-11-18T11:00:00+01:00,0.07,229.0,,,6.62,POINT (5.118047406 52.279779366)
GMW000000034130,GAR000000012839,2,1992-03-18T11:00:00+01:00,0.06,225.0,,10.9,6.73,POINT (5.118047406 52.279779366)
GMW000000034130,GAR000000012840,2,1993-12-15T11:00:00+01:00,0.03,242.0,,10.7,6.44,POINT (5.118047406 52.279779366)
GMW000000034130,GAR000000012841,2,1994-02-10T11:00:00+01:00,,,0.4,10.9,6.53,POINT (5.118047406 52.279779366)
GMW000000034130,GAR000000012842,2,1994-10-05T11:00:00+01:00,0.04,231.0,,10.5,6.46,POINT (5.118047406 52.279779366)
GMW000000034130,GAR000000012843,2,1995-10-23T11:00:00+01:00,0.43,241.0,,10.5,6.46,POINT (5.118047406 52.279779366)
GMW000000034130,GAR000000012844,2,1996-09-20T12:00:00+02:00,0.04,232.0,,10.1,6.54,POINT (5.118047406 52.279779366)
GMW000000034130,GAR000000012845,2,1999-01-26T11:00:00+01:00,0.04,370.0,,10.3,6.7,POINT (5.118047406 52.279779366)
GMW000000034130,GAR000000012846,2,2009-06-22T12:00:00+02:00,0.05,30.0,0.06,11.0,5.9,POINT (5.118047406 52.279779366)
GMW000000034130,GAR000000012847,2,2018-11-05T11:00:00+01:00,0.05,6.1,0.07,19.3,5.8,POINT (5.118047406 52.279779366)
GMW000000034130,GAR000000012848,3,1991-11-18T11:00:00+01:00,0.02,751.0,,,7.49,POINT (5.118047406 52.279779366)
GMW000000034130,GAR000000012849,3,1994-02-10T11:00:00+01:00,,,0.4,10.9,6.53,POINT (5.118047406 52.279779366)
GMW000000034130,GAR000000012850,3,1994-10-05T11:00:00+01:00,0.02,671.0,,10.8,7.2,POINT (5.118047406 52.279779366)
GMW000000034130,GAR000000012851,3,1999-01-26T11:00:00+01:00,0.04,500.0,,10.2,7.2,POINT (5.118047406 52.279779366)
GMW000000034130,GAR000000012852,3,2018-11-05T11:00:00+01:00,0.05,37.0,0.11,18.6,6.0,POINT (5.118047406 52.279779366)
GMW000000034130,GAR000000012853,4,1991-11-18T11:00:00+01:00,0.11,584.0,,,7.4,POINT (5.118047406 52.279779366)
GMW000000034130,GAR000000012854,4,1992-04-27T12:00:00+02:00,0.04,620.0,,10.9,7.53,POINT (5.118047406 52.279779366)
GMW000000034130,GAR000000012855,4,1993-12-15T11:00:00+01:00,0.13,716.0,,10.5,7.3,POINT (5.118047406 52.279779366)
GMW000000034130,GAR000000012856,4,1994-02-10T11:00:00+01:00,,,0.5,10.9,7.22,POINT (5.118047406 52.279779366)
GMW000000034130,GAR000000012857,4,1994-10-05T11:00:00+01:00,0.02,572.0,,10.5,7.35,POINT (5.118047406 52.279779366)
GMW000000034130,GAR000000012858,4,1995-10-23T11:00:00+01:00,0.04,419.0,,10.6,7.35,POINT (5.118047406 52.279779366)
GMW000000034130,GAR000000012859,4,1996-09-20T12:00:00+02:00,0.03,463.0,,10.1,7.33,POINT (5.118047406 52.279779366)
GMW000000034130,GAR000000012860,4,2009-06-22T12:00:00+02:00,0.05,580.0,0.07,11.0,6.9,POINT (5.118047406 52.279779366)
GMW000000034130,GAR000000012861,4,2018-11-06T11:00:00+01:00,0.05,180.0,0.22,15.0,7.2,POINT (5.118047406 52.279779366)
GMW000000034138,GAR000000012829,1,1996-09-20T12:00:00+02:00,0.25,121.0,,10.7,6.02,POINT (5.118047406 52.279779366)
GMW000000034138,GAR000000012830,1,1999-01-26T11:00:00+01:00,1.63,67.0,,9.6,6.5,POINT (5.118047406 52.279779366)
GMW000000034138,GAR000000012831,1,2001-11-15T11:00:00+01:00,0.15,23.0,,10.4,6.5,POINT (5.118047406 52.279779366)
GMW000000034138,GAR000000012832,1,2002-11-20T11:00:00+01:00,0.04,27.0,,,6.7,POINT (5.118047406 52.279779366)
GMW000000034138,GAR000000012833,1,2003-11-26T11:00:00+01:00,2.21,45.0,,,6.7,POINT (5.118047406 52.279779366)
GMW000000034138,GAR000000012834,1,2004-11-23T11:00:00+01:00,0.08,21.0,,11.0,6.6,POINT (5.118047406 52.279779366)
GMW000000034138,GAR000000012835,1,2006-04-03T12:00:00+02:00,0.06,16.0,,6.5,6.8,POINT (5.118047406 52.279779366)
GMW000000034138,GAR000000012836,1,2009-06-22T12:00:00+02:00,0.05,20.0,0.15,10.4,6.5,POINT (5.118047406 52.279779366)
GMW000000034138,GAR000000012837,1,2018-11-05T11:00:00+01:00,0.05,39.0,0.15,18.8,6.4,POINT (5.118047406 52.279779366)
GMW000000034193,GAR000000012943,1,2004-11-16T11:00:00+01:00,2.27,21.0,,16.7,6.4,POINT (5.238941417 52.288000821)
GMW000000034193,GAR000000012944,1,2011-01-11T11:00:00+01:00,1.74,110.99,1.21,10.7,6.35,POINT (5.238941417 52.288000821)
GMW000000034193,GAR000000012947,1,2012-05-22T12:00:00+02:00,0.92,174.48,6.11,11.8,6.78,POINT (5.238941417 52.288000821)
GMW000000034193,GAR000000012949,1,2018-10-25T12:00:00+02:00,0.54,91.0,5.21,15.0,5.1,POINT (5.238941417 52.288000821)
GMW000000034193,GAR000000012950,2,2004-11-16T11:00:00+01:00,9.43,8.0,,14.4,7.8,POINT (5.238941417 52.288000821)
GMW000000034193,GAR000000012951,2,2011-01-11T11:00:00+01:00,26.74,27.04,2.8,11.3,7.8,POINT (5.238941417 52.288000821)
GMW000000034193,GAR000000012952,2,2012-05-22T12:00:00+02:00,22.92,60.45,2.67,12.1,7.75,POINT (5.238941417 52.288000821)
GMW000000034193,GAR000000012953,2,2018-10-25T12:00:00+02:00,3.0,9.8,1.24,15.9,6.0,POINT (5.238941417 52.288000821)
GMW000000034193,GAR000000012954,2,2018-10-25T12:00:00+02:00,3.0,9.8,1.24,15.9,6.0,POINT (5.238941417 52.288000821)
GMW000000034275,GAR000000012375,1,1996-09-16T12:00:00+02:00,16.73,94.0,,11.5,4.52,POINT (5.125581188 52.229635526)
GMW000000034275,GAR000000012376,1,1999-01-25T11:00:00+01:00,8.7,170.0,,9.0,4.4,POINT (5.125581188 52.229635526)
GMW000000034275,GAR000000012377,1,2001-11-15T11:00:00+01:00,8.0,53.0,,11.3,4.9,POINT (5.125581188 52.229635526)
GMW000000034275,GAR000000012378,1,2002-11-19T11:00:00+01:00,5.4,72.0,,,4.7,POINT (5.125581188 52.229635526)
GMW000000034275,GAR000000012379,1,2003-11-27T11:00:00+01:00,19.64,65.0,,,5.2,POINT (5.125581188 52.229635526)
GMW000000034275,GAR000000012380,1,2004-11-11T11:00:00+01:00,18.96,91.0,,10.0,5.5,POINT (5.125581188 52.229635526)
GMW000000034275,GAR000000012381,1,2018-10-31T11:00:00+01:00,3.5,50.0,0.23,11.5,5.0,POINT (5.125581188 52.229635526)
GMW000000034296,GAR000000012521,1,1996-09-17T12:00:00+02:00,1.06,6.8,,12.3,5.24,POINT (5.219471919 52.235180886)
GMW000000034296,GAR000000012522,1,1999-01-21T11:00:00+01:00,1.61,11.0,,9.8,5.2,POINT (5.219471919 52.235180886)
GMW000000034296,GAR000000012523,1,2003-12-01T11:00:00+01:00,1.06,8.9,,,5.7,POINT (5.219471919 52.235180886)
GMW000000034296,GAR000000012524,1,2004-11-23T11:00:00+01:00,2.7,9.1,,12.8,6.1,POINT (5.219471919 52.235180886)
GMW000000034296,GAR000000012525,1,2006-04-03T12:00:00+02:00,1.8,18.0,,7.0,6.3,POINT (5.219471919 52.235180886)
GMW000000034296,GAR000000012526,1,2009-07-08T12:00:00+02:00,0.98,6.3,5.65,12.0,5.8,POINT (5.219471919 52.235180886)
GMW000000034296,GAR000000012527,1,2018-10-26T12:00:00+02:00,1.4,4.8,2.05,14.4,7.4,POINT (5.219471919 52.235180886)
GMW000000038571,GAR000000034140,1,1989-03-21T12:00:00+01:00,5.74,13.4,,,5.45,POINT (5.17098998 52.255863824)
GMW000000038571,GAR000000034141,2,1990-02-27T12:00:00+01:00,,,,,,POINT (5.17098998 52.255863824)
GMW000000038571,GAR000000034146,2,1991-03-12T12:00:00+01:00,,,,,,POINT (5.17098998 52.255863824)
GMW000000038571,GAR000000034163,2,1992-04-27T13:00:00+02:00,,,,,,POINT (5.17098998 52.255863824)
GMW000000038571,GAR000000034171,2,1993-04-08T13:00:00+02:00,,,,,,POINT (5.17098998 52.255863824)
GMW000000038571,GAR000000034177,2,1994-10-04T12:00:00+01:00,,,,,,POINT (5.17098998 52.255863824)
GMW000000038571,GAR000000034185,2,1995-10-20T12:00:00+01:00,,,,,,POINT (5.17098998 52.255863824)
GMW000000038571,GAR000000034204,2,1997-12-02T12:00:00+01:00,,,,,,POINT (5.17098998 52.255863824)
GMW000000038571,GAR000000034209,1,1990-02-27T12:00:00+01:00,1.79,14.16,,,5.11,POINT (5.17098998 52.255863824)
GMW000000038571,GAR000000034210,2,1998-09-25T13:00:00+02:00,,,,,,POINT (5.17098998 52.255863824)
GMW000000038571,GAR000000034214,2,2001-11-29T12:00:00+01:00,,,,,,POINT (5.17098998 52.255863824)
GMW000000038571,GAR000000034226,2,2003-09-11T13:00:00+02:00,,,,,,POINT (5.17098998 52.255863824)
GMW000000038571,GAR000000034239,1,1991-03-12T12:00:00+01:00,0.31,8.98,,,5.38,POINT (5.17098998 52.255863824)
GMW000000038571,GAR000000034240,3,1998-09-25T13:00:00+02:00,,,,,,POINT (5.17098998 52.255863824)
GMW000000038571,GAR000000034245,1,1992-04-27T13:00:00+02:00,0.46,8.01,,,5.21,POINT (5.17098998 52.255863824)
GMW000000038571,GAR000000034246,3,2012-06-18T13:00:00+02:00,11.137,12.87,0.0,11.0,7.18,POINT (5.17098998 52.255863824)
GMW000000038571,GAR000000034347,1,1993-04-08T13:00:00+02:00,1.908,20.405,,11.3,6.22,POINT (5.17098998 52.255863824)
GMW000000038571,GAR000000034348,1,1994-10-04T12:00:00+01:00,0.695,32.915,,11.0,5.2,POINT (5.17098998 52.255863824)
GMW000000038571,GAR000000034356,1,1987-04-06T13:00:00+02:00,0.3,31.0,,,5.54,POINT (5.17098998 52.255863824)
GMW000000038571,GAR000000034399,1,1995-10-20T12:00:00+01:00,1.628,32.515,,10.9,5.09,POINT (5.17098998 52.255863824)
GMW000000038571,GAR000000034406,1,2004-07-22T13:00:00+02:00,0.93,10.3,,11.3,5.9,POINT (5.17098998 52.255863824)
GMW000000038571,GAR000000034412,1,2005-05-04T13:00:00+02:00,0.01,8.0,0.05,11.4,5.9,POINT (5.17098998 52.255863824)
GMW000000038571,GAR000000034413,1,2008-08-12T13:00:00+02:00,6.44,14.03,0.03,12.0,5.48,POINT (5.17098998 52.255863824)
GMW000000038571,GAR000000034418,1,2006-06-26T13:00:00+02:00,25.471,25.4,0.2,11.4,5.5,POINT (5.17098998 52.255863824)
GMW000000038571,GAR000000034423,1,2007-09-26T13:00:00+02:00,14.52,27.97,6.5,11.5,5.74,POINT (5.17098998 52.255863824)
GMW000000038571,GAR000000034424,1,2009-07-09T13:00:00+02:00,2.877,10.37,0.03,11.7,5.45,POINT (5.17098998 52.255863824)
GMW000000038571,GAR000000034425,1,2011-01-28T12:00:00+01:00,2.5,9.85,0.06,11.1,5.5,POINT (5.17098998 52.255863824)
GMW000000038571,GAR000000034433,1,2010-08-24T13:00:00+02:00,1.949,11.8,0.13,11.0,5.39,POINT (5.17098998 52.255863824)
GMW000000038571,GAR000000034434,1,2012-06-18T13:00:00+02:00,2.38,7.06,0.0,11.1,5.14,POINT (5.17098998 52.255863824)
GMW000000038571,GAR000000034435,1,2017-11-29T12:00:00+01:00,0.76,7.869,0.3,9.9,5.59,POINT (5.17098998 52.255863824)
GMW000000038571,GAR000000034438,1,1981-07-15T13:00:00+02:00,4.9,13.0,,,5.35,POINT (5.17098998 52.255863824)
GMW000000038571,GAR000000034439,1,1988-03-14T12:00:00+01:00,2.35,12.3,,,5.34,POINT (5.17098998 52.255863824)
GMW000000038571,GAR000000034440,1,2014-08-19T13:00:00+02:00,0.501,6.87,1.37,10.7,5.3,POINT (5.17098998 52.255863824)
GMW000000038571,GAR000000034441,1,2018-08-15T13:00:00+02:00,0.832,6.962,0.1,13.2,5.56,POINT (5.17098998 52.255863824)
GMW000000038571,GAR000000034444,1,1983-01-20T12:00:00+01:00,3.6,39.0,,,5.21,POINT (5.17098998 52.255863824)
GMW000000038571,GAR000000034445,1,1984-02-15T12:00:00+01:00,7.6,26.0,,,5.25,POINT (5.17098998 52.255863824)
GMW000000038571,GAR000000034446,1,2020-06-17T13:00:00+02:00,0.881,9.514,0.3,11.2,5.26,POINT (5.17098998 52.255863824)
GMW000000038571,GAR000000034450,1,1985-04-09T13:00:00+02:00,1.86,14.8,,,5.36,POINT (5.17098998 52.255863824)
GMW000000038571,GAR000000034451,1,1986-04-10T13:00:00+02:00,0.3,35.4,,,4.95,POINT (5.17098998 52.255863824)
GMW000000038571,GAR000000034459,1,1996-09-17T13:00:00+02:00,1.457,34.174,,11.9,4.84,POINT (5.17098998 52.255863824)
GMW000000038571,GAR000000034460,1,1997-12-02T12:00:00+01:00,0.056,21.589,,11.0,6.65,POINT (5.17098998 52.255863824)
GMW000000038571,GAR000000034461,1,1998-09-25T13:00:00+02:00,0.056,19.958,,11.2,6.63,POINT (5.17098998 52.255863824)
GMW000000038571,GAR000000034462,1,1999-07-16T13:00:00+02:00,3.418,18.505,,10.6,6.58,POINT (5.17098998 52.255863824)
GMW000000038571,GAR000000034463,2,1981-07-15T13:00:00+02:00,11.0,20.0,,,7.2,POINT (5.17098998 52.255863824)
GMW000000038571,GAR000000034464,1,2000-09-21T13:00:00+02:00,0.084,18.328,,10.8,6.48,POINT (5.17098998 52.255863824)
GMW000000038571,GAR000000034465,1,2001-11-29T12:00:00+01:00,0.084,29.565,,10.8,6.49,POINT (5.17098998 52.255863824)
GMW000000038571,GAR000000034466,1,2002-09-11T13:00:00+02:00,0.63,22.121,,10.8,6.38,POINT (5.17098998 52.255863824)
GMW000000038571,GAR000000034467,1,2003-09-11T13:00:00+02:00,1.21,8.92,,10.7,6.3,POINT (5.17098998 52.255863824)
GMW000000038571,GAR000000034468,1,2016-09-06T13:00:00+02:00,0.964,5.31,,,5.6,POINT (5.17098998 52.255863824)
GMW000000038571,GAR000000034469,1,2019-07-03T13:00:00+02:00,1.261,8.484,0.2,12.3,5.87,POINT (5.17098998 52.255863824)
GMW000000038571,GAR000000034470,3,2000-09-21T13:00:00+02:00,1.443,14.889,,10.5,7.92,POINT (5.17098998 52.255863824)
GMW000000038571,GAR000000034471,3,2001-11-29T12:00:00+01:00,,,,,,POINT (5.17098998 52.255863824)
GMW000000038571,GAR000000034472,3,2002-09-11T13:00:00+02:00,,,,,,POINT (5.17098998 52.255863824)
GMW000000038571,GAR000000034473,3,2003-09-11T13:00:00+02:00,,,,,,POINT (5.17098998 52.255863824)
GMW000000038571,GAR000000034474,3,2004-07-22T13:00:00+02:00,4.78,20.7,,11.1,8.1,POINT (5.17098998 52.255863824)
GMW000000038571,GAR000000034475,2,1996-09-17T13:00:00+02:00,0.42,37.152,,11.9,6.52,POINT (5.17098998 52.255863824)
GMW000000038571,GAR000000034476,2,1999-07-16T13:00:00+02:00,,,,,,POINT (5.17098998 52.255863824)
GMW000000038571,GAR000000034477,2,2000-09-21T13:00:00+02:00,,,,,,POINT (5.17098998 52.255863824)
GMW000000038571,GAR000000034478,2,2002-09-11T13:00:00+02:00,,,,,,POINT (5.17098998 52.255863824)
GMW000000038571,GAR000000034479,3,1981-07-15T13:00:00+02:00,1.8,9.0,,,8.03,POINT (5.17098998 52.255863824)
GMW000000038571,GAR000000034480,3,2020-06-17T13:00:00+02:00,11.95,20.583,0.1,11.8,7.64,POINT (5.17098998 52.255863824)
GMW000000038571,GAR000000034481,3,1983-01-20T12:00:00+01:00,1.7,14.0,,,8.08,POINT (5.17098998 52.255863824)
GMW000000038571,GAR000000034482,3,1984-02-15T12:00:00+01:00,2.5,17.0,,,8.06,POINT (5.17098998 52.255863824)
GMW000000038571,GAR000000034483,3,1985-04-09T13:00:00+02:00,2.07,14.6,,,7.92,POINT (5.17098998 52.255863824)
GMW000000038571,GAR000000034484,3,1986-04-10T13:00:00+02:00,0.3,14.6,,,7.91,POINT (5.17098998 52.255863824)
GMW000000038571,GAR000000034485,3,1987-04-06T13:00:00+02:00,0.3,15.9,,,7.9,POINT (5.17098998 52.255863824)
GMW000000038571,GAR000000034486,3,1988-03-14T12:00:00+01:00,3.14,17.7,,,8.01,POINT (5.17098998 52.255863824)
GMW000000038571,GAR000000034487,3,2008-08-12T13:00:00+02:00,6.58,19.22,0.0,11.6,7.25,POINT (5.17098998 52.255863824)
GMW000000038571,GAR000000034490,3,1989-03-21T12:00:00+01:00,3.47,19.7,,,8.13,POINT (5.17098998 52.255863824)
GMW000000038571,GAR000000034491,3,1990-02-27T12:00:00+01:00,4.31,20.55,,,7.87,POINT (5.17098998 52.255863824)
GMW000000038571,GAR000000034492,3,1991-03-12T12:00:00+01:00,4.72,17.93,,,7.84,POINT (5.17098998 52.255863824)
GMW000000038571,GAR000000034493,3,1992-04-27T13:00:00+02:00,5.79,16.56,,,7.88,POINT (5.17098998 52.255863824)
GMW000000038571,GAR000000034494,3,1993-04-08T13:00:00+02:00,5.895,17.448,,10.6,8.24,POINT (5.17098998 52.255863824)
GMW000000038571,GAR000000034495,3,1994-10-04T12:00:00+01:00,4.05,17.86,,10.4,7.85,POINT (5.17098998 52.255863824)
GMW000000038571,GAR000000034496,3,1995-10-20T12:00:00+01:00,3.589,23.72,,10.7,7.91,POINT (5.17098998 52.255863824)
GMW000000038571,GAR000000034497,3,1997-12-02T12:00:00+01:00,,,,,,POINT (5.17098998 52.255863824)
GMW000000038571,GAR000000034498,3,1999-07-16T13:00:00+02:00,,,,,,POINT (5.17098998 52.255863824)
GMW000000038571,GAR000000034499,3,2016-09-06T13:00:00+02:00,11.846,15.76,,,7.8,POINT (5.17098998 52.255863824)
GMW000000038571,GAR000000043323,1,2021-06-15T13:00:00+02:00,1.32,5.69,0.9,11.7,5.32,POINT (5.17098998 52.255863824)
GMW000000038571,GAR000000043629,1,2022-05-31T13:00:00+02:00,0.723,6.172,0.3,11.5,5.26,POINT (5.17098998 52.255863824)
GMW000000038571,GAR000000043951,1,2023-06-12T13:00:00+02:00,1.069,8.949,4.7,12.0,5.33,POINT (5.17098998 52.255863824)
GMW000000038627,GAR000000034147,1,2007-09-26T13:00:00+02:00,0.14,70.73,1.5,12.0,5.4,POINT (5.235109138 52.247200717)
GMW000000038627,GAR000000034152,3,2012-06-19T13:00:00+02:00,8.404,72.16,0.0,11.6,6.71,POINT (5.235109138 52.247200717)
GMW000000038627,GAR000000034253,1,1997-12-01T12:00:00+01:00,1.513,66.362,,11.5,5.36,POINT (5.235109138 52.247200717)
GMW000000038627,GAR000000034262,1,2018-08-13T13:00:00+02:00,2.155,75.199,0.4,13.1,5.59,POINT (5.235109138 52.247200717)
GMW000000038627,GAR000000034274,1,2012-06-19T13:00:00+02:00,0.467,83.66,0.0,11.6,5.35,POINT (5.235109138 52.247200717)
GMW000000038627,GAR000000034275,1,2019-07-03T13:00:00+02:00,1.598,69.818,0.2,11.7,5.8,POINT (5.235109138 52.247200717)
GMW000000038627,GAR000000034276,1,2020-09-07T13:00:00+02:00,1.064,86.568,0.6,11.9,5.4,POINT (5.235109138 52.247200717)
GMW000000038627,GAR000000034288,1,2013-10-04T13:00:00+02:00,0.619,77.74,0.13,12.1,5.4,POINT (5.235109138 52.247200717)
GMW000000038627,GAR000000034289,1,2014-08-19T13:00:00+02:00,0.646,78.25,0.34,11.1,5.4,POINT (5.235109138 52.247200717)
GMW000000038627,GAR000000034313,2,1990-02-27T12:00:00+01:00,,,,,,POINT (5.235109138 52.247200717)
GMW000000038627,GAR000000034318,2,1991-03-13T12:00:00+01:00,,,,,,POINT (5.235109138 52.247200717)
GMW000000038627,GAR000000034333,2,1992-04-15T13:00:00+02:00,,,,,,POINT (5.235109138 52.247200717)
GMW000000038627,GAR000000034344,2,1993-04-28T13:00:00+02:00,,,,,,POINT (5.235109138 52.247200717)
GMW000000038627,GAR000000034488,1,1981-07-15T13:00:00+02:00,6.7,48.0,,,6.09,POINT (5.235109138 52.247200717)
GMW000000038627,GAR000000034489,1,1991-03-13T12:00:00+01:00,0.03,86.19,,,5.74,POINT (5.235109138 52.247200717)
GMW000000038627,GAR000000034500,1,2008-08-12T13:00:00+02:00,0.203,68.12,0.02,12.3,5.37,POINT (5.235109138 52.247200717)
GMW000000038627,GAR000000034501,1,2010-08-24T13:00:00+02:00,0.145,101.89,0.13,11.3,5.32,POINT (5.235109138 52.247200717)
GMW000000038627,GAR000000034502,1,2011-01-28T12:00:00+01:00,0.029,88.33,0.07,11.2,5.44,POINT (5.235109138 52.247200717)
GMW000000038627,GAR000000034503,1,1983-01-21T12:00:00+01:00,6.5,59.0,,,5.47,POINT (5.235109138 52.247200717)
GMW000000038627,GAR000000034504,1,1984-02-10T12:00:00+01:00,4.4,62.0,,,5.64,POINT (5.235109138 52.247200717)
GMW000000038627,GAR000000034505,1,1985-04-15T13:00:00+02:00,1.69,56.7,,,5.48,POINT (5.235109138 52.247200717)
GMW000000038627,GAR000000034506,1,1986-04-11T13:00:00+02:00,5.75,48.1,,,5.28,POINT (5.235109138 52.247200717)
GMW000000038627,GAR000000034507,1,1987-04-06T13:00:00+02:00,2.95,63.1,,,5.7,POINT (5.235109138 52.247200717)
GMW000000038627,GAR000000034508,1,1988-03-14T12:00:00+01:00,4.24,59.5,,,5.57,POINT (5.235109138 52.247200717)
GMW000000038627,GAR000000034509,1,1989-03-20T12:00:00+01:00,5.63,55.8,,,5.6,POINT (5.235109138 52.247200717)
GMW000000038627,GAR000000034510,1,1990-02-27T12:00:00+01:00,2.13,98.83,,,5.24,POINT (5.235109138 52.247200717)
GMW000000038627,GAR000000034511,1,1992-04-15T13:00:00+02:00,1.06,91.07,,,5.37,POINT (5.235109138 52.247200717)
GMW000000038627,GAR000000034512,1,1994-10-04T12:00:00+01:00,2.565,81.528,,11.5,5.34,POINT (5.235109138 52.247200717)
GMW000000038627,GAR000000034513,1,1993-04-28T13:00:00+02:00,1.639,91.138,,12.0,5.18,POINT (5.235109138 52.247200717)
GMW000000038627,GAR000000034514,1,1996-09-17T13:00:00+02:00,1.961,91.745,,11.5,5.04,POINT (5.235109138 52.247200717)
GMW000000038627,GAR000000034515,1,1995-10-19T12:00:00+01:00,5.803,61.523,,11.6,5.34,POINT (5.235109138 52.247200717)
GMW000000038627,GAR000000034516,1,1998-09-24T13:00:00+02:00,2.718,61.151,,11.6,5.35,POINT (5.235109138 52.247200717)
GMW000000038627,GAR000000034517,1,2000-09-22T13:00:00+02:00,3.909,64.59,,11.3,5.2,POINT (5.235109138 52.247200717)
GMW000000038627,GAR000000034518,1,2001-11-29T12:00:00+01:00,9.022,41.618,,11.3,5.43,POINT (5.235109138 52.247200717)
GMW000000038627,GAR000000034519,1,1999-07-16T13:00:00+02:00,4.175,56.933,,11.2,5.35,POINT (5.235109138 52.247200717)
GMW000000038627,GAR000000034520,1,2002-09-11T13:00:00+02:00,10.914,24.709,,11.3,5.45,POINT (5.235109138 52.247200717)
GMW000000038627,GAR000000034521,1,2003-09-11T13:00:00+02:00,11.82,22.74,,11.2,5.47,POINT (5.235109138 52.247200717)
GMW000000038627,GAR000000034522,1,2004-07-22T13:00:00+02:00,11.78,26.4,,11.8,5.2,POINT (5.235109138 52.247200717)
GMW000000038627,GAR000000034523,1,2005-05-04T13:00:00+02:00,2.37,56.9,0.1,11.5,5.3,POINT (5.235109138 52.247200717)
GMW000000038627,GAR000000034524,1,2006-06-26T13:00:00+02:00,0.368,57.23,0.3,11.5,5.4,POINT (5.235109138 52.247200717)
GMW000000038627,GAR000000034525,1,2016-09-08T13:00:00+02:00,3.547,50.56,,,5.7,POINT (5.235109138 52.247200717)
GMW000000038627,GAR000000034526,1,2017-11-28T12:00:00+01:00,1.325,87.289,0.3,10.1,5.73,POINT (5.235109138 52.247200717)
GMW000000038627,GAR000000034527,2,1981-07-15T13:00:00+02:00,0.9,92.0,,,6.6,POINT (5.235109138 52.247200717)
GMW000000038627,GAR000000034528,2,1997-12-01T12:00:00+01:00,,,,,,POINT (5.235109138 52.247200717)
GMW000000038627,GAR000000034529,2,1998-09-24T13:00:00+02:00,,,,,,POINT (5.235109138 52.247200717)
GMW000000038627,GAR000000034530,2,2002-09-11T13:00:00+02:00,,,,,,POINT (5.235109138 52.247200717)
GMW000000038627,GAR000000034531,3,1991-03-13T12:00:00+01:00,2.56,77.67,,,6.66,POINT (5.235109138 52.247200717)
GMW000000038627,GAR000000034532,2,1994-10-04T12:00:00+01:00,,,,,,POINT (5.235109138 52.247200717)
GMW000000038627,GAR000000034533,2,1995-10-19T12:00:00+01:00,,,,,,POINT (5.235109138 52.247200717)
GMW000000038627,GAR000000034534,2,1996-09-17T13:00:00+02:00,,,,,,POINT (5.235109138 52.247200717)
GMW000000038627,GAR000000034535,2,1999-07-16T13:00:00+02:00,,,,,,POINT (5.235109138 52.247200717)
GMW000000038627,GAR000000034536,2,2000-09-22T13:00:00+02:00,,,,,,POINT (5.235109138 52.247200717)
GMW000000038627,GAR000000034537,2,2001-11-29T12:00:00+01:00,,,,,,POINT (5.235109138 52.247200717)
GMW000000038627,GAR000000034538,2,2003-09-11T13:00:00+02:00,,,,,,POINT (5.235109138 52.247200717)
GMW000000038627,GAR000000034539,3,1981-07-15T13:00:00+02:00,4.9,75.0,,,7.02,POINT (5.235109138 52.247200717)
GMW000000038627,GAR000000034540,3,1983-01-21T12:00:00+01:00,3.4,82.0,,,6.85,POINT (5.235109138 52.247200717)
GMW000000038627,GAR000000034541,3,2020-09-07T13:00:00+02:00,7.077,67.627,0.3,11.5,6.77,POINT (5.235109138 52.247200717)
GMW000000038627,GAR000000034544,3,1984-02-10T12:00:00+01:00,3.7,86.0,,,6.87,POINT (5.235109138 52.247200717)
GMW000000038627,GAR000000034545,3,1985-04-15T13:00:00+02:00,4.52,73.0,,,6.85,POINT (5.235109138 52.247200717)
GMW000000038627,GAR000000034546,3,1986-04-11T13:00:00+02:00,2.67,77.6,,,6.71,POINT (5.235109138 52.247200717)
GMW000000038627,GAR000000034547,3,1987-04-06T13:00:00+02:00,5.11,73.0,,,7.25,POINT (5.235109138 52.247200717)
GMW000000038627,GAR000000034549,3,1988-03-14T12:00:00+01:00,7.6,69.7,,,7.07,POINT (5.235109138 52.247200717)
GMW000000038627,GAR000000034550,3,1989-03-20T12:00:00+01:00,4.76,70.3,,,6.98,POINT (5.235109138 52.247200717)
GMW000000038627,GAR000000034551,3,1990-02-27T12:00:00+01:00,3.44,75.47,,,6.57,POINT (5.235109138 52.247200717)
GMW000000038627,GAR000000034552,3,1992-04-15T13:00:00+02:00,1.72,77.74,,,6.68,POINT (5.235109138 52.247200717)
GMW000000038627,GAR000000034554,3,1993-04-28T13:00:00+02:00,3.892,77.728,,11.0,6.59,POINT (5.235109138 52.247200717)
GMW000000038627,GAR000000034555,3,1995-10-19T12:00:00+01:00,5.467,63.789,,11.3,6.79,POINT (5.235109138 52.247200717)
GMW000000038627,GAR000000034556,3,1994-10-04T12:00:00+01:00,8.42,69.971,,11.1,6.86,POINT (5.235109138 52.247200717)
GMW000000038627,GAR000000034557,3,1996-09-17T13:00:00+02:00,4.357,69.872,,11.3,6.68,POINT (5.235109138 52.247200717)
GMW000000038627,GAR000000034558,3,1997-12-01T12:00:00+01:00,,,,,,POINT (5.235109138 52.247200717)
GMW000000038627,GAR000000034559,3,1998-09-24T13:00:00+02:00,,,,,,POINT (5.235109138 52.247200717)
GMW000000038627,GAR000000034560,3,1999-07-16T13:00:00+02:00,,,,,,POINT (5.235109138 52.247200717)
GMW000000038627,GAR000000034561,3,2000-09-22T13:00:00+02:00,7.187,61.612,,10.9,6.81,POINT (5.235109138 52.247200717)
GMW000000038627,GAR000000034562,3,2001-11-29T12:00:00+01:00,,,,,,POINT (5.235109138 52.247200717)
GMW000000038627,GAR000000034563,3,2002-09-11T13:00:00+02:00,,,,,,POINT (5.235109138 52.247200717)
GMW000000038627,GAR000000034564,3,2003-09-11T13:00:00+02:00,,,,,,POINT (5.235109138 52.247200717)
GMW000000038627,GAR000000034565,3,2004-07-22T13:00:00+02:00,10.38,58.3,,11.6,7.0,POINT (5.235109138 52.247200717)
GMW000000038627,GAR000000034566,3,2008-08-12T13:00:00+02:00,2.093,60.96,0.0,12.3,6.53,POINT (5.235109138 52.247200717)
GMW000000038627,GAR000000034567,3,2016-09-08T13:00:00+02:00,13.481,49.38,,,7.2,POINT (5.235109138 52.247200717)
GMW000000038627,GAR000000036218,1,2009-07-09T13:00:00+02:00,0.014,73.91,0.05,11.8,5.36,POINT (5.235109138 52.247200717)
GMW000000038627,GAR000000043465,1,2021-06-14T13:00:00+02:00,0.552,86.048,1.7,13.6,5.37,POINT (5.235109138 52.247200717)
GMW000000038627,GAR000000043610,1,2022-05-30T13:00:00+02:00,0.733,80.637,0.2,13.4,5.35,POINT (5.235109138 52.247200717)
GMW000000038627,GAR000000044154,1,2023-07-26T13:00:00+02:00,0.818,70.637,0.1,12.0,5.43,POINT (5.235109138 52.247200717)
GMW000000038727,GAR000000034095,1,1983-01-20T12:00:00+01:00,6.8,37.0,,,5.57,POINT (5.151942359 52.224145494)
GMW000000038727,GAR000000034096,1,1984-02-21T12:00:00+01:00,8.7,98.0,,,5.62,POINT (5.151942359 52.224145494)
GMW000000038727,GAR000000034097,1,1985-04-09T13:00:00+02:00,12.5,41.9,,,4.76,POINT (5.151942359 52.224145494)
GMW000000038727,GAR000000034107,1,1987-04-06T13:00:00+02:00,8.26,34.6,,,4.59,POINT (5.151942359 52.224145494)
GMW000000038727,GAR000000034110,1,1989-03-21T12:00:00+01:00,14.2,24.5,,,4.58,POINT (5.151942359 52.224145494)
GMW000000038727,GAR000000034111,1,1997-12-02T12:00:00+01:00,13.492,29.211,,10.1,4.34,POINT (5.151942359 52.224145494)
GMW000000038727,GAR000000034139,1,1991-03-13T12:00:00+01:00,9.31,23.39,,,4.42,POINT (5.151942359 52.224145494)
GMW000000038727,GAR000000034155,1,1992-04-15T13:00:00+02:00,12.43,25.13,,,4.06,POINT (5.151942359 52.224145494)
GMW000000038727,GAR000000034156,1,1996-09-16T13:00:00+02:00,13.436,19.108,,10.5,4.39,POINT (5.151942359 52.224145494)
GMW000000038727,GAR000000034162,1,1993-04-28T13:00:00+02:00,15.768,29.253,,10.8,4.42,POINT (5.151942359 52.224145494)
GMW000000038727,GAR000000034183,1,1994-10-03T12:00:00+01:00,17.986,24.577,,10.3,4.48,POINT (5.151942359 52.224145494)
GMW000000038727,GAR000000034184,1,1995-10-23T12:00:00+01:00,13.262,16.233,,10.5,4.59,POINT (5.151942359 52.224145494)
GMW000000038727,GAR000000034203,1,1998-09-25T13:00:00+02:00,13.604,37.223,,10.5,4.31,POINT (5.151942359 52.224145494)
GMW000000038727,GAR000000034208,1,1999-07-16T13:00:00+02:00,10.213,39.846,,10.5,4.41,POINT (5.151942359 52.224145494)
GMW000000038727,GAR000000034224,1,2000-09-21T13:00:00+02:00,11.362,43.568,,10.4,4.43,POINT (5.151942359 52.224145494)
GMW000000038727,GAR000000034225,1,2001-11-29T12:00:00+01:00,12.497,38.073,,10.3,4.28,POINT (5.151942359 52.224145494)
GMW000000038727,GAR000000034238,1,2002-09-11T13:00:00+02:00,11.502,31.763,,10.5,4.38,POINT (5.151942359 52.224145494)
GMW000000038727,GAR000000034243,1,2003-09-11T13:00:00+02:00,10.31,32.96,,10.6,4.42,POINT (5.151942359 52.224145494)
GMW000000038727,GAR000000034244,1,2004-07-22T13:00:00+02:00,14.61,40.1,,11.2,5.0,POINT (5.151942359 52.224145494)
GMW000000038727,GAR000000034251,1,2005-05-04T13:00:00+02:00,13.73,39.5,3.9,10.7,5.1,POINT (5.151942359 52.224145494)
GMW000000038727,GAR000000034252,1,2007-09-25T13:00:00+02:00,9.56,30.61,32.0,11.5,4.77,POINT (5.151942359 52.224145494)
GMW000000038727,GAR000000034255,1,2006-06-26T13:00:00+02:00,14.312,40.96,0.25,11.1,5.1,POINT (5.151942359 52.224145494)
GMW000000038727,GAR000000034256,1,2008-08-12T13:00:00+02:00,8.599,29.17,4.22,11.7,4.47,POINT (5.151942359 52.224145494)
GMW000000038727,GAR000000034257,1,2016-09-06T13:00:00+02:00,8.477,35.89,,,4.5,POINT (5.151942359 52.224145494)
GMW000000038727,GAR000000034258,1,2017-11-28T12:00:00+01:00,8.079,52.029,2.5,9.6,4.34,POINT (5.151942359 52.224145494)
GMW000000038727,GAR000000034259,1,2020-05-12T13:00:00+02:00,7.736,32.109,2.7,11.3,4.43,POINT (5.151942359 52.224145494)
GMW000000038727,GAR000000034260,2,1992-04-15T13:00:00+02:00,,,,,,POINT (5.151942359 52.224145494)
GMW000000038727,GAR000000034261,2,1993-04-28T13:00:00+02:00,,,,,,POINT (5.151942359 52.224145494)
GMW000000038727,GAR000000034268,1,2009-07-09T13:00:00+02:00,8.4,29.36,3.06,11.3,4.78,POINT (5.151942359 52.224145494)
GMW000000038727,GAR000000034269,1,2011-01-28T12:00:00+01:00,9.053,26.28,3.5,11.0,4.64,POINT (5.151942359 52.224145494)
GMW000000038727,GAR000000034270,1,2012-06-19T13:00:00+02:00,8.321,24.39,2.88,10.9,4.23,POINT (5.151942359 52.224145494)
GMW000000038727,GAR000000034271,1,2013-10-04T13:00:00+02:00,10.428,25.57,3.21,11.3,4.4,POINT (5.151942359 52.224145494)
GMW000000038727,GAR000000034272,1,2018-08-13T13:00:00+02:00,8.103,48.459,2.1,12.9,4.52,POINT (5.151942359 52.224145494)
GMW000000038727,GAR000000034273,1,2019-07-03T13:00:00+02:00,8.033,41.276,2.6,11.2,4.36,POINT (5.151942359 52.224145494)
GMW000000038727,GAR000000034281,1,2010-08-24T13:00:00+02:00,8.436,28.83,2.27,10.8,4.43,POINT (5.151942359 52.224145494)
GMW000000038727,GAR000000034282,1,2014-08-19T13:00:00+02:00,9.73,28.77,4.23,11.5,4.3,POINT (5.151942359 52.224145494)
GMW000000038727,GAR000000034301,2,1990-02-27T12:00:00+01:00,,,,,,POINT (5.151942359 52.224145494)
GMW000000038727,GAR000000034302,2,1991-03-13T12:00:00+01:00,,,,,,POINT (5.151942359 52.224145494)
GMW000000038727,GAR000000034303,2,1994-10-03T12:00:00+01:00,,,,,,POINT (5.151942359 52.224145494)
GMW000000038727,GAR000000034312,2,1995-10-23T12:00:00+01:00,,,,,,POINT (5.151942359 52.224145494)
GMW000000038727,GAR000000034316,2,1996-09-16T13:00:00+02:00,,,,,,POINT (5.151942359 52.224145494)
GMW000000038727,GAR000000034317,2,2001-11-29T12:00:00+01:00,,,,,,POINT (5.151942359 52.224145494)
GMW000000038727,GAR000000034322,2,1997-12-02T12:00:00+01:00,,,,,,POINT (5.151942359 52.224145494)
GMW000000038727,GAR000000034323,2,1998-09-25T13:00:00+02:00,,,,,,POINT (5.151942359 52.224145494)
GMW000000038727,GAR000000034324,2,1999-07-16T13:00:00+02:00,,,,,,POINT (5.151942359 52.224145494)
GMW000000038727,GAR000000034325,2,2000-09-21T13:00:00+02:00,,,,,,POINT (5.151942359 52.224145494)
GMW000000038727,GAR000000034326,2,2002-09-11T13:00:00+02:00,,,,,,POINT (5.151942359 52.224145494)
GMW000000038727,GAR000000034327,2,2003-09-11T13:00:00+02:00,,,,,,POINT (5.151942359 52.224145494)
GMW000000038727,GAR000000034331,3,1981-07-16T13:00:00+02:00,6.7,40.0,,,7.84,POINT (5.151942359 52.224145494)
GMW000000038727,GAR000000034332,3,1983-01-20T12:00:00+01:00,7.7,40.0,,,7.87,POINT (5.151942359 52.224145494)
GMW000000038727,GAR000000034346,3,1984-02-21T12:00:00+01:00,5.9,40.0,,,7.81,POINT (5.151942359 52.224145494)
GMW000000038727,GAR000000034350,3,1985-04-09T13:00:00+02:00,4.87,51.6,,,7.76,POINT (5.151942359 52.224145494)
GMW000000038727,GAR000000034351,3,1986-04-10T13:00:00+02:00,5.49,54.0,,,7.83,POINT (5.151942359 52.224145494)
GMW000000038727,GAR000000034352,3,1988-03-14T12:00:00+01:00,6.36,60.0,,,7.87,POINT (5.151942359 52.224145494)
GMW000000038727,GAR000000034354,3,1987-04-06T13:00:00+02:00,5.39,55.7,,,7.8,POINT (5.151942359 52.224145494)
GMW000000038727,GAR000000034355,3,1990-02-27T12:00:00+01:00,5.57,74.94,,,7.64,POINT (5.151942359 52.224145494)
GMW000000038727,GAR000000034361,3,1989-03-21T12:00:00+01:00,6.61,61.2,,,7.92,POINT (5.151942359 52.224145494)
GMW000000038727,GAR000000034362,3,1991-03-13T12:00:00+01:00,11.68,59.46,,,7.82,POINT (5.151942359 52.224145494)
GMW000000038727,GAR000000034386,3,1992-04-15T13:00:00+02:00,10.44,56.9,,,7.77,POINT (5.151942359 52.224145494)
GMW000000038727,GAR000000034387,3,1993-04-28T13:00:00+02:00,10.932,56.039,,10.0,7.74,POINT (5.151942359 52.224145494)
GMW000000038727,GAR000000034388,3,1994-10-03T12:00:00+01:00,11.316,53.941,,10.3,7.63,POINT (5.151942359 52.224145494)
GMW000000038727,GAR000000034392,3,1995-10-23T12:00:00+01:00,9.447,48.783,,10.2,7.71,POINT (5.151942359 52.224145494)
GMW000000038727,GAR000000034395,3,1996-09-16T13:00:00+02:00,9.891,47.29,,10.5,7.85,POINT (5.151942359 52.224145494)
GMW000000038727,GAR000000034396,3,1997-12-02T12:00:00+01:00,,,,,,POINT (5.151942359 52.224145494)
GMW000000038727,GAR000000034397,3,1999-07-16T13:00:00+02:00,,,,,,POINT (5.151942359 52.224145494)
GMW000000038727,GAR000000034398,3,2001-11-29T12:00:00+01:00,,,,,,POINT (5.151942359 52.224145494)
GMW000000038727,GAR000000034405,3,1998-09-25T13:00:00+02:00,,,,,,POINT (5.151942359 52.224145494)
GMW000000038727,GAR000000034411,3,2000-09-21T13:00:00+02:00,13.183,47.326,,10.1,7.69,POINT (5.151942359 52.224145494)
GMW000000038727,GAR000000034416,1,1988-03-14T12:00:00+01:00,13.2,27.3,,,4.57,POINT (5.151942359 52.224145494)
GMW000000038727,GAR000000034417,1,1990-02-27T12:00:00+01:00,11.27,23.93,,,4.42,POINT (5.151942359 52.224145494)
GMW000000038727,GAR000000034420,3,2002-09-11T13:00:00+02:00,,,,,,POINT (5.151942359 52.224145494)
GMW000000038727,GAR000000034421,3,2003-09-11T13:00:00+02:00,,,,,,POINT (5.151942359 52.224145494)
GMW000000038727,GAR000000034422,3,2016-09-06T13:00:00+02:00,9.19,51.12,,,7.5,POINT (5.151942359 52.224145494)
GMW000000038727,GAR000000034430,3,2004-07-22T13:00:00+02:00,10.33,64.1,,10.7,7.8,POINT (5.151942359 52.224145494)
GMW000000038727,GAR000000034431,3,2008-08-12T13:00:00+02:00,8.671,44.95,0.15,11.2,7.07,POINT (5.151942359 52.224145494)
GMW000000038727,GAR000000034432,3,2020-05-12T13:00:00+02:00,11.969,41.886,1.3,10.9,7.5,POINT (5.151942359 52.224145494)
GMW000000038727,GAR000000034457,1,1981-07-16T13:00:00+02:00,8.7,19.0,,,5.78,POINT (5.151942359 52.224145494)
GMW000000038727,GAR000000034458,1,1986-04-10T13:00:00+02:00,0.3,38.8,,,4.71,POINT (5.151942359 52.224145494)
GMW000000038727,GAR000000036216,3,2012-06-19T13:00:00+02:00,10.473,53.71,1.02,11.0,6.99,POINT (5.151942359 52.224145494)
GMW000000038727,GAR000000043399,1,2021-06-14T13:00:00+02:00,7.876,31.716,2.4,12.3,4.35,POINT (5.151942359 52.224145494)
GMW000000038727,GAR000000043758,1,2022-05-31T13:00:00+02:00,7.889,28.699,2.5,11.4,4.32,POINT (5.151942359 52.224145494)
GMW000000038727,GAR000000044015,1,2023-06-12T13:00:00+02:00,7.494,30.784,2.3,11.7,4.47,POINT (5.151942359 52.224145494)
GMW000000038889,GAR000000036356,1,1981-10-16T12:00:00+01:00,0.1,70.0,,,6.93,POINT (5.140903165 52.201311941)
GMW000000038889,GAR000000036414,1,1983-06-15T13:00:00+02:00,0.1,29.0,,,6.68,POINT (5.140903165 52.201311941)
GMW000000038889,GAR000000036415,1,1985-08-28T13:00:00+02:00,0.3,26.6,,,6.55,POINT (5.140903165 52.201311941)
GMW000000038889,GAR000000036416,1,1986-09-08T13:00:00+02:00,0.59,31.0,,,6.7,POINT (5.140903165 52.201311941)
GMW000000038889,GAR000000036417,1,1988-08-15T13:00:00+02:00,0.28,18.0,,,6.93,POINT (5.140903165 52.201311941)
GMW000000038889,GAR000000036418,1,1984-07-11T13:00:00+02:00,0.1,21.0,,,6.67,POINT (5.140903165 52.201311941)
GMW000000038889,GAR000000036426,1,1987-09-18T13:00:00+02:00,0.3,115.0,,,6.63,POINT (5.140903165 52.201311941)
GMW000000038889,GAR000000036427,1,1999-06-09T13:00:00+02:00,3.937,25.559,,11.6,6.63,POINT (5.140903165 52.201311941)
GMW000000038889,GAR000000036428,3,1987-09-18T13:00:00+02:00,0.3,54.9,,,7.63,POINT (5.140903165 52.201311941)
GMW000000038889,GAR000000036429,3,1989-10-03T12:00:00+01:00,0.28,52.4,,,7.89,POINT (5.140903165 52.201311941)
GMW000000038889,GAR000000036430,1,1989-10-03T12:00:00+01:00,0.28,57.4,,,7.35,POINT (5.140903165 52.201311941)
GMW000000038889,GAR000000036431,1,2000-07-11T13:00:00+02:00,3.236,19.462,,11.7,6.68,POINT (5.140903165 52.201311941)
GMW000000038889,GAR000000036432,1,2001-08-31T13:00:00+02:00,6.248,15.35,,12.0,6.67,POINT (5.140903165 52.201311941)
GMW000000038889,GAR000000036433,1,2002-07-02T13:00:00+02:00,13.057,19.568,,12.1,6.56,POINT (5.140903165 52.201311941)
GMW000000038889,GAR000000036434,1,1990-08-22T13:00:00+02:00,0.28,22.05,,,7.05,POINT (5.140903165 52.201311941)
GMW000000038889,GAR000000036435,1,1991-07-04T13:00:00+02:00,0.08,17.95,,,6.81,POINT (5.140903165 52.201311941)
GMW000000038889,GAR000000036436,1,2003-05-26T13:00:00+02:00,15.46,12.87,,11.8,6.49,POINT (5.140903165 52.201311941)
GMW000000038889,GAR000000036438,1,1992-07-01T13:00:00+02:00,0.03,31.48,,,6.83,POINT (5.140903165 52.201311941)
GMW000000038889,GAR000000036439,1,2004-06-17T13:00:00+02:00,11.36,13.4,,12.5,6.65,POINT (5.140903165 52.201311941)
GMW000000038889,GAR000000036440,1,2005-04-28T13:00:00+02:00,15.58,9.1,0.0,12.5,6.4,POINT (5.140903165 52.201311941)
GMW000000038889,GAR000000036441,1,2011-01-28T12:00:00+01:00,2.475,18.07,0.05,11.3,6.55,POINT (5.140903165 52.201311941)
GMW000000038889,GAR000000036442,1,2012-06-19T13:00:00+02:00,1.83,17.44,0.0,12.4,6.52,POINT (5.140903165 52.201311941)
GMW000000038889,GAR000000036443,3,1993-06-08T13:00:00+02:00,0.029,40.775,,12.4,7.37,POINT (5.140903165 52.201311941)
GMW000000038889,GAR000000036444,3,1994-04-27T13:00:00+02:00,0.057,37.052,,11.0,7.89,POINT (5.140903165 52.201311941)
GMW000000038889,GAR000000036446,1,1993-06-08T13:00:00+02:00,0.045,16.832,,12.8,6.53,POINT (5.140903165 52.201311941)
GMW000000038889,GAR000000036447,1,1994-04-27T13:00:00+02:00,0.067,19.703,,11.2,6.84,POINT (5.140903165 52.201311941)
GMW000000038889,GAR000000036448,1,1997-08-14T13:00:00+02:00,1.975,18.611,,11.5,6.79,POINT (5.140903165 52.201311941)
GMW000000038889,GAR000000036449,1,2006-05-31T13:00:00+02:00,12.033,12.7,0.3,12.0,6.4,POINT (5.140903165 52.201311941)
GMW000000038889,GAR000000036450,1,2007-10-04T13:00:00+02:00,5.12,20.01,0.0,13.5,6.97,POINT (5.140903165 52.201311941)
GMW000000038889,GAR000000036451,1,2014-09-29T13:00:00+02:00,3.281,15.55,0.36,12.3,6.6,POINT (5.140903165 52.201311941)
GMW000000038889,GAR000000036452,1,2016-09-06T13:00:00+02:00,0.903,11.71,,,6.8,POINT (5.140903165 52.201311941)
GMW000000038889,GAR000000036454,1,1995-04-07T13:00:00+02:00,0.584,24.531,,10.7,6.9,POINT (5.140903165 52.201311941)
GMW000000038889,GAR000000036455,1,1996-04-17T13:00:00+02:00,0.028,16.059,,11.1,6.66,POINT (5.140903165 52.201311941)
GMW000000038889,GAR000000036456,1,1998-06-03T13:00:00+02:00,4.091,13.79,,11.9,6.58,POINT (5.140903165 52.201311941)
GMW000000038889,GAR000000036457,1,2008-08-12T13:00:00+02:00,5.236,32.01,0.03,13.0,6.36,POINT (5.140903165 52.201311941)
GMW000000038889,GAR000000036459,1,2009-06-05T13:00:00+02:00,5.866,19.45,0.08,12.1,6.64,POINT (5.140903165 52.201311941)
GMW000000038889,GAR000000036460,1,2010-08-24T13:00:00+02:00,7.49,18.82,0.11,12.4,6.49,POINT (5.140903165 52.201311941)
GMW000000038889,GAR000000036461,1,2013-10-30T12:00:00+01:00,2.707,12.4,0.23,13.1,6.5,POINT (5.140903165 52.201311941)
GMW000000038889,GAR000000036462,3,1996-04-17T13:00:00+02:00,0.028,30.239,,10.7,7.72,POINT (5.140903165 52.201311941)
GMW000000038889,GAR000000036463,3,1997-08-14T13:00:00+02:00,,,,,,POINT (5.140903165 52.201311941)
GMW000000038889,GAR000000036464,3,1999-06-09T13:00:00+02:00,,,,,,POINT (5.140903165 52.201311941)
GMW000000038889,GAR000000036465,3,2001-08-31T13:00:00+02:00,,,,,,POINT (5.140903165 52.201311941)
GMW000000038889,GAR000000036466,3,2003-05-26T13:00:00+02:00,,,,,,POINT (5.140903165 52.201311941)
GMW000000038889,GAR000000036467,1,2017-11-30T12:00:00+01:00,1.916,12.07,0.4,10.8,6.76,POINT (5.140903165 52.201311941)
GMW000000038889,GAR000000036468,1,2018-08-13T13:00:00+02:00,4.392,18.19,0.4,14.6,6.81,POINT (5.140903165 52.201311941)
GMW000000038889,GAR000000036469,1,2019-07-03T13:00:00+02:00,10.76,23.726,0.2,12.2,6.98,POINT (5.140903165 52.201311941)
GMW000000038889,GAR000000036470,1,2020-06-17T13:00:00+02:00,0.029,18.585,0.1,12.0,7.49,POINT (5.140903165 52.201311941)
GMW000000038889,GAR000000036471,2,1981-10-16T12:00:00+01:00,0.1,54.0,,,7.73,POINT (5.140903165 52.201311941)
GMW000000038889,GAR000000036472,2,1990-08-22T13:00:00+02:00,,,,,,POINT (5.140903165 52.201311941)
GMW000000038889,GAR000000036473,2,1991-07-04T13:00:00+02:00,,,,,,POINT (5.140903165 52.201311941)
GMW000000038889,GAR000000036474,2,1993-06-08T13:00:00+02:00,,,,,,POINT (5.140903165 52.201311941)
GMW000000038889,GAR000000036475,2,1994-04-27T13:00:00+02:00,,,,,,POINT (5.140903165 52.201311941)
GMW000000038889,GAR000000036476,2,1992-07-01T13:00:00+02:00,,,,,,POINT (5.140903165 52.201311941)
GMW000000038889,GAR000000036481,2,1995-04-07T13:00:00+02:00,,,,,,POINT (5.140903165 52.201311941)
GMW000000038889,GAR000000036482,2,1996-04-17T13:00:00+02:00,,,,,,POINT (5.140903165 52.201311941)
GMW000000038889,GAR000000036483,2,1998-06-03T13:00:00+02:00,,,,,,POINT (5.140903165 52.201311941)
GMW000000038889,GAR000000036484,2,2000-07-11T13:00:00+02:00,,,,,,POINT (5.140903165 52.201311941)
GMW000000038889,GAR000000036485,2,2001-08-31T13:00:00+02:00,,,,,,POINT (5.140903165 52.201311941)
GMW000000038889,GAR000000036486,2,2002-07-02T13:00:00+02:00,,,,,,POINT (5.140903165 52.201311941)
GMW000000038889,GAR000000036487,2,1997-08-14T13:00:00+02:00,,,,,,POINT (5.140903165 52.201311941)
GMW000000038889,GAR000000036488,2,1999-06-09T13:00:00+02:00,,,,,,POINT (5.140903165 52.201311941)
GMW000000038889,GAR000000036489,3,1981-10-16T12:00:00+01:00,0.1,142.0,,,6.7,POINT (5.140903165 52.201311941)
GMW000000038889,GAR000000036490,3,1983-06-15T13:00:00+02:00,0.1,44.0,,,7.66,POINT (5.140903165 52.201311941)
GMW000000038889,GAR000000036491,3,1984-07-11T13:00:00+02:00,0.1,48.0,,,7.65,POINT (5.140903165 52.201311941)
GMW000000038889,GAR000000036492,2,2003-05-26T13:00:00+02:00,,,,,,POINT (5.140903165 52.201311941)
GMW000000038889,GAR000000036497,3,1985-08-28T13:00:00+02:00,0.3,39.5,,,7.69,POINT (5.140903165 52.201311941)
GMW000000038889,GAR000000036498,3,1986-09-08T13:00:00+02:00,0.3,44.8,,,7.61,POINT (5.140903165 52.201311941)
GMW000000038889,GAR000000036499,3,2000-07-11T13:00:00+02:00,0.028,14.003,,11.4,7.82,POINT (5.140903165 52.201311941)
GMW000000038889,GAR000000036500,3,2002-07-02T13:00:00+02:00,,,,,,POINT (5.140903165 52.201311941)
GMW000000038889,GAR000000036501,3,2004-06-17T13:00:00+02:00,0.01,32.2,,11.7,7.85,POINT (5.140903165 52.201311941)
GMW000000038889,GAR000000036502,3,1988-08-15T13:00:00+02:00,0.28,51.8,,,7.51,POINT (5.140903165 52.201311941)
GMW000000038889,GAR000000036508,3,1990-08-22T13:00:00+02:00,0.28,48.71,,,7.68,POINT (5.140903165 52.201311941)
GMW000000038889,GAR000000036509,3,1991-07-04T13:00:00+02:00,0.03,36.01,,,7.73,POINT (5.140903165 52.201311941)
GMW000000038889,GAR000000036513,3,1992-07-01T13:00:00+02:00,0.06,38.39,,,7.53,POINT (5.140903165 52.201311941)
GMW000000038889,GAR000000036518,3,1995-04-07T13:00:00+02:00,0.049,35.17,,10.8,7.51,POINT (5.140903165 52.201311941)
GMW000000038889,GAR000000036519,3,1998-06-03T13:00:00+02:00,,,,,,POINT (5.140903165 52.201311941)
GMW000000038889,GAR000000036524,3,2008-08-12T13:00:00+02:00,0.014,22.89,0.0,12.0,7.23,POINT (5.140903165 52.201311941)
GMW000000038889,GAR000000036530,3,2012-06-19T13:00:00+02:00,0.02,18.01,0.0,12.1,7.25,POINT (5.140903165 52.201311941)
GMW000000038889,GAR000000036537,3,2016-09-06T13:00:00+02:00,0.07,19.57,,,7.7,POINT (5.140903165 52.201311941)
GMW000000038889,GAR000000036538,3,2020-06-17T13:00:00+02:00,0.029,18.548,0.1,11.7,6.53,POINT (5.140903165 52.201311941)
GMW000000038889,GAR000000043263,1,2021-06-14T13:00:00+02:00,0.029,14.433,0.1,12.5,6.52,POINT (5.140903165 52.201311941)
GMW000000038889,GAR000000043698,1,2022-05-30T13:00:00+02:00,0.029,15.594,0.2,12.3,6.47,POINT (5.140903165 52.201311941)
GMW000000038889,GAR000000044063,1,2023-06-12T13:00:00+02:00,0.029,18.939,0.5,13.3,6.6,POINT (5.140903165 52.201311941)
GMW000000038901,GAR000000034370,1,1982-08-24T13:00:00+02:00,,,,,,POINT (5.03869831 52.294644639)
GMW000000038901,GAR000000034371,1,1983-01-20T12:00:00+01:00,0.1,1190.0,,,7.04,POINT (5.03869831 52.294644639)
GMW000000038901,GAR000000034372,1,1986-04-11T13:00:00+02:00,0.3,1110.0,,,7.08,POINT (5.03869831 52.294644639)
GMW000000038901,GAR000000034373,1,2009-07-09T13:00:00+02:00,0.014,1001.12,0.06,11.6,7.01,POINT (5.03869831 52.294644639)
GMW000000038901,GAR000000034374,1,2014-08-19T13:00:00+02:00,0.07,973.06,1.08,10.8,7.0,POINT (5.03869831 52.294644639)
GMW000000038901,GAR000000034375,1,2018-08-15T13:00:00+02:00,0.07,928.174,0.2,13.7,7.25,POINT (5.03869831 52.294644639)
GMW000000038901,GAR000000034377,1,1981-07-16T13:00:00+02:00,0.1,1110.0,,,7.08,POINT (5.03869831 52.294644639)
GMW000000038901,GAR000000034378,1,1984-02-10T12:00:00+01:00,0.1,1210.0,,,7.1,POINT (5.03869831 52.294644639)
GMW000000038901,GAR000000034379,1,1988-03-15T12:00:00+01:00,0.28,1091.0,,,7.24,POINT (5.03869831 52.294644639)
GMW000000038901,GAR000000034380,1,1990-03-13T12:00:00+01:00,0.28,1071.85,,,7.0,POINT (5.03869831 52.294644639)
GMW000000038901,GAR000000034381,1,1985-04-15T13:00:00+02:00,0.3,1090.0,,,7.12,POINT (5.03869831 52.294644639)
GMW000000038901,GAR000000034382,1,1987-03-30T13:00:00+02:00,0.3,1100.0,,,7.2,POINT (5.03869831 52.294644639)
GMW000000038901,GAR000000034383,1,1989-03-20T12:00:00+01:00,0.28,1118.0,,,7.14,POINT (5.03869831 52.294644639)
GMW000000038901,GAR000000034384,1,1991-03-13T12:00:00+01:00,0.03,1162.34,,,6.93,POINT (5.03869831 52.294644639)
GMW000000038901,GAR000000034385,1,1992-04-28T13:00:00+02:00,0.03,1067.08,,,7.13,POINT (5.03869831 52.294644639)
GMW000000038901,GAR000000034389,1,1993-04-29T13:00:00+02:00,0.022,1087.003,,11.2,6.91,POINT (5.03869831 52.294644639)
GMW000000038901,GAR000000034390,1,1995-10-24T12:00:00+01:00,0.042,1051.798,,10.5,6.92,POINT (5.03869831 52.294644639)
GMW000000038901,GAR000000034391,1,2001-11-29T12:00:00+01:00,0.028,1061.231,,10.3,7.0,POINT (5.03869831 52.294644639)
GMW000000038901,GAR000000034393,1,1997-12-02T12:00:00+01:00,0.042,1057.899,,10.1,6.97,POINT (5.03869831 52.294644639)
GMW000000038901,GAR000000034394,1,2005-09-29T13:00:00+02:00,0.01,998.0,0.0,11.2,6.9,POINT (5.03869831 52.294644639)
GMW000000038901,GAR000000034400,2,1981-07-16T13:00:00+02:00,0.1,1130.0,,,7.12,POINT (5.03869831 52.294644639)
GMW000000038901,GAR000000034401,2,1990-03-13T12:00:00+01:00,,,,,,POINT (5.03869831 52.294644639)
GMW000000038901,GAR000000034402,2,1992-04-28T13:00:00+02:00,,,,,,POINT (5.03869831 52.294644639)
GMW000000038901,GAR000000034403,2,1995-10-24T12:00:00+01:00,,,,,,POINT (5.03869831 52.294644639)
GMW000000038901,GAR000000034404,2,2001-11-29T12:00:00+01:00,,,,,,POINT (5.03869831 52.294644639)
GMW000000038901,GAR000000034407,2,1991-03-13T12:00:00+01:00,,,,,,POINT (5.03869831 52.294644639)
GMW000000038901,GAR000000034408,2,1993-04-29T13:00:00+02:00,,,,,,POINT (5.03869831 52.294644639)
GMW000000038901,GAR000000034409,2,1997-12-02T12:00:00+01:00,,,,,,POINT (5.03869831 52.294644639)
GMW000000038901,GAR000000034410,3,1983-01-20T12:00:00+01:00,0.1,1200.0,,,7.35,POINT (5.03869831 52.294644639)
GMW000000038901,GAR000000034414,3,1981-07-16T13:00:00+02:00,0.1,1110.0,,,7.49,POINT (5.03869831 52.294644639)
GMW000000038901,GAR000000034415,3,1982-08-24T13:00:00+02:00,,,,,,POINT (5.03869831 52.294644639)
GMW000000038901,GAR000000034419,3,1984-02-10T12:00:00+01:00,0.1,1200.0,,,7.5,POINT (5.03869831 52.294644639)
GMW000000038901,GAR000000034426,3,1985-04-15T13:00:00+02:00,0.3,1120.0,,,7.45,POINT (5.03869831 52.294644639)
GMW000000038901,GAR000000034427,3,1986-04-11T13:00:00+02:00,0.3,1140.0,,,7.46,POINT (5.03869831 52.294644639)
GMW000000038901,GAR000000034428,3,1988-03-15T12:00:00+01:00,0.28,1205.0,,,7.52,POINT (5.03869831 52.294644639)
GMW000000038901,GAR000000034429,3,1989-03-20T12:00:00+01:00,0.28,1160.0,,,7.48,POINT (5.03869831 52.294644639)
GMW000000038901,GAR000000034436,3,1987-03-30T13:00:00+02:00,0.3,1150.0,,,7.86,POINT (5.03869831 52.294644639)
GMW000000038901,GAR000000034437,3,1990-03-13T12:00:00+01:00,0.28,1148.64,,,7.37,POINT (5.03869831 52.294644639)
GMW000000038901,GAR000000034442,3,1991-03-13T12:00:00+01:00,0.03,1123.18,,,7.41,POINT (5.03869831 52.294644639)
GMW000000038901,GAR000000034443,3,1995-10-24T12:00:00+01:00,0.046,1112.074,,10.5,7.44,POINT (5.03869831 52.294644639)
GMW000000038901,GAR000000034447,3,1992-04-28T13:00:00+02:00,0.55,1113.8,,,7.47,POINT (5.03869831 52.294644639)
GMW000000038901,GAR000000034448,3,1993-04-29T13:00:00+02:00,0.018,1132.663,,10.5,7.44,POINT (5.03869831 52.294644639)
GMW000000038901,GAR000000034449,3,1997-12-02T12:00:00+01:00,0.042,1111.499,,10.5,7.47,POINT (5.03869831 52.294644639)
GMW000000038901,GAR000000034452,3,2001-11-29T12:00:00+01:00,0.028,1102.601,,10.0,7.58,POINT (5.03869831 52.294644639)
GMW000000038901,GAR000000034453,3,2005-09-29T13:00:00+02:00,0.01,1099.0,0.0,10.6,7.3,POINT (5.03869831 52.294644639)
GMW000000038901,GAR000000034454,3,2009-07-09T13:00:00+02:00,0.014,1014.52,0.06,11.4,7.37,POINT (5.03869831 52.294644639)
GMW000000038901,GAR000000034455,3,2014-08-19T13:00:00+02:00,0.07,1003.51,0.12,10.4,7.3,POINT (5.03869831 52.294644639)
GMW000000038901,GAR000000034456,3,2018-08-15T13:00:00+02:00,0.07,998.715,0.2,13.4,7.45,POINT (5.03869831 52.294644639)
GMW000000038901,GAR000000043591,1,2022-05-31T13:00:00+02:00,0.029,937.111,0.2,11.6,6.92,POINT (5.03869831 52.294644639)
GMW000000038901,GAR000000043696,3,2022-05-31T13:00:00+02:00,0.029,982.298,0.2,11.1,7.22,POINT (5.03869831 52.294644639)
