"BRO-ID","kwaliteitsregime","in registratie sinds","tijdstip veldonderzoek","pomptype","buis",,,,
"GAR000000063044","IMBRO/A","2025-04-11T10:27:18+02:00","1990-07-13T12:00:00+02:00","onbekend","2",,,,
,,,,,,,,,
"parameter","sikb-id","aquo-code","analysedatum","analysemeetwaarde","eenheid meerwaarde","rapportagegrens","eenheid rapportagegres","limietsymbool","status kwaliteitscontrole"
"Zuurgraad","1398","pH","1990-07-13","6.9","1",,,,"goedgekeurd"
"Geleidendheid","3548","GELDHD","1990-07-13","1770.0","mS/m",,,,"onbeslist"
"calcium","447","Ca","1990-07-13","437.0","mg/l",,,,"goedgekeurd"
"arseen","310","As","1990-07-13","1.0","ug/l",,,,"goedgekeurd"
"zink","1693","Zn","1990-07-13","10.0","ug/l",,,,"goedgekeurd"
"lood","1116","Pb","1990-07-13","72.6","ug/l",,,,"onbeslist"
"nikkel","1267","Ni","1990-07-13","2.0","ug/l",,,,"goedgekeurd"
"kwik","1097","Hg","1990-07-13","0.05","ug/l",,,,"goedgekeurd"
"koper","971","Cu","1990-07-13","113.1","ug/l",,,,"goedgekeurd"
"natrium","1262","Na","1990-07-13","4675.0","mg/l",,,,"goedgekeurd"
"cadmium","441","Cd","1990-07-13","0.12","ug/l",,,,"goedgekeurd"
"kalium","920","K","1990-07-13","141.0","mg/l",,,,"goedgekeurd"
"fosfaat","1334","PO4","1990-07-13","5.52","mg/l",,,,"goedgekeurd"
"fosfor totaal","4188","Ptot","1990-07-13","7.06","mg/l",,,,"goedgekeurd"
"nitraat","1270","NO3","1990-07-13","0.88","mg/l",,,,"goedgekeurd"
"waterstofcarbonaat","374","HCO3","1990-07-13","996.0","mg/l",,,,"goedgekeurd"
"sulfaat","1508","SO4","1990-07-13","740.0","mg/l",,,,"goedgekeurd"
"chloride","508","Cl","1990-07-13","9365.0","mg/l",,,,"goedgekeurd"
"ammonium","289","NH4","1990-07-13","15.09","mg/l",,,,"goedgekeurd"
"mangaan","1128","Mn","1990-07-13","1100.0","ug/l",,,,"goedgekeurd"
"ijzer","879","Fe","1990-07-13","9400.0","ug/l",,,,"goedgekeurd"
"magnesium","1125","Mg","1990-07-13","540.0","mg/l",,,,"goedgekeurd"
"chroom","517","Cr","1990-07-13","2.0","ug/l",,,,"goedgekeurd"
,,,,,,,,,
