"BRO-ID","kwaliteitsregime","in registratie sinds","tijdstip veldonderzoek","pomptype","buis",,,,
"GAR000000062638","IMBRO/A","2025-04-11T09:47:27+02:00","1997-12-23T11:00:00+01:00","onbekend","3",,,,
,,,,,,,,,
"parameter","sikb-id","aquo-code","analysemeetwaarde","eenheid meetwaarde","status kwaliteitscontrole",,,,
"Temperatuur","1522","T","9.3","Cel","goedgekeurd",,,,
,,,,,,,,,
"parameter","sikb-id","aquo-code","analysedatum","analysemeetwaarde","eenheid meerwaarde","rapportagegrens","eenheid rapportagegres","limietsymbool","status kwaliteitscontrole"
"calcium","447","Ca","1997-12-23","175.0","mg/l",,,,"goedgekeurd"
"arseen","310","As","1997-12-23","5.0","ug/l",,,"<","goedgekeurd"
"aluminium","284","Al","1997-12-23","5.0","ug/l",,,"<","goedgekeurd"
"nitraat","1270","NO3","1997-12-23","2.0","mg/l",,,"<","goedgekeurd"
"waterstofcarbonaat","374","HCO3","1997-12-23","320.0","mg/l",,,,"goedgekeurd"
"sulfaat","1508","SO4","1997-12-23","160.0","mg/l",,,,"goedgekeurd"
"chloride","508","Cl","1997-12-23","1500.0","mg/l",,,,"onbeslist"
"mangaan","1128","Mn","1997-12-23","100.0","ug/l",,,,"goedgekeurd"
"chroom","517","Cr","1997-12-23","2.5","ug/l",,,"<","goedgekeurd"
"magnesium","1125","Mg","1997-12-23","70.0","mg/l",,,,"goedgekeurd"
"koper","971","Cu","1997-12-23","2.5","ug/l",,,"<","goedgekeurd"
"kalium","920","K","1997-12-23","25.0","mg/l",,,,"goedgekeurd"
"natrium","1262","Na","1997-12-23","725.0","mg/l",,,,"onbeslist"
"Zuurgraad","1398","pH","1997-12-23","7.2","1",,,,"goedgekeurd"
"ammonium","289","NH4","1997-12-23","3.63","mg/l",,,,"goedgekeurd"
"ijzer","879","Fe","1997-12-23","5400.0","ug/l",,,,"goedgekeurd"
"cadmium","441","Cd","1997-12-23","0.5","ug/l",,,"<","goedgekeurd"
"stikstof Kjeldahl","4064","NKj","1997-12-23","3.0","mg/l",,,,"goedgekeurd"
"zink","1693","Zn","1997-12-23","22.0","ug/l",,,,"goedgekeurd"
"lood","1116","Pb","1997-12-23","5.0","ug/l",,,"<","goedgekeurd"
"nikkel","1267","Ni","1997-12-23","5.0","ug/l",,,"<","goedgekeurd"
"fosfor totaal","4188","Ptot","1997-12-23","0.3","mg/l",,,,"goedgekeurd"
"Geleidendheid","3548","GELDHD","1997-12-23","509.0","mS/m",,,,"onbeslist"
"fosfaat","1334","PO4","1997-12-23","0.07","mg/l",,,,"goedgekeurd"
,,,,,,,,,
