"BRO-ID","kwaliteitsregime","in registratie sinds","tijdstip veldonderzoek","pomptype","buis",,,,
"GAR000000062731","IMBRO/A","2025-04-11T09:56:52+02:00","1996-10-29T11:00:00+01:00","onbekend","2",,,,
,,,,,,,,,
"parameter","sikb-id","aquo-code","analysemeetwaarde","eenheid meetwaarde","status kwaliteitscontrole",,,,
"Temperatuur","1522","T","11.5","Cel","goedgekeurd",,,,
,,,,,,,,,
"parameter","sikb-id","aquo-code","analysedatum","analysemeetwaarde","eenheid meerwaarde","rapportagegrens","eenheid rapportagegres","limietsymbool","status kwaliteitscontrole"
"ijzer","879","Fe","1996-10-29","20000.0","ug/l",,,,"goedgekeurd"
"nikkel","1267","Ni","1996-10-29","5.0","ug/l",,,"<","goedgekeurd"
"natrium","1262","Na","1996-10-29","475.0","mg/l",,,,"goedgekeurd"
"kalium","920","K","1996-10-29","18.0","mg/l",,,,"goedgekeurd"
"calcium","447","Ca","1996-10-29","193.0","mg/l",,,,"goedgekeurd"
"magnesium","1125","Mg","1996-10-29","48.0","mg/l",,,,"goedgekeurd"
"mangaan","1128","Mn","1996-10-29","1000.0","ug/l",,,,"goedgekeurd"
"sulfaat","1508","SO4","1996-10-29","35.0","mg/l",,,,"goedgekeurd"
"waterstofcarbonaat","374","HCO3","1996-10-29","440.0","mg/l",,,,"goedgekeurd"
"nitraat","1270","NO3","1996-10-29","2.0","mg/l",,,"<","goedgekeurd"
"aluminium","284","Al","1996-10-29","5.0","ug/l",,,"<","goedgekeurd"
"arseen","310","As","1996-10-29","20.0","ug/l",,,,"goedgekeurd"
"cadmium","441","Cd","1996-10-29","0.5","ug/l",,,"<","goedgekeurd"
"koper","971","Cu","1996-10-29","5.0","ug/l",,,"<","goedgekeurd"
"ammonium","289","NH4","1996-10-29","12.07","mg/l",,,,"goedgekeurd"
"lood","1116","Pb","1996-10-29","5.0","ug/l",,,"<","goedgekeurd"
"zink","1693","Zn","1996-10-29","270.0","ug/l",,,,"goedgekeurd"
"stikstof Kjeldahl","4064","NKj","1996-10-29","14.0","mg/l",,,,"goedgekeurd"
"chloride","508","Cl","1996-10-29","1070.0","mg/l",,,,"goedgekeurd"
"chroom","517","Cr","1996-10-29","5.0","ug/l",,,"<","goedgekeurd"
"Zuurgraad","1398","pH","1996-10-29","7.0","1",,,,"goedgekeurd"
"fosfor totaal","4188","Ptot","1996-10-29","1.2","mg/l",,,,"goedgekeurd"
"fosfaat","1334","PO4","1996-10-29","0.005","mg/l",,,"<","goedgekeurd"
"Geleidendheid","3548","GELDHD","1996-10-29","360.0","mS/m",,,,"goedgekeurd"
,,,,,,,,,
