"BRO-ID","kwaliteitsregime","in registratie sinds","tijdstip veldonderzoek","pomptype","buis",,,,
"GAR000000062202","IMBRO/A","2025-04-11T09:08:30+02:00","2005-02-03T11:00:00+01:00","onbekend","5",,,,
,,,,,,,,,
"parameter","sikb-id","aquo-code","analysemeetwaarde","eenheid meetwaarde","status kwaliteitscontrole",,,,
"Temperatuur","1522","T","11.4","Cel","goedgekeurd",,,,
,,,,,,,,,
"parameter","sikb-id","aquo-code","analysedatum","analysemeetwaarde","eenheid meerwaarde","rapportagegrens","eenheid rapportagegres","limietsymbool","status kwaliteitscontrole"
"arseen","310","As","2005-02-03","11.0","ug/l",,,,"goedgekeurd"
"natrium","1262","Na","2005-02-03","190.0","mg/l",,,,"goedgekeurd"
"chroom","517","Cr","2005-02-03","5.0","ug/l",,,,"goedgekeurd"
"waterstofcarbonaat","374","HCO3","2005-02-03","217.0","mg/l",,,,"goedgekeurd"
"sulfaat","1508","SO4","2005-02-03","1.0","mg/l",,,"<","goedgekeurd"
"chloride","508","Cl","2005-02-03","870.0","mg/l",,,,"goedgekeurd"
"ammonium","289","NH4","2005-02-03","2.1","mg/l",,,,"goedgekeurd"
"mangaan","1128","Mn","2005-02-03","120.0","ug/l",,,,"goedgekeurd"
"ijzer","879","Fe","2005-02-03","11140.0","ug/l",,,,"goedgekeurd"
"magnesium","1125","Mg","2005-02-03","17.0","mg/l",,,,"goedgekeurd"
"nitriet","1273","NO2","2005-02-03","0.01","mg/l",,,,"goedgekeurd"
"kalium","920","K","2005-02-03","9.0","mg/l",,,,"goedgekeurd"
"aluminium","284","Al","2005-02-03","25.0","ug/l",,,"<","goedgekeurd"
"Zuurgraad","1398","pH","2005-02-03","7.1","1",,,,"goedgekeurd"
"calcium","447","Ca","2005-02-03","310.0","mg/l",,,,"goedgekeurd"
"nitraat","1270","NO3","2005-02-03","0.05","mg/l",,,,"goedgekeurd"
"stikstof Kjeldahl","4064","NKj","2005-02-03","2.4","mg/l",,,,"goedgekeurd"
"zink","1693","Zn","2005-02-03","257.0","ug/l",,,,"goedgekeurd"
"lood","1116","Pb","2005-02-03","10.0","ug/l",,,,"goedgekeurd"
"nikkel","1267","Ni","2005-02-03","4.0","ug/l",,,,"goedgekeurd"
"koper","971","Cu","2005-02-03","10.0","ug/l",,,,"goedgekeurd"
"cadmium","441","Cd","2005-02-03","1.0","ug/l",,,,"goedgekeurd"
"fosfor totaal","4188","Ptot","2005-02-03","0.2","mg/l",,,,"goedgekeurd"
"fosfaat","1334","PO4","2005-02-03","0.06","mg/l",,,,"goedgekeurd"
"Geleidendheid","3548","GELDHD","2005-02-03","310.0","mS/m",,,,"goedgekeurd"
,,,,,,,,,
