"BRO-ID","kwaliteitsregime","in registratie sinds","tijdstip veldonderzoek","pomptype","buis",,,,
"GAR000000061903","IMBRO/A","2025-04-11T08:41:43+02:00","1996-01-02T11:00:00+01:00","onbekend","5",,,,
,,,,,,,,,
"parameter","sikb-id","aquo-code","analysemeetwaarde","eenheid meetwaarde","status kwaliteitscontrole",,,,
"Temperatuur","1522","T","10.0","Cel","goedgekeurd",,,,
,,,,,,,,,
"parameter","sikb-id","aquo-code","analysedatum","analysemeetwaarde","eenheid meerwaarde","rapportagegrens","eenheid rapportagegres","limietsymbool","status kwaliteitscontrole"
"magnesium","1125","Mg","1996-01-02","19.0","mg/l",,,,"goedgekeurd"
"cadmium","441","Cd","1996-01-02","0.5","ug/l",,,"<","goedgekeurd"
"arseen","310","As","1996-01-02","19.0","ug/l",,,,"goedgekeurd"
"aluminium","284","Al","1996-01-02","30.0","ug/l",,,,"goedgekeurd"
"nitraat","1270","NO3","1996-01-02","2.0","mg/l",,,"<","goedgekeurd"
"waterstofcarbonaat","374","HCO3","1996-01-02","210.0","mg/l",,,,"goedgekeurd"
"sulfaat","1508","SO4","1996-01-02","24.0","mg/l",,,,"goedgekeurd"
"chloride","508","Cl","1996-01-02","889.0","mg/l",,,,"goedgekeurd"
"koper","971","Cu","1996-01-02","5.0","ug/l",,,"<","goedgekeurd"
"ijzer","879","Fe","1996-01-02","9600.0","ug/l",,,,"goedgekeurd"
"nikkel","1267","Ni","1996-01-02","5.0","ug/l",,,"<","goedgekeurd"
"calcium","447","Ca","1996-01-02","343.0","mg/l",,,,"goedgekeurd"
"kalium","920","K","1996-01-02","9.8","mg/l",,,,"goedgekeurd"
"natrium","1262","Na","1996-01-02","232.0","mg/l",,,,"goedgekeurd"
"Zuurgraad","1398","pH","1996-01-02","6.8","1",,,,"goedgekeurd"
"ammonium","289","NH4","1996-01-02","2.01","mg/l",,,,"goedgekeurd"
"mangaan","1128","Mn","1996-01-02","100.0","ug/l",,,,"goedgekeurd"
"chroom","517","Cr","1996-01-02","5.0","ug/l",,,"<","goedgekeurd"
"stikstof Kjeldahl","4064","NKj","1996-01-02","2.6","mg/l",,,,"goedgekeurd"
"zink","1693","Zn","1996-01-02","270.0","ug/l",,,,"goedgekeurd"
"lood","1116","Pb","1996-01-02","5.0","ug/l",,,"<","goedgekeurd"
"fosfor totaal","4188","Ptot","1996-01-02","0.2","mg/l",,,,"goedgekeurd"
"Geleidendheid","3548","GELDHD","1996-01-02","314.0","mS/m",,,,"goedgekeurd"
"fosfaat","1334","PO4","1996-01-02","0.005","mg/l",,,"<","goedgekeurd"
,,,,,,,,,
