"BRO-ID","kwaliteitsregime","in registratie sinds","tijdstip veldonderzoek","pomptype","buis",,,,
"GAR000000062170","IMBRO/A","2025-04-11T09:05:26+02:00","2001-12-04T11:00:00+01:00","onbekend","1",,,,
,,,,,,,,,
"parameter","sikb-id","aquo-code","analysemeetwaarde","eenheid meetwaarde","status kwaliteitscontrole",,,,
"Temperatuur","1522","T","12.7","Cel","goedgekeurd",,,,
,,,,,,,,,
"parameter","sikb-id","aquo-code","analysedatum","analysemeetwaarde","eenheid meerwaarde","rapportagegrens","eenheid rapportagegres","limietsymbool","status kwaliteitscontrole"
"chloride","508","Cl","2001-12-04","740.0","mg/l",,,,"goedgekeurd"
"ammonium","289","NH4","2001-12-04","12.0","mg/l",,,,"goedgekeurd"
"mangaan","1128","Mn","2001-12-04","750.0","ug/l",,,,"goedgekeurd"
"ijzer","879","Fe","2001-12-04","9300.0","ug/l",,,,"goedgekeurd"
"magnesium","1125","Mg","2001-12-04","46.0","mg/l",,,,"goedgekeurd"
"calcium","447","Ca","2001-12-04","170.0","mg/l",,,,"goedgekeurd"
"kalium","920","K","2001-12-04","33.0","mg/l",,,,"goedgekeurd"
"natrium","1262","Na","2001-12-04","450.0","mg/l",,,,"goedgekeurd"
"sulfaat","1508","SO4","2001-12-04","1.0","mg/l",,,"<","goedgekeurd"
"Zuurgraad","1398","pH","2001-12-04","6.7","1",,,,"goedgekeurd"
"zink","1693","Zn","2001-12-04","10.0","ug/l",,,"<","goedgekeurd"
"waterstofcarbonaat","374","HCO3","2001-12-04","690.0","mg/l",,,,"goedgekeurd"
"stikstof Kjeldahl","4064","NKj","2001-12-04","8.9","mg/l",,,,"goedgekeurd"
"lood","1116","Pb","2001-12-04","5.0","ug/l",,,"<","goedgekeurd"
"cadmium","441","Cd","2001-12-04","0.4","ug/l",,,"<","goedgekeurd"
"koper","971","Cu","2001-12-04","2.5","ug/l",,,"<","goedgekeurd"
"nitraat","1270","NO3","2001-12-04","0.5","mg/l",,,"<","goedgekeurd"
"aluminium","284","Al","2001-12-04","10.0","ug/l",,,,"goedgekeurd"
"chroom","517","Cr","2001-12-04","2.5","ug/l",,,"<","goedgekeurd"
"nikkel","1267","Ni","2001-12-04","5.0","ug/l",,,"<","goedgekeurd"
"arseen","310","As","2001-12-04","2.5","ug/l",,,"<","goedgekeurd"
"fosfor totaal","4188","Ptot","2001-12-04","1.7","mg/l",,,,"goedgekeurd"
"fosfaat","1334","PO4","2001-12-04","0.15","mg/l",,,,"goedgekeurd"
"Geleidendheid","3548","GELDHD","2001-12-04","340.0","mS/m",,,,"goedgekeurd"
,,,,,,,,,
