"BRO-ID","kwaliteitsregime","in registratie sinds","tijdstip veldonderzoek","pomptype","buis",,,,
"GAR000000058398","IMBRO/A","2025-04-10T22:39:40+02:00","1995-11-27T11:00:00+01:00","onbekend","1",,,,
,,,,,,,,,
"parameter","sikb-id","aquo-code","analysemeetwaarde","eenheid meetwaarde","status kwaliteitscontrole",,,,
"Temperatuur","1522","T","12.0","Cel","goedgekeurd",,,,
,,,,,,,,,
"parameter","sikb-id","aquo-code","analysedatum","analysemeetwaarde","eenheid meerwaarde","rapportagegrens","eenheid rapportagegres","limietsymbool","status kwaliteitscontrole"
"ammonium","289","NH4","1995-11-27","11.97","mg/l",,,,"goedgekeurd"
"Zuurgraad","1398","pH","1995-11-27","7.0","1",,,,"goedgekeurd"
"natrium","1262","Na","1995-11-27","1671.0","mg/l",,,,"goedgekeurd"
"chroom","517","Cr","1995-11-27","27.0","ug/l",,,,"goedgekeurd"
"stikstof Kjeldahl","4064","NKj","1995-11-27","14.0","mg/l",,,,"goedgekeurd"
"zink","1693","Zn","1995-11-27","20.0","ug/l",,,,"goedgekeurd"
"lood","1116","Pb","1995-11-27","5.0","ug/l",,,"<","goedgekeurd"
"koper","971","Cu","1995-11-27","5.0","ug/l",,,"<","goedgekeurd"
"cadmium","441","Cd","1995-11-27","0.5","ug/l",,,"<","goedgekeurd"
"arseen","310","As","1995-11-27","85.0","ug/l",,,,"goedgekeurd"
"aluminium","284","Al","1995-11-27","140.0","ug/l",,,,"goedgekeurd"
"nitraat","1270","NO3","1995-11-27","2.0","mg/l",,,"<","goedgekeurd"
"waterstofcarbonaat","374","HCO3","1995-11-27","1800.0","mg/l",,,,"goedgekeurd"
"sulfaat","1508","SO4","1995-11-27","270.0","mg/l",,,,"goedgekeurd"
"chloride","508","Cl","1995-11-27","2200.0","mg/l",,,,"goedgekeurd"
"mangaan","1128","Mn","1995-11-27","300.0","ug/l",,,,"goedgekeurd"
"ijzer","879","Fe","1995-11-27","1200.0","ug/l",,,,"goedgekeurd"
"magnesium","1125","Mg","1995-11-27","170.0","mg/l",,,,"goedgekeurd"
"calcium","447","Ca","1995-11-27","58.0","mg/l",,,,"goedgekeurd"
"kalium","920","K","1995-11-27","72.0","mg/l",,,,"goedgekeurd"
"nikkel","1267","Ni","1995-11-27","5.0","ug/l",,,"<","goedgekeurd"
"fosfor totaal","4188","Ptot","1995-11-27","1.9","mg/l",,,,"goedgekeurd"
"Geleidendheid","3548","GELDHD","1995-11-27","869.0","mS/m",,,,"goedgekeurd"
"fosfaat","1334","PO4","1995-11-27","1.85","mg/l",,,,"goedgekeurd"
,,,,,,,,,
