"BRO-ID","kwaliteitsregime","in registratie sinds","tijdstip veldonderzoek","pomptype","buis",,,,
"GAR000000058600","IMBRO/A","2025-04-10T22:57:39+02:00","1997-11-10T11:00:00+01:00","onbekend","2",,,,
,,,,,,,,,
"parameter","sikb-id","aquo-code","analysemeetwaarde","eenheid meetwaarde","status kwaliteitscontrole",,,,
"Temperatuur","1522","T","11.2","Cel","goedgekeurd",,,,
,,,,,,,,,
"parameter","sikb-id","aquo-code","analysedatum","analysemeetwaarde","eenheid meerwaarde","rapportagegrens","eenheid rapportagegres","limietsymbool","status kwaliteitscontrole"
"natrium","1262","Na","1997-11-10","595.0","mg/l",,,,"goedgekeurd"
"nikkel","1267","Ni","1997-11-10","5.0","ug/l",,,"<","goedgekeurd"
"koper","971","Cu","1997-11-10","2.5","ug/l",,,"<","goedgekeurd"
"cadmium","441","Cd","1997-11-10","0.5","ug/l",,,"<","goedgekeurd"
"arseen","310","As","1997-11-10","32.0","ug/l",,,,"goedgekeurd"
"aluminium","284","Al","1997-11-10","5.0","ug/l",,,"<","goedgekeurd"
"nitraat","1270","NO3","1997-11-10","2.0","mg/l",,,"<","goedgekeurd"
"waterstofcarbonaat","374","HCO3","1997-11-10","930.0","mg/l",,,,"goedgekeurd"
"sulfaat","1508","SO4","1997-11-10","11.0","mg/l",,,,"goedgekeurd"
"chloride","508","Cl","1997-11-10","820.0","mg/l",,,,"goedgekeurd"
"mangaan","1128","Mn","1997-11-10","330.0","ug/l",,,,"goedgekeurd"
"ijzer","879","Fe","1997-11-10","5000.0","ug/l",,,,"goedgekeurd"
"magnesium","1125","Mg","1997-11-10","52.0","mg/l",,,,"goedgekeurd"
"lood","1116","Pb","1997-11-10","5.0","ug/l",,,"<","goedgekeurd"
"kalium","920","K","1997-11-10","19.0","mg/l",,,,"goedgekeurd"
"Zuurgraad","1398","pH","1997-11-10","7.3","1",,,,"goedgekeurd"
"chroom","517","Cr","1997-11-10","6.7","ug/l",,,,"goedgekeurd"
"ammonium","289","NH4","1997-11-10","5.33","mg/l",,,,"goedgekeurd"
"calcium","447","Ca","1997-11-10","81.0","mg/l",,,,"goedgekeurd"
"zink","1693","Zn","1997-11-10","94.0","ug/l",,,,"goedgekeurd"
"stikstof Kjeldahl","4064","NKj","1997-11-10","3.8","mg/l",,,,"goedgekeurd"
"fosfor totaal","4188","Ptot","1997-11-10","1.2","mg/l",,,,"goedgekeurd"
"Geleidendheid","3548","GELDHD","1997-11-10","371.0","mS/m",,,,"goedgekeurd"
"fosfaat","1334","PO4","1997-11-10","0.21","mg/l",,,,"goedgekeurd"
,,,,,,,,,
