"BRO-ID","kwaliteitsregime","in registratie sinds","tijdstip veldonderzoek","pomptype","buis",,,,
"GAR000000063401","IMBRO/A","2025-04-11T10:58:15+02:00","1997-12-22T11:00:00+01:00","onbekend","2",,,,
,,,,,,,,,
"parameter","sikb-id","aquo-code","analysemeetwaarde","eenheid meetwaarde","status kwaliteitscontrole",,,,
"Temperatuur","1522","T","8.4","Cel","goedgekeurd",,,,
,,,,,,,,,
"parameter","sikb-id","aquo-code","analysedatum","analysemeetwaarde","eenheid meerwaarde","rapportagegrens","eenheid rapportagegres","limietsymbool","status kwaliteitscontrole"
"fosfor totaal","4188","Ptot","1997-12-22","2.3","mg/l",,,,"goedgekeurd"
"Geleidendheid","3548","GELDHD","1997-12-22","4640.0","mS/m",,,,"goedgekeurd"
"fosfaat","1334","PO4","1997-12-22","1.98","mg/l",,,,"goedgekeurd"
"calcium","447","Ca","1997-12-22","350.0","mg/l",,,,"goedgekeurd"
"arseen","310","As","1997-12-22","11.0","ug/l",,,,"goedgekeurd"
"aluminium","284","Al","1997-12-22","5.0","ug/l",,,"<","goedgekeurd"
"nitraat","1270","NO3","1997-12-22","2.0","mg/l",,,"<","goedgekeurd"
"waterstofcarbonaat","374","HCO3","1997-12-22","720.0","mg/l",,,,"goedgekeurd"
"sulfaat","1508","SO4","1997-12-22","1900.0","mg/l",,,,"goedgekeurd"
"chloride","508","Cl","1997-12-22","17100.0","mg/l",,,,"goedgekeurd"
"mangaan","1128","Mn","1997-12-22","910.0","ug/l",,,,"goedgekeurd"
"chroom","517","Cr","1997-12-22","2.5","ug/l",,,"<","goedgekeurd"
"magnesium","1125","Mg","1997-12-22","1030.0","mg/l",,,,"goedgekeurd"
"koper","971","Cu","1997-12-22","2.5","ug/l",,,"<","goedgekeurd"
"kalium","920","K","1997-12-22","335.0","mg/l",,,,"goedgekeurd"
"natrium","1262","Na","1997-12-22","8910.0","mg/l",,,,"goedgekeurd"
"Zuurgraad","1398","pH","1997-12-22","7.4","1",,,,"goedgekeurd"
"ammonium","289","NH4","1997-12-22","4.53","mg/l",,,,"goedgekeurd"
"ijzer","879","Fe","1997-12-22","3100.0","ug/l",,,,"goedgekeurd"
"cadmium","441","Cd","1997-12-22","0.5","ug/l",,,"<","goedgekeurd"
"stikstof Kjeldahl","4064","NKj","1997-12-22","10.0","mg/l",,,,"goedgekeurd"
"zink","1693","Zn","1997-12-22","26.0","ug/l",,,,"goedgekeurd"
"lood","1116","Pb","1997-12-22","5.0","ug/l",,,"<","goedgekeurd"
"nikkel","1267","Ni","1997-12-22","5.0","ug/l",,,"<","goedgekeurd"
,,,,,,,,,
