"BRO-ID","kwaliteitsregime","in registratie sinds","tijdstip veldonderzoek","pomptype","buis",,,,
"GAR000000063787","IMBRO/A","2025-04-11T11:37:57+02:00","2005-02-03T11:00:00+01:00","onbekend","2",,,,
,,,,,,,,,
"parameter","sikb-id","aquo-code","analysemeetwaarde","eenheid meetwaarde","status kwaliteitscontrole",,,,
"Temperatuur","1522","T","10.9","Cel","goedgekeurd",,,,
,,,,,,,,,
"parameter","sikb-id","aquo-code","analysedatum","analysemeetwaarde","eenheid meerwaarde","rapportagegrens","eenheid rapportagegres","limietsymbool","status kwaliteitscontrole"
"fosfor totaal","4188","Ptot","2005-02-03","4.6","mg/l",,,,"goedgekeurd"
"fosfaat","1334","PO4","2005-02-03","4.09","mg/l",,,,"goedgekeurd"
"Geleidendheid","3548","GELDHD","2005-02-03","4470.0","mS/m",,,,"goedgekeurd"
"ijzer","879","Fe","2005-02-03","5690.0","ug/l",,,,"goedgekeurd"
"arseen","310","As","2005-02-03","42.0","ug/l",,,,"goedgekeurd"
"aluminium","284","Al","2005-02-03","25.0","ug/l",,,"<","goedgekeurd"
"nitriet","1273","NO2","2005-02-03","0.05","mg/l",,,,"goedgekeurd"
"nitraat","1270","NO3","2005-02-03","0.05","mg/l",,,,"goedgekeurd"
"waterstofcarbonaat","374","HCO3","2005-02-03","664.0","mg/l",,,,"goedgekeurd"
"sulfaat","1508","SO4","2005-02-03","160.0","mg/l",,,,"onbeslist"
"chloride","508","Cl","2005-02-03","18000.0","mg/l",,,,"goedgekeurd"
"chroom","517","Cr","2005-02-03","16.0","ug/l",,,,"goedgekeurd"
"mangaan","1128","Mn","2005-02-03","1200.0","ug/l",,,,"goedgekeurd"
"koper","971","Cu","2005-02-03","10.0","ug/l",,,,"goedgekeurd"
"magnesium","1125","Mg","2005-02-03","1000.0","mg/l",,,,"goedgekeurd"
"calcium","447","Ca","2005-02-03","340.0","mg/l",,,,"goedgekeurd"
"kalium","920","K","2005-02-03","310.0","mg/l",,,,"goedgekeurd"
"natrium","1262","Na","2005-02-03","8500.0","mg/l",,,,"goedgekeurd"
"Zuurgraad","1398","pH","2005-02-03","7.3","1",,,,"goedgekeurd"
"ammonium","289","NH4","2005-02-03","9.5","mg/l",,,,"goedgekeurd"
"cadmium","441","Cd","2005-02-03","1.0","ug/l",,,,"goedgekeurd"
"stikstof Kjeldahl","4064","NKj","2005-02-03","10.2","mg/l",,,,"goedgekeurd"
"zink","1693","Zn","2005-02-03","17.0","ug/l",,,,"goedgekeurd"
"lood","1116","Pb","2005-02-03","10.0","ug/l",,,,"goedgekeurd"
"nikkel","1267","Ni","2005-02-03","4.0","ug/l",,,,"goedgekeurd"
,,,,,,,,,
