"BRO-ID","kwaliteitsregime","in registratie sinds","tijdstip veldonderzoek","pomptype","buis",,,,
"GAR000000057237","IMBRO/A","2025-04-10T20:54:08+02:00","2003-01-14T11:00:00+01:00","onbekend","2",,,,
,,,,,,,,,
"parameter","sikb-id","aquo-code","analysemeetwaarde","eenheid meetwaarde","status kwaliteitscontrole",,,,
"Temperatuur","1522","T","10.9","Cel","goedgekeurd",,,,
,,,,,,,,,
"parameter","sikb-id","aquo-code","analysedatum","analysemeetwaarde","eenheid meerwaarde","rapportagegrens","eenheid rapportagegres","limietsymbool","status kwaliteitscontrole"
"ijzer","879","Fe","2003-01-14","46300.0","ug/l",,,,"goedgekeurd"
"magnesium","1125","Mg","2003-01-14","955.0","mg/l",,,,"goedgekeurd"
"calcium","447","Ca","2003-01-14","816.0","mg/l",,,,"goedgekeurd"
"kalium","920","K","2003-01-14","111.0","mg/l",,,,"goedgekeurd"
"natrium","1262","Na","2003-01-14","6940.0","mg/l",,,,"goedgekeurd"
"Zuurgraad","1398","pH","2003-01-14","6.7","1",,,,"goedgekeurd"
"ammonium","289","NH4","2003-01-14","7.3","mg/l",,,,"goedgekeurd"
"sulfaat","1508","SO4","2003-01-14","1330.0","mg/l",,,,"goedgekeurd"
"stikstof Kjeldahl","4064","NKj","2003-01-14","5.2","mg/l",,,,"goedgekeurd"
"mangaan","1128","Mn","2003-01-14","180.0","ug/l",,,,"goedgekeurd"
"chloride","508","Cl","2003-01-14","13900.0","mg/l",,,,"goedgekeurd"
"zink","1693","Zn","2003-01-14","10.0","ug/l",,,"<","goedgekeurd"
"lood","1116","Pb","2003-01-14","5.0","ug/l",,,"<","goedgekeurd"
"nikkel","1267","Ni","2003-01-14","5.0","ug/l",,,"<","goedgekeurd"
"koper","971","Cu","2003-01-14","2.5","ug/l",,,"<","goedgekeurd"
"chroom","517","Cr","2003-01-14","2.5","ug/l",,,"<","goedgekeurd"
"cadmium","441","Cd","2003-01-14","0.4","ug/l",,,"<","goedgekeurd"
"arseen","310","As","2003-01-14","2.5","ug/l",,,"<","goedgekeurd"
"aluminium","284","Al","2003-01-14","5.0","ug/l",,,"<","goedgekeurd"
"nitraat","1270","NO3","2003-01-14","0.1","mg/l",,,"<","goedgekeurd"
"waterstofcarbonaat","374","HCO3","2003-01-14","700.0","mg/l",,,,"goedgekeurd"
"fosfor totaal","4188","Ptot","2003-01-14","0.23","mg/l",,,,"goedgekeurd"
"fosfaat","1334","PO4","2003-01-14","0.005","mg/l",,,"<","goedgekeurd"
"Geleidendheid","3548","GELDHD","2003-01-14","3900.0","mS/m",,,,"goedgekeurd"
,,,,,,,,,
