"BRO-ID","kwaliteitsregime","in registratie sinds","tijdstip veldonderzoek","pomptype","buis",,,,
"GAR000000057065","IMBRO/A","2025-04-10T20:38:33+02:00","1996-10-16T12:00:00+02:00","onbekend","1",,,,
,,,,,,,,,
"parameter","sikb-id","aquo-code","analysemeetwaarde","eenheid meetwaarde","status kwaliteitscontrole",,,,
"Temperatuur","1522","T","12.5","Cel","goedgekeurd",,,,
,,,,,,,,,
"parameter","sikb-id","aquo-code","analysedatum","analysemeetwaarde","eenheid meerwaarde","rapportagegrens","eenheid rapportagegres","limietsymbool","status kwaliteitscontrole"
"stikstof Kjeldahl","4064","NKj","1996-10-16","8.7","mg/l",,,,"goedgekeurd"
"zink","1693","Zn","1996-10-16","19.0","ug/l",,,,"goedgekeurd"
"lood","1116","Pb","1996-10-16","5.0","ug/l",,,"<","goedgekeurd"
"nikkel","1267","Ni","1996-10-16","5.0","ug/l",,,"<","goedgekeurd"
"koper","971","Cu","1996-10-16","5.0","ug/l",,,"<","goedgekeurd"
"chroom","517","Cr","1996-10-16","5.0","ug/l",,,"<","goedgekeurd"
"cadmium","441","Cd","1996-10-16","0.5","ug/l",,,"<","goedgekeurd"
"arseen","310","As","1996-10-16","5.0","ug/l",,,"<","goedgekeurd"
"chloride","508","Cl","1996-10-16","15680.0","mg/l",,,,"goedgekeurd"
"nitraat","1270","NO3","1996-10-16","2.0","mg/l",,,"<","goedgekeurd"
"aluminium","284","Al","1996-10-16","5.0","ug/l",,,"<","goedgekeurd"
"mangaan","1128","Mn","1996-10-16","500.0","ug/l",,,,"goedgekeurd"
"ijzer","879","Fe","1996-10-16","16000.0","ug/l",,,,"goedgekeurd"
"magnesium","1125","Mg","1996-10-16","835.0","mg/l",,,,"goedgekeurd"
"calcium","447","Ca","1996-10-16","539.0","mg/l",,,,"goedgekeurd"
"kalium","920","K","1996-10-16","175.0","mg/l",,,,"goedgekeurd"
"natrium","1262","Na","1996-10-16","7830.0","mg/l",,,,"goedgekeurd"
"Zuurgraad","1398","pH","1996-10-16","6.8","1",,,,"goedgekeurd"
"sulfaat","1508","SO4","1996-10-16","1630.0","mg/l",,,,"goedgekeurd"
"ammonium","289","NH4","1996-10-16","7.84","mg/l",,,,"goedgekeurd"
"waterstofcarbonaat","374","HCO3","1996-10-16","605.0","mg/l",,,,"goedgekeurd"
"fosfor totaal","4188","Ptot","1996-10-16","0.34","mg/l",,,,"goedgekeurd"
"fosfaat","1334","PO4","1996-10-16","0.005","mg/l",,,"<","goedgekeurd"
"Geleidendheid","3548","GELDHD","1996-10-16","3970.0","mS/m",,,,"goedgekeurd"
,,,,,,,,,
