"BRO-ID","kwaliteitsregime","in registratie sinds","tijdstip veldonderzoek","pomptype","buis",,,,
"GAR000000054799","IMBRO/A","2025-04-10T17:17:04+02:00","1990-06-26T12:00:00+02:00","onbekend","2",,,,
,,,,,,,,,
"parameter","sikb-id","aquo-code","analysedatum","analysemeetwaarde","eenheid meerwaarde","rapportagegrens","eenheid rapportagegres","limietsymbool","status kwaliteitscontrole"
"Geleidendheid","3548","GELDHD","1990-06-26","354.0","mS/m",,,,"goedgekeurd"
"nitraat","1270","NO3","1990-06-26","0.88","mg/l",,,,"goedgekeurd"
"waterstofcarbonaat","374","HCO3","1990-06-26","1050.0","mg/l",,,,"goedgekeurd"
"sulfaat","1508","SO4","1990-06-26","4.0","mg/l",,,,"goedgekeurd"
"chloride","508","Cl","1990-06-26","1000.0","mg/l",,,,"goedgekeurd"
"ammonium","289","NH4","1990-06-26","1.01","mg/l",,,,"goedgekeurd"
"mangaan","1128","Mn","1990-06-26","790.0","ug/l",,,,"goedgekeurd"
"ijzer","879","Fe","1990-06-26","6700.0","ug/l",,,,"goedgekeurd"
"magnesium","1125","Mg","1990-06-26","36.0","mg/l",,,,"goedgekeurd"
"calcium","447","Ca","1990-06-26","91.0","mg/l",,,,"goedgekeurd"
"kalium","920","K","1990-06-26","22.0","mg/l",,,,"goedgekeurd"
"Zuurgraad","1398","pH","1990-06-26","7.22","1",,,,"goedgekeurd"
"arseen","310","As","1990-06-26","5.7","ug/l",,,,"goedgekeurd"
"natrium","1262","Na","1990-06-26","820.0","mg/l",,,,"goedgekeurd"
"fosfor totaal","4188","Ptot","1990-06-26","4.6","mg/l",,,,"onbeslist"
"fosfaat","1334","PO4","1990-06-26","0.61","mg/l",,,,"goedgekeurd"
"lood","1116","Pb","1990-06-26","2.8","ug/l",,,,"goedgekeurd"
"nikkel","1267","Ni","1990-06-26","6.0","ug/l",,,,"goedgekeurd"
"kwik","1097","Hg","1990-06-26","0.05","ug/l",,,,"goedgekeurd"
"koper","971","Cu","1990-06-26","2.4","ug/l",,,,"goedgekeurd"
"chroom","517","Cr","1990-06-26","22.2","ug/l",,,,"onbeslist"
"cadmium","441","Cd","1990-06-26","0.03","ug/l",,,,"goedgekeurd"
"zink","1693","Zn","1990-06-26","10.0","ug/l",,,,"goedgekeurd"
,,,,,,,,,
