"BRO-ID","kwaliteitsregime","in registratie sinds","tijdstip veldonderzoek","pomptype","buis",,,,
"GAR000000055272","IMBRO/A","2025-04-10T17:58:13+02:00","2003-01-14T11:00:00+01:00","onbekend","2",,,,
,,,,,,,,,
"parameter","sikb-id","aquo-code","analysemeetwaarde","eenheid meetwaarde","status kwaliteitscontrole",,,,
"Temperatuur","1522","T","10.4","Cel","goedgekeurd",,,,
,,,,,,,,,
"parameter","sikb-id","aquo-code","analysedatum","analysemeetwaarde","eenheid meerwaarde","rapportagegrens","eenheid rapportagegres","limietsymbool","status kwaliteitscontrole"
"cadmium","441","Cd","2003-01-14","0.4","ug/l",,,"<","goedgekeurd"
"stikstof Kjeldahl","4064","NKj","2003-01-14","2.7","mg/l",,,,"goedgekeurd"
"zink","1693","Zn","2003-01-14","22.0","ug/l",,,,"goedgekeurd"
"lood","1116","Pb","2003-01-14","5.0","ug/l",,,"<","goedgekeurd"
"nikkel","1267","Ni","2003-01-14","5.0","ug/l",,,"<","goedgekeurd"
"chroom","517","Cr","2003-01-14","42.0","ug/l",,,,"goedgekeurd"
"arseen","310","As","2003-01-14","16.0","ug/l",,,,"goedgekeurd"
"aluminium","284","Al","2003-01-14","120.0","ug/l",,,,"goedgekeurd"
"nitraat","1270","NO3","2003-01-14","0.1","mg/l",,,"<","goedgekeurd"
"waterstofcarbonaat","374","HCO3","2003-01-14","997.0","mg/l",,,,"goedgekeurd"
"sulfaat","1508","SO4","2003-01-14","32.0","mg/l",,,,"goedgekeurd"
"chloride","508","Cl","2003-01-14","518.0","mg/l",,,,"goedgekeurd"
"ammonium","289","NH4","2003-01-14","1.41","mg/l",,,,"goedgekeurd"
"mangaan","1128","Mn","2003-01-14","380.0","ug/l",,,,"goedgekeurd"
"ijzer","879","Fe","2003-01-14","4900.0","ug/l",,,,"goedgekeurd"
"magnesium","1125","Mg","2003-01-14","18.0","mg/l",,,,"goedgekeurd"
"calcium","447","Ca","2003-01-14","48.0","mg/l",,,,"goedgekeurd"
"koper","971","Cu","2003-01-14","2.5","ug/l",,,"<","goedgekeurd"
"kalium","920","K","2003-01-14","15.2","mg/l",,,,"goedgekeurd"
"natrium","1262","Na","2003-01-14","604.0","mg/l",,,,"goedgekeurd"
"Zuurgraad","1398","pH","2003-01-14","7.3","1",,,,"goedgekeurd"
"fosfor totaal","4188","Ptot","2003-01-14","1.7","mg/l",,,,"goedgekeurd"
"Geleidendheid","3548","GELDHD","2003-01-14","306.0","mS/m",,,,"goedgekeurd"
"fosfaat","1334","PO4","2003-01-14","0.06","mg/l",,,,"goedgekeurd"
,,,,,,,,,
