"BRO-ID","kwaliteitsregime","in registratie sinds","tijdstip veldonderzoek","pomptype","buis",,,,
"GAR000000060804","IMBRO/A","2025-04-11T02:22:53+02:00","1989-12-01T11:00:00+01:00","onbekend","2",,,,
,,,,,,,,,
"parameter","sikb-id","aquo-code","analysedatum","analysemeetwaarde","eenheid meerwaarde","rapportagegrens","eenheid rapportagegres","limietsymbool","status kwaliteitscontrole"
"waterstofcarbonaat","374","HCO3","1989-12-01","1437.0","mg/l",,,,"goedgekeurd"
"zink","1693","Zn","1989-12-01","50.0","ug/l",,,,"goedgekeurd"
"lood","1116","Pb","1989-12-01","9.7","ug/l",,,,"goedgekeurd"
"nikkel","1267","Ni","1989-12-01","29.0","ug/l",,,,"goedgekeurd"
"kwik","1097","Hg","1989-12-01","0.05","ug/l",,,,"goedgekeurd"
"koper","971","Cu","1989-12-01","11.8","ug/l",,,,"goedgekeurd"
"chroom","517","Cr","1989-12-01","5.6","ug/l",,,,"goedgekeurd"
"cadmium","441","Cd","1989-12-01","1.52","ug/l",,,,"goedgekeurd"
"arseen","310","As","1989-12-01","0.32","ug/l",,,,"goedgekeurd"
"nitraat","1270","NO3","1989-12-01","0.88","mg/l",,,,"goedgekeurd"
"sulfaat","1508","SO4","1989-12-01","1120.0","mg/l",,,,"goedgekeurd"
"chloride","508","Cl","1989-12-01","15900.0","mg/l",,,,"goedgekeurd"
"ammonium","289","NH4","1989-12-01","35.22","mg/l",,,,"goedgekeurd"
"mangaan","1128","Mn","1989-12-01","420.0","ug/l",,,,"goedgekeurd"
"ijzer","879","Fe","1989-12-01","5090.0","ug/l",,,,"goedgekeurd"
"magnesium","1125","Mg","1989-12-01","1110.0","mg/l",,,,"goedgekeurd"
"calcium","447","Ca","1989-12-01","309.0","mg/l",,,,"goedgekeurd"
"kalium","920","K","1989-12-01","288.0","mg/l",,,,"goedgekeurd"
"natrium","1262","Na","1989-12-01","8800.0","mg/l",,,,"goedgekeurd"
"Zuurgraad","1398","pH","1989-12-01","7.01","1",,,,"goedgekeurd"
"Geleidendheid","3548","GELDHD","1989-12-01","1505.0","mS/m",,,,"onbeslist"
"fosfaat","1334","PO4","1989-12-01","0.09","mg/l",,,,"goedgekeurd"
,,,,,,,,,
