"BRO-ID","kwaliteitsregime","in registratie sinds","tijdstip veldonderzoek","pomptype","buis",,,,
"GAR000000061273","IMBRO/A","2025-04-11T03:06:20+02:00","1993-11-16T11:00:00+01:00","onbekend","3",,,,
,,,,,,,,,
"parameter","sikb-id","aquo-code","analysedatum","analysemeetwaarde","eenheid meerwaarde","rapportagegrens","eenheid rapportagegres","limietsymbool","status kwaliteitscontrole"
"fosfaat","1334","PO4","1993-11-16","2.94","mg/l",,,,"goedgekeurd"
"waterstofcarbonaat","374","HCO3","1993-11-16","660.0","mg/l",,,,"goedgekeurd"
"sulfaat","1508","SO4","1993-11-16","3500.0","mg/l",,,,"goedgekeurd"
"chloride","508","Cl","1993-11-16","17300.0","mg/l",,,,"goedgekeurd"
"ammonium","289","NH4","1993-11-16","17.11","mg/l",,,,"goedgekeurd"
"mangaan","1128","Mn","1993-11-16","500.0","ug/l",,,,"goedgekeurd"
"ijzer","879","Fe","1993-11-16","9500.0","ug/l",,,,"goedgekeurd"
"magnesium","1125","Mg","1993-11-16","1100.0","mg/l",,,,"goedgekeurd"
"calcium","447","Ca","1993-11-16","345.0","mg/l",,,,"goedgekeurd"
"kalium","920","K","1993-11-16","295.0","mg/l",,,,"goedgekeurd"
"natrium","1262","Na","1993-11-16","8800.0","mg/l",,,,"goedgekeurd"
"Zuurgraad","1398","pH","1993-11-16","7.0","1",,,,"goedgekeurd"
"Geleidendheid","3548","GELDHD","1993-11-16","3956.0","mS/m",,,,"goedgekeurd"
,,,,,,,,,
