"BRO-ID","kwaliteitsregime","in registratie sinds","tijdstip veldonderzoek","pomptype","buis",,,,
"GAR000000059045","IMBRO/A","2025-04-10T23:36:27+02:00","1993-11-23T11:00:00+01:00","onbekend","2",,,,
,,,,,,,,,
"parameter","sikb-id","aquo-code","analysedatum","analysemeetwaarde","eenheid meerwaarde","rapportagegrens","eenheid rapportagegres","limietsymbool","status kwaliteitscontrole"
"koper","971","Cu","1993-11-23","10.0","ug/l",,,,"goedgekeurd"
"arseen","310","As","1993-11-23","30.0","ug/l",,,,"goedgekeurd"
"fosfaat","1334","PO4","1993-11-23","2.57","mg/l",,,,"goedgekeurd"
"waterstofcarbonaat","374","HCO3","1993-11-23","300.0","mg/l",,,,"goedgekeurd"
"sulfaat","1508","SO4","1993-11-23","2060.0","mg/l",,,,"goedgekeurd"
"chloride","508","Cl","1993-11-23","17260.0","mg/l",,,,"goedgekeurd"
"ammonium","289","NH4","1993-11-23","3.82","mg/l",,,,"goedgekeurd"
"mangaan","1128","Mn","1993-11-23","1000.0","ug/l",,,,"goedgekeurd"
"calcium","447","Ca","1993-11-23","400.0","mg/l",,,,"goedgekeurd"
"ijzer","879","Fe","1993-11-23","13000.0","ug/l",,,,"goedgekeurd"
"kalium","920","K","1993-11-23","300.0","mg/l",,,,"goedgekeurd"
"natrium","1262","Na","1993-11-23","8590.0","mg/l",,,,"goedgekeurd"
"Zuurgraad","1398","pH","1993-11-23","7.1","1",,,,"goedgekeurd"
"Geleidendheid","3548","GELDHD","1993-11-23","3876.0","mS/m",,,,"goedgekeurd"
"magnesium","1125","Mg","1993-11-23","1000.0","mg/l",,,,"goedgekeurd"
,,,,,,,,,
