"BRO-ID","kwaliteitsregime","in registratie sinds","tijdstip veldonderzoek","pomptype","buis",,,,
"GAR000000059418","IMBRO/A","2025-04-11T00:11:34+02:00","1995-11-27T11:00:00+01:00","onbekend","1",,,,
,,,,,,,,,
"parameter","sikb-id","aquo-code","analysemeetwaarde","eenheid meetwaarde","status kwaliteitscontrole",,,,
"Temperatuur","1522","T","12.0","Cel","goedgekeurd",,,,
,,,,,,,,,
"parameter","sikb-id","aquo-code","analysedatum","analysemeetwaarde","eenheid meerwaarde","rapportagegrens","eenheid rapportagegres","limietsymbool","status kwaliteitscontrole"
"Zuurgraad","1398","pH","1995-11-27","7.0","1",,,,"goedgekeurd"
"ammonium","289","NH4","1995-11-27","13.79","mg/l",,,,"goedgekeurd"
"calcium","447","Ca","1995-11-27","512.0","mg/l",,,,"goedgekeurd"
"chroom","517","Cr","1995-11-27","5.0","ug/l",,,"<","goedgekeurd"
"stikstof Kjeldahl","4064","NKj","1995-11-27","11.0","mg/l",,,,"goedgekeurd"
"zink","1693","Zn","1995-11-27","28.0","ug/l",,,,"goedgekeurd"
"lood","1116","Pb","1995-11-27","5.0","ug/l",,,"<","goedgekeurd"
"natrium","1262","Na","1995-11-27","7914.0","mg/l",,,,"goedgekeurd"
"koper","971","Cu","1995-11-27","5.0","ug/l",,,"<","goedgekeurd"
"kalium","920","K","1995-11-27","226.0","mg/l",,,,"goedgekeurd"
"cadmium","441","Cd","1995-11-27","0.5","ug/l",,,"<","goedgekeurd"
"arseen","310","As","1995-11-27","5.0","ug/l",,,"<","goedgekeurd"
"aluminium","284","Al","1995-11-27","10.0","ug/l",,,,"goedgekeurd"
"nitraat","1270","NO3","1995-11-27","2.0","mg/l",,,"<","goedgekeurd"
"waterstofcarbonaat","374","HCO3","1995-11-27","460.0","mg/l",,,,"goedgekeurd"
"sulfaat","1508","SO4","1995-11-27","1900.0","mg/l",,,,"goedgekeurd"
"chloride","508","Cl","1995-11-27","15800.0","mg/l",,,,"goedgekeurd"
"mangaan","1128","Mn","1995-11-27","200.0","ug/l",,,,"goedgekeurd"
"ijzer","879","Fe","1995-11-27","200.0","ug/l",,,,"goedgekeurd"
"magnesium","1125","Mg","1995-11-27","967.0","mg/l",,,,"goedgekeurd"
"nikkel","1267","Ni","1995-11-27","5.0","ug/l",,,"<","goedgekeurd"
"fosfor totaal","4188","Ptot","1995-11-27","1.3","mg/l",,,,"goedgekeurd"
"Geleidendheid","3548","GELDHD","1995-11-27","4260.0","mS/m",,,,"goedgekeurd"
"fosfaat","1334","PO4","1995-11-27","0.39","mg/l",,,,"goedgekeurd"
,,,,,,,,,
