"BRO-ID","kwaliteitsregime","in registratie sinds","tijdstip veldonderzoek","pomptype","buis",,,,
"GAR000000061730","IMBRO/A","2025-04-11T08:31:33+02:00","1996-11-18T11:00:00+01:00","onbekend","1",,,,
,,,,,,,,,
"parameter","sikb-id","aquo-code","analysemeetwaarde","eenheid meetwaarde","status kwaliteitscontrole",,,,
"Temperatuur","1522","T","10.3","Cel","goedgekeurd",,,,
,,,,,,,,,
"parameter","sikb-id","aquo-code","analysedatum","analysemeetwaarde","eenheid meerwaarde","rapportagegrens","eenheid rapportagegres","limietsymbool","status kwaliteitscontrole"
"fosfor totaal","4188","Ptot","1996-11-18","5.5","mg/l",,,,"goedgekeurd"
"ammonium","289","NH4","1996-11-18","1.11","mg/l",,,,"goedgekeurd"
"Zuurgraad","1398","pH","1996-11-18","7.8","1",,,,"goedgekeurd"
"arseen","310","As","1996-11-18","30.0","ug/l",,,,"goedgekeurd"
"stikstof Kjeldahl","4064","NKj","1996-11-18","1.2","mg/l",,,,"goedgekeurd"
"zink","1693","Zn","1996-11-18","11.0","ug/l",,,,"goedgekeurd"
"lood","1116","Pb","1996-11-18","5.0","ug/l",,,"<","goedgekeurd"
"nikkel","1267","Ni","1996-11-18","5.0","ug/l",,,"<","goedgekeurd"
"cadmium","441","Cd","1996-11-18","1.2","ug/l",,,,"goedgekeurd"
"chroom","517","Cr","1996-11-18","5.0","ug/l",,,"<","goedgekeurd"
"aluminium","284","Al","1996-11-18","5.0","ug/l",,,"<","goedgekeurd"
"nitraat","1270","NO3","1996-11-18","2.0","mg/l",,,"<","goedgekeurd"
"waterstofcarbonaat","374","HCO3","1996-11-18","630.0","mg/l",,,,"goedgekeurd"
"sulfaat","1508","SO4","1996-11-18","130.0","mg/l",,,,"goedgekeurd"
"chloride","508","Cl","1996-11-18","126.0","mg/l",,,,"goedgekeurd"
"mangaan","1128","Mn","1996-11-18","200.0","ug/l",,,,"goedgekeurd"
"ijzer","879","Fe","1996-11-18","3400.0","ug/l",,,,"goedgekeurd"
"magnesium","1125","Mg","1996-11-18","29.0","mg/l",,,,"goedgekeurd"
"calcium","447","Ca","1996-11-18","53.0","mg/l",,,,"goedgekeurd"
"kalium","920","K","1996-11-18","37.0","mg/l",,,,"goedgekeurd"
"natrium","1262","Na","1996-11-18","297.0","mg/l",,,,"goedgekeurd"
"koper","971","Cu","1996-11-18","5.0","ug/l",,,"<","goedgekeurd"
"fosfaat","1334","PO4","1996-11-18","5.53","mg/l",,,,"goedgekeurd"
"Geleidendheid","3548","GELDHD","1996-11-18","180.0","mS/m",,,,"goedgekeurd"
,,,,,,,,,
