"BRO-ID","kwaliteitsregime","in registratie sinds","tijdstip veldonderzoek","pomptype","buis",,,,
"GAR000000057151","IMBRO/A","2025-04-10T20:45:52+02:00","1996-11-18T11:00:00+01:00","onbekend","1",,,,
,,,,,,,,,
"parameter","sikb-id","aquo-code","analysemeetwaarde","eenheid meetwaarde","status kwaliteitscontrole",,,,
"Temperatuur","1522","T","13.4","Cel","goedgekeurd",,,,
,,,,,,,,,
"parameter","sikb-id","aquo-code","analysedatum","analysemeetwaarde","eenheid meerwaarde","rapportagegrens","eenheid rapportagegres","limietsymbool","status kwaliteitscontrole"
"mangaan","1128","Mn","1996-11-18","100.0","ug/l",,,,"goedgekeurd"
"lood","1116","Pb","1996-11-18","5.0","ug/l",,,"<","goedgekeurd"
"Zuurgraad","1398","pH","1996-11-18","7.5","1",,,,"goedgekeurd"
"natrium","1262","Na","1996-11-18","1350.0","mg/l",,,,"goedgekeurd"
"kalium","920","K","1996-11-18","58.0","mg/l",,,,"goedgekeurd"
"calcium","447","Ca","1996-11-18","103.0","mg/l",,,,"goedgekeurd"
"ijzer","879","Fe","1996-11-18","1900.0","ug/l",,,,"goedgekeurd"
"ammonium","289","NH4","1996-11-18","0.4","mg/l",,,,"goedgekeurd"
"chloride","508","Cl","1996-11-18","1740.0","mg/l",,,,"goedgekeurd"
"sulfaat","1508","SO4","1996-11-18","210.0","mg/l",,,,"goedgekeurd"
"waterstofcarbonaat","374","HCO3","1996-11-18","1000.0","mg/l",,,,"onbeslist"
"nitraat","1270","NO3","1996-11-18","2.0","mg/l",,,"<","goedgekeurd"
"aluminium","284","Al","1996-11-18","5.0","ug/l",,,"<","goedgekeurd"
"arseen","310","As","1996-11-18","74.0","ug/l",,,,"goedgekeurd"
"cadmium","441","Cd","1996-11-18","0.5","ug/l",,,"<","goedgekeurd"
"chroom","517","Cr","1996-11-18","5.0","ug/l",,,"<","goedgekeurd"
"koper","971","Cu","1996-11-18","5.0","ug/l",,,"<","goedgekeurd"
"nikkel","1267","Ni","1996-11-18","5.0","ug/l",,,"<","goedgekeurd"
"magnesium","1125","Mg","1996-11-18","56.0","mg/l",,,,"goedgekeurd"
"zink","1693","Zn","1996-11-18","13.0","ug/l",,,,"goedgekeurd"
"stikstof Kjeldahl","4064","NKj","1996-11-18","0.5","mg/l",,,"<","goedgekeurd"
"fosfor totaal","4188","Ptot","1996-11-18","2.8","mg/l",,,,"goedgekeurd"
"fosfaat","1334","PO4","1996-11-18","1.98","mg/l",,,,"goedgekeurd"
"Geleidendheid","3548","GELDHD","1996-11-18","722.0","mS/m",,,,"onbeslist"
,,,,,,,,,
