"BRO-ID","kwaliteitsregime","in registratie sinds","tijdstip veldonderzoek","pomptype","buis",,,,
"GAR000000057062","IMBRO/A","2025-04-10T20:38:18+02:00","2001-01-15T11:00:00+01:00","onbekend","2",,,,
,,,,,,,,,
"parameter","sikb-id","aquo-code","analysemeetwaarde","eenheid meetwaarde","status kwaliteitscontrole",,,,
"Temperatuur","1522","T","5.9","Cel","onbeslist",,,,
,,,,,,,,,
"parameter","sikb-id","aquo-code","analysedatum","analysemeetwaarde","eenheid meerwaarde","rapportagegrens","eenheid rapportagegres","limietsymbool","status kwaliteitscontrole"
"Zuurgraad","1398","pH","2001-01-15","8.2","1",,,,"goedgekeurd"
"natrium","1262","Na","2001-01-15","2120.0","mg/l",,,,"goedgekeurd"
"aluminium","284","Al","2001-01-15","80.0","ug/l",,,,"goedgekeurd"
"stikstof Kjeldahl","4064","NKj","2001-01-15","3.3","mg/l",,,,"goedgekeurd"
"zink","1693","Zn","2001-01-15","10.0","ug/l",,,"<","goedgekeurd"
"lood","1116","Pb","2001-01-15","5.0","ug/l",,,"<","goedgekeurd"
"nikkel","1267","Ni","2001-01-15","5.0","ug/l",,,"<","goedgekeurd"
"koper","971","Cu","2001-01-15","2.5","ug/l",,,"<","goedgekeurd"
"chroom","517","Cr","2001-01-15","6.0","ug/l",,,,"goedgekeurd"
"arseen","310","As","2001-01-15","10.0","ug/l",,,,"goedgekeurd"
"nitraat","1270","NO3","2001-01-15","0.5","mg/l",,,"<","goedgekeurd"
"waterstofcarbonaat","374","HCO3","2001-01-15","1070.0","mg/l",,,,"goedgekeurd"
"sulfaat","1508","SO4","2001-01-15","120.0","mg/l",,,,"goedgekeurd"
"chloride","508","Cl","2001-01-15","2800.0","mg/l",,,,"goedgekeurd"
"ammonium","289","NH4","2001-01-15","1.8","mg/l",,,,"goedgekeurd"
"mangaan","1128","Mn","2001-01-15","50.0","ug/l",,,,"goedgekeurd"
"ijzer","879","Fe","2001-01-15","2300.0","ug/l",,,,"goedgekeurd"
"magnesium","1125","Mg","2001-01-15","44.0","mg/l",,,,"goedgekeurd"
"calcium","447","Ca","2001-01-15","20.0","mg/l",,,,"goedgekeurd"
"kalium","920","K","2001-01-15","54.0","mg/l",,,,"goedgekeurd"
"cadmium","441","Cd","2001-01-15","0.4","ug/l",,,"<","goedgekeurd"
"fosfor totaal","4188","Ptot","2001-01-15","8.3","mg/l",,,,"goedgekeurd"
"fosfaat","1334","PO4","2001-01-15","7.49","mg/l",,,,"goedgekeurd"
"Geleidendheid","3548","GELDHD","2001-01-15","540.0","mS/m",,,,"goedgekeurd"
,,,,,,,,,
