"BRO-ID","kwaliteitsregime","in registratie sinds","tijdstip veldonderzoek","pomptype","buis",,,,
"GAR000000057318","IMBRO/A","2025-04-10T21:01:03+02:00","2004-01-15T11:00:00+01:00","onbekend","2",,,,
,,,,,,,,,
"parameter","sikb-id","aquo-code","analysemeetwaarde","eenheid meetwaarde","status kwaliteitscontrole",,,,
"Temperatuur","1522","T","8.9","Cel","goedgekeurd",,,,
,,,,,,,,,
"parameter","sikb-id","aquo-code","analysedatum","analysemeetwaarde","eenheid meerwaarde","rapportagegrens","eenheid rapportagegres","limietsymbool","status kwaliteitscontrole"
"sulfaat","1508","SO4","2004-01-15","83.0","mg/l",,,,"goedgekeurd"
"chloride","508","Cl","2004-01-15","835.0","mg/l",,,,"goedgekeurd"
"ammonium","289","NH4","2004-01-15","1.17","mg/l",,,,"goedgekeurd"
"mangaan","1128","Mn","2004-01-15","40.0","ug/l",,,,"goedgekeurd"
"ijzer","879","Fe","2004-01-15","2420.0","ug/l",,,,"goedgekeurd"
"magnesium","1125","Mg","2004-01-15","35.7","mg/l",,,,"goedgekeurd"
"calcium","447","Ca","2004-01-15","16.0","mg/l",,,,"goedgekeurd"
"kalium","920","K","2004-01-15","45.0","mg/l",,,,"goedgekeurd"
"natrium","1262","Na","2004-01-15","853.0","mg/l",,,,"goedgekeurd"
"nitraat","1270","NO3","2004-01-15","0.05","mg/l",,,"<","goedgekeurd"
"aluminium","284","Al","2004-01-15","90.0","ug/l",,,,"goedgekeurd"
"Zuurgraad","1398","pH","2004-01-15","8.2","1",,,,"goedgekeurd"
"waterstofcarbonaat","374","HCO3","2004-01-15","1100.0","mg/l",,,,"goedgekeurd"
"stikstof Kjeldahl","4064","NKj","2004-01-15","4.2","mg/l",,,,"goedgekeurd"
"zink","1693","Zn","2004-01-15","10.0","ug/l",,,"<","goedgekeurd"
"lood","1116","Pb","2004-01-15","5.0","ug/l",,,"<","goedgekeurd"
"nikkel","1267","Ni","2004-01-15","5.0","ug/l",,,"<","goedgekeurd"
"koper","971","Cu","2004-01-15","2.5","ug/l",,,"<","goedgekeurd"
"chroom","517","Cr","2004-01-15","7.0","ug/l",,,,"goedgekeurd"
"cadmium","441","Cd","2004-01-15","0.4","ug/l",,,"<","goedgekeurd"
"arseen","310","As","2004-01-15","6.0","ug/l",,,,"goedgekeurd"
"fosfor totaal","4188","Ptot","2004-01-15","11.7","mg/l",,,,"goedgekeurd"
"fosfaat","1334","PO4","2004-01-15","11.56","mg/l",,,,"goedgekeurd"
"Geleidendheid","3548","GELDHD","2004-01-15","417.0","mS/m",,,,"goedgekeurd"
,,,,,,,,,
