"BRO-ID","kwaliteitsregime","in registratie sinds","tijdstip veldonderzoek","pomptype","buis",,,,
"GAR000000054842","IMBRO/A","2025-04-10T17:21:07+02:00","1996-11-12T11:00:00+01:00","onbekend","2",,,,
,,,,,,,,,
"parameter","sikb-id","aquo-code","analysemeetwaarde","eenheid meetwaarde","status kwaliteitscontrole",,,,
"Temperatuur","1522","T","10.5","Cel","goedgekeurd",,,,
,,,,,,,,,
"parameter","sikb-id","aquo-code","analysedatum","analysemeetwaarde","eenheid meerwaarde","rapportagegrens","eenheid rapportagegres","limietsymbool","status kwaliteitscontrole"
"ammonium","289","NH4","1996-11-12","1.41","mg/l",,,,"goedgekeurd"
"stikstof Kjeldahl","4064","NKj","1996-11-12","2.8","mg/l",,,,"goedgekeurd"
"nikkel","1267","Ni","1996-11-12","5.0","ug/l",,,"<","goedgekeurd"
"waterstofcarbonaat","374","HCO3","1996-11-12","680.0","mg/l",,,,"goedgekeurd"
"Zuurgraad","1398","pH","1996-11-12","7.0","1",,,,"goedgekeurd"
"natrium","1262","Na","1996-11-12","1317.0","mg/l",,,,"goedgekeurd"
"kalium","920","K","1996-11-12","78.0","mg/l",,,,"goedgekeurd"
"calcium","447","Ca","1996-11-12","228.0","mg/l",,,,"goedgekeurd"
"magnesium","1125","Mg","1996-11-12","153.0","mg/l",,,,"goedgekeurd"
"ijzer","879","Fe","1996-11-12","7900.0","ug/l",,,,"goedgekeurd"
"mangaan","1128","Mn","1996-11-12","600.0","ug/l",,,,"goedgekeurd"
"zink","1693","Zn","1996-11-12","29.0","ug/l",,,,"goedgekeurd"
"sulfaat","1508","SO4","1996-11-12","780.0","mg/l",,,,"goedgekeurd"
"lood","1116","Pb","1996-11-12","5.0","ug/l",,,"<","goedgekeurd"
"nitraat","1270","NO3","1996-11-12","2.0","mg/l",,,"<","goedgekeurd"
"aluminium","284","Al","1996-11-12","5.0","ug/l",,,"<","goedgekeurd"
"arseen","310","As","1996-11-12","5.0","ug/l",,,"<","goedgekeurd"
"cadmium","441","Cd","1996-11-12","0.5","ug/l",,,"<","goedgekeurd"
"chroom","517","Cr","1996-11-12","5.0","ug/l",,,"<","goedgekeurd"
"koper","971","Cu","1996-11-12","5.0","ug/l",,,"<","goedgekeurd"
"chloride","508","Cl","1996-11-12","1800.0","mg/l",,,,"goedgekeurd"
"fosfor totaal","4188","Ptot","1996-11-12","0.18","mg/l",,,,"goedgekeurd"
"Geleidendheid","3548","GELDHD","1996-11-12","759.0","mS/m",,,,"goedgekeurd"
"fosfaat","1334","PO4","1996-11-12","0.005","mg/l",,,"<","goedgekeurd"
,,,,,,,,,
