"BRO-ID","kwaliteitsregime","in registratie sinds","tijdstip veldonderzoek","pomptype","buis",,,,
"GAR000000054989","IMBRO/A","2025-04-10T17:33:13+02:00","2001-01-23T11:00:00+01:00","onbekend","2",,,,
,,,,,,,,,
"parameter","sikb-id","aquo-code","analysemeetwaarde","eenheid meetwaarde","status kwaliteitscontrole",,,,
"Temperatuur","1522","T","8.6","Cel","goedgekeurd",,,,
,,,,,,,,,
"parameter","sikb-id","aquo-code","analysedatum","analysemeetwaarde","eenheid meerwaarde","rapportagegrens","eenheid rapportagegres","limietsymbool","status kwaliteitscontrole"
"ijzer","879","Fe","2001-01-23","6300.0","ug/l",,,,"goedgekeurd"
"Zuurgraad","1398","pH","2001-01-23","7.4","1",,,,"goedgekeurd"
"natrium","1262","Na","2001-01-23","620.0","mg/l",,,,"goedgekeurd"
"kalium","920","K","2001-01-23","70.0","mg/l",,,,"goedgekeurd"
"calcium","447","Ca","2001-01-23","160.0","mg/l",,,,"goedgekeurd"
"mangaan","1128","Mn","2001-01-23","410.0","ug/l",,,,"goedgekeurd"
"magnesium","1125","Mg","2001-01-23","110.0","mg/l",,,,"goedgekeurd"
"koper","971","Cu","2001-01-23","2.5","ug/l",,,"<","goedgekeurd"
"ammonium","289","NH4","2001-01-23","1.5","mg/l",,,,"goedgekeurd"
"chloride","508","Cl","2001-01-23","1100.0","mg/l",,,,"goedgekeurd"
"sulfaat","1508","SO4","2001-01-23","300.0","mg/l",,,,"goedgekeurd"
"waterstofcarbonaat","374","HCO3","2001-01-23","580.0","mg/l",,,,"goedgekeurd"
"nitraat","1270","NO3","2001-01-23","0.5","mg/l",,,"<","goedgekeurd"
"aluminium","284","Al","2001-01-23","5.0","ug/l",,,"<","goedgekeurd"
"arseen","310","As","2001-01-23","9.0","ug/l",,,,"goedgekeurd"
"chroom","517","Cr","2001-01-23","2.5","ug/l",,,"<","goedgekeurd"
"nikkel","1267","Ni","2001-01-23","5.0","ug/l",,,"<","goedgekeurd"
"lood","1116","Pb","2001-01-23","5.0","ug/l",,,"<","goedgekeurd"
"zink","1693","Zn","2001-01-23","40.0","ug/l",,,,"goedgekeurd"
"stikstof Kjeldahl","4064","NKj","2001-01-23","1.3","mg/l",,,,"goedgekeurd"
"cadmium","441","Cd","2001-01-23","0.4","ug/l",,,"<","goedgekeurd"
"fosfor totaal","4188","Ptot","2001-01-23","0.23","mg/l",,,,"goedgekeurd"
"fosfaat","1334","PO4","2001-01-23","0.02","mg/l",,,"<","goedgekeurd"
"Geleidendheid","3548","GELDHD","2001-01-23","540.0","mS/m",,,,"goedgekeurd"
,,,,,,,,,
