"BRO-ID","kwaliteitsregime","in registratie sinds","tijdstip veldonderzoek","pomptype","buis",,,,
"GAR000000063748","IMBRO/A","2025-04-11T11:33:41+02:00","1990-07-11T12:00:00+02:00","onbekend","2",,,,
,,,,,,,,,
"parameter","sikb-id","aquo-code","analysedatum","analysemeetwaarde","eenheid meerwaarde","rapportagegrens","eenheid rapportagegres","limietsymbool","status kwaliteitscontrole"
"lood","1116","Pb","1990-07-11","4.5","ug/l",,,,"goedgekeurd"
"nikkel","1267","Ni","1990-07-11","2.0","ug/l",,,,"goedgekeurd"
"kwik","1097","Hg","1990-07-11","0.05","ug/l",,,,"goedgekeurd"
"koper","971","Cu","1990-07-11","12.6","ug/l",,,,"goedgekeurd"
"chroom","517","Cr","1990-07-11","1.5","ug/l",,,,"goedgekeurd"
"cadmium","441","Cd","1990-07-11","0.33","ug/l",,,,"goedgekeurd"
"arseen","310","As","1990-07-11","0.5","ug/l",,,,"goedgekeurd"
"fosfaat","1334","PO4","1990-07-11","3.99","mg/l",,,,"goedgekeurd"
"fosfor totaal","4188","Ptot","1990-07-11","4.29","mg/l",,,,"goedgekeurd"
"nitraat","1270","NO3","1990-07-11","0.88","mg/l",,,,"goedgekeurd"
"waterstofcarbonaat","374","HCO3","1990-07-11","999.0","mg/l",,,,"goedgekeurd"
"zink","1693","Zn","1990-07-11","10.0","ug/l",,,,"goedgekeurd"
"chloride","508","Cl","1990-07-11","12935.0","mg/l",,,,"goedgekeurd"
"sulfaat","1508","SO4","1990-07-11","1010.0","mg/l",,,,"goedgekeurd"
"ammonium","289","NH4","1990-07-11","15.09","mg/l",,,,"goedgekeurd"
"mangaan","1128","Mn","1990-07-11","1400.0","ug/l",,,,"goedgekeurd"
"magnesium","1125","Mg","1990-07-11","770.0","mg/l",,,,"goedgekeurd"
"natrium","1262","Na","1990-07-11","6925.0","mg/l",,,,"goedgekeurd"
"Zuurgraad","1398","pH","1990-07-11","6.81","1",,,,"goedgekeurd"
"calcium","447","Ca","1990-07-11","555.0","mg/l",,,,"goedgekeurd"
"kalium","920","K","1990-07-11","213.0","mg/l",,,,"onbeslist"
"ijzer","879","Fe","1990-07-11","2700.0","ug/l",,,,"goedgekeurd"
"Geleidendheid","3548","GELDHD","1990-07-11","2434.0","mS/m",,,,"goedgekeurd"
,,,,,,,,,
