"BRO-ID","kwaliteitsregime","in registratie sinds","tijdstip veldonderzoek","pomptype","buis",,,,
"GAR000000054057","IMBRO/A","2025-04-10T16:07:57+02:00","1990-02-27T11:00:00+01:00","onbekend","1",,,,
,,,,,,,,,
"parameter","sikb-id","aquo-code","analysedatum","analysemeetwaarde","eenheid meerwaarde","rapportagegrens","eenheid rapportagegres","limietsymbool","status kwaliteitscontrole"
"ammonium","289","NH4","1990-02-27","5.03","mg/l",,,,"goedgekeurd"
"chloride","508","Cl","1990-02-27","14745.0","mg/l",,,,"goedgekeurd"
"sulfaat","1508","SO4","1990-02-27","2075.0","mg/l",,,,"goedgekeurd"
"waterstofcarbonaat","374","HCO3","1990-02-27","315.0","mg/l",,,,"goedgekeurd"
"magnesium","1125","Mg","1990-02-27","955.0","mg/l",,,,"goedgekeurd"
"natrium","1262","Na","1990-02-27","8925.0","mg/l",,,,"goedgekeurd"
"calcium","447","Ca","1990-02-27","343.0","mg/l",,,,"goedgekeurd"
"kalium","920","K","1990-02-27","280.0","mg/l",,,,"goedgekeurd"
"Geleidendheid","3548","GELDHD","1990-02-27","958.0","mS/m",,,,"goedgekeurd"
,,,,,,,,,
