"BRO-ID","kwaliteitsregime","in registratie sinds","tijdstip veldonderzoek","pomptype","buis",,,,
"GAR000000063439","IMBRO/A","2025-04-11T11:01:42+02:00","2016-01-13T11:00:00+01:00","onbekend","1",,,,
,,,,,,,,,
"parameter","sikb-id","aquo-code","analysemeetwaarde","eenheid meetwaarde","status kwaliteitscontrole",,,,
"Troebelheid","2031","TROEBHD","9.99","[NTU]","goedgekeurd",,,,
"zuurstof","1701","O2","0.01","mg/l","goedgekeurd",,,,
"Temperatuur","1522","T","11.0","Cel","goedgekeurd",,,,
"Zuurgraad","1398","pH","8.5","1","goedgekeurd",,,,
"Geleidendheid","3548","GELDHD","122.0","mS/m","goedgekeurd",,,,
,,,,,,,,,
"parameter","sikb-id","aquo-code","analysedatum","analysemeetwaarde","eenheid meerwaarde","rapportagegrens","eenheid rapportagegres","limietsymbool","status kwaliteitscontrole"
"Temperatuur","1522","T","2016-01-13","14.7","Cel",,,,"goedgekeurd"
"Geleidendheid","3548","GELDHD","2016-01-13","127.5","mS/m",,,,"goedgekeurd"
"mangaan","1128","Mn","2016-01-13","130.0","ug/l",,,,"goedgekeurd"
"Zuurgraad","1398","pH","2016-01-13","7.6","1",,,,"goedgekeurd"
"natrium","1262","Na","2016-01-13","330.0","mg/l",,,,"goedgekeurd"
"kalium","920","K","2016-01-13","16.0","mg/l",,,,"goedgekeurd"
"calcium","447","Ca","2016-01-13","33.0","mg/l",,,,"goedgekeurd"
"magnesium","1125","Mg","2016-01-13","7.5","mg/l",,,,"goedgekeurd"
"ammonium","289","NH4","2016-01-13","1.25","mg/l",,,,"goedgekeurd"
"thallium","1553","Tl","2016-01-13","50.0","ug/l",,,"<","goedgekeurd"
"nikkel","1267","Ni","2016-01-13","1.5","ug/l",,,,"goedgekeurd"
"rubidium","1987","Rb","2016-01-13","50.0","ug/l",,,"<","goedgekeurd"
"antimoon","301","Sb","2016-01-13","50.0","ug/l",,,"<","goedgekeurd"
"seleen","1476","Se","2016-01-13","50.0","ug/l",,,"<","goedgekeurd"
"tin","1564","Sn","2016-01-13","50.0","ug/l",,,"<","goedgekeurd"
"strontium","1501","Sr","2016-01-13","160.0","ug/l",,,,"goedgekeurd"
"tellurium","1520","Te","2016-01-13","50.0","ug/l",,,"<","goedgekeurd"
"ijzer","879","Fe","2016-01-13","860.0","ug/l",,,,"goedgekeurd"
"titaan","1565","Ti","2016-01-13","50.0","ug/l",,,"<","goedgekeurd"
"koper","971","Cu","2016-01-13","0.5","ug/l",,,"<","goedgekeurd"
"uranium","1637","U","2016-01-13","50.0","ug/l",,,"<","goedgekeurd"
"vanadium","1642","V","2016-01-13","35.0","ug/l",,,,"goedgekeurd"
"wolfraam","1685","W","2016-01-13","50.0","ug/l",,,"<","goedgekeurd"
"zink","1693","Zn","2016-01-13","12.0","ug/l",,,,"goedgekeurd"
"zirkonium","1695","Zr","2016-01-13","50.0","ug/l",,,"<","goedgekeurd"
"molybdeen","1243","Mo","2016-01-13","50.0","ug/l",,,"<","goedgekeurd"
"thorium","1563","Th","2016-01-13","50.0","ug/l",,,"<","goedgekeurd"
"arseen","310","As","2016-01-13","4.4","ug/l",,,,"goedgekeurd"
"chloride","508","Cl","2016-01-13","33.0","mg/l",,,,"goedgekeurd"
"sulfaat","1508","SO4","2016-01-13","18.0","mg/l",,,,"goedgekeurd"
"waterstofcarbonaat","374","HCO3","2016-01-13","710.0","mg/l",,,,"goedgekeurd"
"nitraat","1270","NO3","2016-01-13","0.22","mg/l",,,"<","goedgekeurd"
"nitriet","1273","NO2","2016-01-13","0.09","mg/l",,,,"goedgekeurd"
"fosfaat","1334","PO4","2016-01-13","50.59","mg/l",,,,"goedgekeurd"
"fluoride","1853","F","2016-01-13","2.3","mg/l",,,,"goedgekeurd"
"lithium","1115","Li","2016-01-13","50.0","ug/l",,,"<","goedgekeurd"
"aluminium","284","Al","2016-01-13","110.0","ug/l",,,,"goedgekeurd"
"kwik","1097","Hg","2016-01-13","0.03","ug/l",,,"<","goedgekeurd"
"boor","386","B","2016-01-13","1900.0","ug/l",,,,"goedgekeurd"
"barium","333","Ba","2016-01-13","47.0","ug/l",,,,"goedgekeurd"
"beryllium","362","Be","2016-01-13","50.0","ug/l",,,"<","goedgekeurd"
"bromide","391","Br","2016-01-13","0.71","mg/l",,,,"goedgekeurd"
"cadmium","441","Cd","2016-01-13","0.1","ug/l",,,"<","goedgekeurd"
"kobalt","527","Co","2016-01-13","50.0","ug/l",,,"<","goedgekeurd"
"cesium","468","Cs","2016-01-13","3.2","ug/l",,,,"goedgekeurd"
"zilver","1692","Ag","2016-01-13","50.0","ug/l",,,"<","goedgekeurd"
"lood","1116","Pb","2016-01-13","1.0","ug/l",,,"<","goedgekeurd"
,,,,,,,,,
