"BRO-ID","kwaliteitsregime","in registratie sinds","tijdstip veldonderzoek","pomptype","buis",,,,
"GAR000000063766","IMBRO/A","2025-04-11T11:35:36+02:00","2001-12-04T11:00:00+01:00","onbekend","1",,,,
,,,,,,,,,
"parameter","sikb-id","aquo-code","analysemeetwaarde","eenheid meetwaarde","status kwaliteitscontrole",,,,
"Temperatuur","1522","T","11.3","Cel","goedgekeurd",,,,
,,,,,,,,,
"parameter","sikb-id","aquo-code","analysedatum","analysemeetwaarde","eenheid meerwaarde","rapportagegrens","eenheid rapportagegres","limietsymbool","status kwaliteitscontrole"
"fosfor totaal","4188","Ptot","2001-12-04","8.6","mg/l",,,,"goedgekeurd"
"fosfaat","1334","PO4","2001-12-04","4.56","mg/l",,,,"goedgekeurd"
"Geleidendheid","3548","GELDHD","2001-12-04","190.0","mS/m",,,,"goedgekeurd"
"magnesium","1125","Mg","2001-12-04","5.7","mg/l",,,,"goedgekeurd"
"ijzer","879","Fe","2001-12-04","970.0","ug/l",,,,"goedgekeurd"
"mangaan","1128","Mn","2001-12-04","150.0","ug/l",,,,"goedgekeurd"
"ammonium","289","NH4","2001-12-04","0.3","mg/l",,,,"goedgekeurd"
"chloride","508","Cl","2001-12-04","95.0","mg/l",,,,"goedgekeurd"
"sulfaat","1508","SO4","2001-12-04","34.0","mg/l",,,,"goedgekeurd"
"waterstofcarbonaat","374","HCO3","2001-12-04","950.0","mg/l",,,,"goedgekeurd"
"aluminium","284","Al","2001-12-04","50.0","ug/l",,,,"goedgekeurd"
"natrium","1262","Na","2001-12-04","440.0","mg/l",,,,"goedgekeurd"
"cadmium","441","Cd","2001-12-04","0.4","ug/l",,,"<","goedgekeurd"
"chroom","517","Cr","2001-12-04","9.0","ug/l",,,,"goedgekeurd"
"koper","971","Cu","2001-12-04","6.0","ug/l",,,,"goedgekeurd"
"nikkel","1267","Ni","2001-12-04","5.0","ug/l",,,"<","goedgekeurd"
"lood","1116","Pb","2001-12-04","5.0","ug/l",,,"<","goedgekeurd"
"zink","1693","Zn","2001-12-04","34.0","ug/l",,,,"goedgekeurd"
"stikstof Kjeldahl","4064","NKj","2001-12-04","2.0","mg/l",,,,"goedgekeurd"
"calcium","447","Ca","2001-12-04","5.0","mg/l",,,,"goedgekeurd"
"kalium","920","K","2001-12-04","22.0","mg/l",,,,"goedgekeurd"
"Zuurgraad","1398","pH","2001-12-04","8.5","1",,,,"goedgekeurd"
"arseen","310","As","2001-12-04","15.0","ug/l",,,,"goedgekeurd"
"nitraat","1270","NO3","2001-12-04","0.5","mg/l",,,"<","goedgekeurd"
,,,,,,,,,
