"BRO-ID","kwaliteitsregime","in registratie sinds","tijdstip veldonderzoek","pomptype","buis",,,,
"GAR000000060632","IMBRO/A","2025-04-11T02:08:55+02:00","2003-01-07T11:00:00+01:00","onbekend","3",,,,
,,,,,,,,,
"parameter","sikb-id","aquo-code","analysemeetwaarde","eenheid meetwaarde","status kwaliteitscontrole",,,,
"Temperatuur","1522","T","8.5","Cel","goedgekeurd",,,,
,,,,,,,,,
"parameter","sikb-id","aquo-code","analysedatum","analysemeetwaarde","eenheid meerwaarde","rapportagegrens","eenheid rapportagegres","limietsymbool","status kwaliteitscontrole"
"zink","1693","Zn","2003-01-07","10.0","ug/l",,,"<","goedgekeurd"
"nitraat","1270","NO3","2003-01-07","0.1","mg/l",,,"<","goedgekeurd"
"aluminium","284","Al","2003-01-07","5.0","ug/l",,,"<","goedgekeurd"
"arseen","310","As","2003-01-07","2.5","ug/l",,,"<","goedgekeurd"
"cadmium","441","Cd","2003-01-07","0.4","ug/l",,,"<","goedgekeurd"
"chroom","517","Cr","2003-01-07","2.5","ug/l",,,"<","goedgekeurd"
"koper","971","Cu","2003-01-07","2.5","ug/l",,,"<","goedgekeurd"
"sulfaat","1508","SO4","2003-01-07","1800.0","mg/l",,,,"goedgekeurd"
"lood","1116","Pb","2003-01-07","5.0","ug/l",,,"<","goedgekeurd"
"ammonium","289","NH4","2003-01-07","8.2","mg/l",,,,"goedgekeurd"
"stikstof Kjeldahl","4064","NKj","2003-01-07","7.2","mg/l",,,,"goedgekeurd"
"nikkel","1267","Ni","2003-01-07","5.0","ug/l",,,"<","goedgekeurd"
"waterstofcarbonaat","374","HCO3","2003-01-07","323.0","mg/l",,,,"goedgekeurd"
"Zuurgraad","1398","pH","2003-01-07","7.7","1",,,,"goedgekeurd"
"natrium","1262","Na","2003-01-07","7620.0","mg/l",,,,"goedgekeurd"
"kalium","920","K","2003-01-07","420.0","mg/l",,,,"goedgekeurd"
"calcium","447","Ca","2003-01-07","357.0","mg/l",,,,"goedgekeurd"
"magnesium","1125","Mg","2003-01-07","881.0","mg/l",,,,"goedgekeurd"
"ijzer","879","Fe","2003-01-07","5000.0","ug/l",,,,"goedgekeurd"
"mangaan","1128","Mn","2003-01-07","520.0","ug/l",,,,"goedgekeurd"
"chloride","508","Cl","2003-01-07","15000.0","mg/l",,,,"goedgekeurd"
"fosfor totaal","4188","Ptot","2003-01-07","1.37","mg/l",,,,"goedgekeurd"
"fosfaat","1334","PO4","2003-01-07","0.03","mg/l",,,,"goedgekeurd"
"Geleidendheid","3548","GELDHD","2003-01-07","4020.0","mS/m",,,,"goedgekeurd"
,,,,,,,,,
