"BRO-ID","kwaliteitsregime","in registratie sinds","tijdstip veldonderzoek","pomptype","buis",,,,
"GAR000000061350","IMBRO/A","2025-04-11T03:15:00+02:00","2005-01-25T11:00:00+01:00","onbekend","3",,,,
,,,,,,,,,
"parameter","sikb-id","aquo-code","analysemeetwaarde","eenheid meetwaarde","status kwaliteitscontrole",,,,
"Temperatuur","1522","T","11.6","Cel","goedgekeurd",,,,
,,,,,,,,,
"parameter","sikb-id","aquo-code","analysedatum","analysemeetwaarde","eenheid meerwaarde","rapportagegrens","eenheid rapportagegres","limietsymbool","status kwaliteitscontrole"
"zink","1693","Zn","2005-01-25","10.0","ug/l",,,,"goedgekeurd"
"stikstof Kjeldahl","4064","NKj","2005-01-25","9.2","mg/l",,,,"goedgekeurd"
"lood","1116","Pb","2005-01-25","10.0","ug/l",,,,"goedgekeurd"
"nitriet","1273","NO2","2005-01-25","0.05","mg/l",,,,"goedgekeurd"
"kalium","920","K","2005-01-25","270.0","mg/l",,,,"goedgekeurd"
"calcium","447","Ca","2005-01-25","320.0","mg/l",,,,"goedgekeurd"
"magnesium","1125","Mg","2005-01-25","850.0","mg/l",,,,"goedgekeurd"
"ijzer","879","Fe","2005-01-25","6130.0","ug/l",,,,"goedgekeurd"
"mangaan","1128","Mn","2005-01-25","500.0","ug/l",,,,"goedgekeurd"
"chroom","517","Cr","2005-01-25","5.0","ug/l",,,,"goedgekeurd"
"chloride","508","Cl","2005-01-25","14000.0","mg/l",,,,"goedgekeurd"
"natrium","1262","Na","2005-01-25","8000.0","mg/l",,,,"goedgekeurd"
"nitraat","1270","NO3","2005-01-25","0.05","mg/l",,,,"goedgekeurd"
"ammonium","289","NH4","2005-01-25","8.7","mg/l",,,,"goedgekeurd"
"aluminium","284","Al","2005-01-25","25.0","ug/l",,,"<","goedgekeurd"
"arseen","310","As","2005-01-25","2.0","ug/l",,,,"goedgekeurd"
"cadmium","441","Cd","2005-01-25","1.0","ug/l",,,,"goedgekeurd"
"koper","971","Cu","2005-01-25","10.0","ug/l",,,,"goedgekeurd"
"nikkel","1267","Ni","2005-01-25","4.0","ug/l",,,,"goedgekeurd"
"waterstofcarbonaat","374","HCO3","2005-01-25","310.0","mg/l",,,,"goedgekeurd"
"sulfaat","1508","SO4","2005-01-25","2200.0","mg/l",,,,"goedgekeurd"
"Zuurgraad","1398","pH","2005-01-25","7.3","1",,,,"goedgekeurd"
"fosfor totaal","4188","Ptot","2005-01-25","1.5","mg/l",,,,"goedgekeurd"
"fosfaat","1334","PO4","2005-01-25","1.28","mg/l",,,,"goedgekeurd"
"Geleidendheid","3548","GELDHD","2005-01-25","4000.0","mS/m",,,,"goedgekeurd"
,,,,,,,,,
