"BRO-ID","kwaliteitsregime","in registratie sinds","tijdstip veldonderzoek","pomptype","buis",,,,
"GAR000000051489","IMBRO/A","2025-03-21T10:44:37+01:00","2022-03-15T11:00:00+01:00","peristaltischePomp","2",,,,
,,,,,,,,,
"parameter","sikb-id","aquo-code","analysedatum","analysemeetwaarde","eenheid meerwaarde","rapportagegrens","eenheid rapportagegres","limietsymbool","status kwaliteitscontrole"
"fosfor totaal","4188","Ptot","2022-03-15","0.76","mg/l","0.76","mg/l",,"goedgekeurd"
"seleen","1476","Se","2022-03-15","5.0","ug/l","5.0","ug/l","<","goedgekeurd"
"titaan","1565","Ti","2022-03-15","2.0","ug/l","2.0","ug/l","<","goedgekeurd"
"aluminium","284","Al","2022-03-15","10.0","ug/l","10.0","ug/l","<","goedgekeurd"
"ammonium","289","NH4","2022-03-15","6.43","mg/l","6.43","mg/l",,"goedgekeurd"
"antimoon","301","Sb","2022-03-15","0.5","ug/l","0.5","ug/l","<","goedgekeurd"
"nitriet","1273","NO2","2022-03-15","0.01","mg/l","0.01","mg/l","<","goedgekeurd"
"koolstof organisch","1318","Corg","2022-03-15","7.25","mg/l","7.25","mg/l",,"goedgekeurd"
"Geleidendheid","3548","GELDHD","2022-03-15","3392.43","mS/m","3392.43","mS/m",,"goedgekeurd"
"kalium","920","K","2022-03-15","17.43","mg/l","17.43","mg/l",,"goedgekeurd"
"koper","971","Cu","2022-03-15","2.0","ug/l","2.0","ug/l","<","goedgekeurd"
"nikkel","1267","Ni","2022-03-15","0.93","ug/l","0.93","ug/l",,"goedgekeurd"
"nitraat","1270","NO3","2022-03-15","0.05","mg/l","0.05","mg/l","<","goedgekeurd"
"natrium","1262","Na","2022-03-15","5820.48","mg/l","5820.48","mg/l",,"goedgekeurd"
"lood","1116","Pb","2022-03-15","0.6","ug/l","0.6","ug/l","<","goedgekeurd"
"lithium","1115","Li","2022-03-15","39.04","ug/l","39.04","ug/l",,"goedgekeurd"
"kwik","1097","Hg","2022-03-15","0.03","ug/l","0.03","ug/l","<","goedgekeurd"
"kobalt","527","Co","2022-03-15","2.0","ug/l","2.0","ug/l","<","goedgekeurd"
"beryllium","362","Be","2022-03-15","2.0","ug/l","2.0","ug/l","<","goedgekeurd"
"chloride","508","Cl","2022-03-15","12054.27","mg/l","12054.27","mg/l",,"goedgekeurd"
"arseen","310","As","2022-03-15","7.07","ug/l","7.07","ug/l",,"goedgekeurd"
"barium","333","Ba","2022-03-15","90.03","ug/l","90.03","ug/l",,"goedgekeurd"
"ijzer","879","Fe","2022-03-15","128709.8","ug/l","128709.8","ug/l",,"goedgekeurd"
"molybdeen","1243","Mo","2022-03-15","0.001","ug/l","0.001","ug/l","<","onbeslist"
"uranium","1637","U","2022-03-15","1.0","ug/l","1.0","ug/l","<","goedgekeurd"
"vanadium","1642","V","2022-03-15","1.9","ug/l","1.9","ug/l",,"goedgekeurd"
"thallium","1553","Tl","2022-03-15","5.0","ug/l","5.0","ug/l","<","goedgekeurd"
"tin","1564","Sn","2022-03-15","10.0","ug/l","10.0","ug/l","<","goedgekeurd"
"fluoride","1853","F","2022-03-15","0.08","mg/l","0.08","mg/l",,"goedgekeurd"
"Zuurgraad","1398","pH","2022-03-15","6.69","1","6.69","1",,"goedgekeurd"
"strontium","1501","Sr","2022-03-15","11536.81","ug/l","11536.81","ug/l",,"goedgekeurd"
"mangaan","1128","Mn","2022-03-15","899.96","ug/l","899.96","ug/l",,"goedgekeurd"
"magnesium","1125","Mg","2022-03-15","528.78","mg/l","528.78","mg/l",,"goedgekeurd"
"cadmium","441","Cd","2022-03-15","0.1","ug/l","0.1","ug/l","<","goedgekeurd"
"calcium","447","Ca","2022-03-15","2043.16","mg/l","2043.16","mg/l",,"goedgekeurd"
"waterstofcarbonaat","374","HCO3","2022-03-15","497.02","mg/l","497.02","mg/l",,"goedgekeurd"
"boor","386","B","2022-03-15","250.0","ug/l","250.0","ug/l","<","goedgekeurd"
"bromide","391","Br","2022-03-15","39.54","mg/l","39.54","mg/l",,"goedgekeurd"
"sulfaat","1508","SO4","2022-03-15","1256.32","mg/l","1256.32","mg/l",,"goedgekeurd"
"tellurium","1520","Te","2022-03-15","2.0","ug/l","2.0","ug/l","<","goedgekeurd"
"Temperatuur","1522","T","2022-03-15","19.2","Cel","19.2","Cel",,"goedgekeurd"
"chroom","517","Cr","2022-03-15","0.8","ug/l","0.8","ug/l",,"goedgekeurd"
"zirkonium","1695","Zr","2022-03-15","12.0","ug/l","12.0","ug/l","<","goedgekeurd"
"zink","1693","Zn","2022-03-15","2.0","ug/l","2.0","ug/l","<","goedgekeurd"
"zilver","1692","Ag","2022-03-15","5.0","ug/l","5.0","ug/l","<","goedgekeurd"
"wolfraam","1685","W","2022-03-15","1.0","ug/l","1.0","ug/l","<","goedgekeurd"
,,,,,,,,,
