"BRO-ID","kwaliteitsregime","in registratie sinds","tijdstip veldonderzoek","pomptype","buis",,,,
"GAR000000055067","IMBRO/A","2025-04-10T17:39:54+02:00","2004-01-12T11:00:00+01:00","onbekend","2",,,,
,,,,,,,,,
"parameter","sikb-id","aquo-code","analysemeetwaarde","eenheid meetwaarde","status kwaliteitscontrole",,,,
"Temperatuur","1522","T","10.7","Cel","goedgekeurd",,,,
,,,,,,,,,
"parameter","sikb-id","aquo-code","analysedatum","analysemeetwaarde","eenheid meerwaarde","rapportagegrens","eenheid rapportagegres","limietsymbool","status kwaliteitscontrole"
"magnesium","1125","Mg","2004-01-12","453.0","mg/l",,,,"goedgekeurd"
"aluminium","284","Al","2004-01-12","5.0","ug/l",,,"<","goedgekeurd"
"nitraat","1270","NO3","2004-01-12","0.05","mg/l",,,"<","goedgekeurd"
"waterstofcarbonaat","374","HCO3","2004-01-12","481.0","mg/l",,,,"goedgekeurd"
"sulfaat","1508","SO4","2004-01-12","1430.0","mg/l",,,,"goedgekeurd"
"chloride","508","Cl","2004-01-12","12700.0","mg/l",,,,"goedgekeurd"
"ammonium","289","NH4","2004-01-12","32.13","mg/l",,,,"onbeslist"
"cadmium","441","Cd","2004-01-12","0.4","ug/l",,,"<","goedgekeurd"
"ijzer","879","Fe","2004-01-12","12100.0","ug/l",,,,"goedgekeurd"
"chroom","517","Cr","2004-01-12","2.5","ug/l",,,"<","goedgekeurd"
"calcium","447","Ca","2004-01-12","2170.0","mg/l",,,,"goedgekeurd"
"kalium","920","K","2004-01-12","25.0","mg/l",,,,"goedgekeurd"
"natrium","1262","Na","2004-01-12","4900.0","mg/l",,,,"goedgekeurd"
"Zuurgraad","1398","pH","2004-01-12","6.5","1",,,,"goedgekeurd"
"mangaan","1128","Mn","2004-01-12","1100.0","ug/l",,,,"goedgekeurd"
"arseen","310","As","2004-01-12","2.5","ug/l",,,"<","goedgekeurd"
"stikstof Kjeldahl","4064","NKj","2004-01-12","7.1","mg/l",,,,"goedgekeurd"
"zink","1693","Zn","2004-01-12","20.0","ug/l",,,,"goedgekeurd"
"lood","1116","Pb","2004-01-12","5.0","ug/l",,,"<","goedgekeurd"
"nikkel","1267","Ni","2004-01-12","5.0","ug/l",,,"<","goedgekeurd"
"koper","971","Cu","2004-01-12","2.5","ug/l",,,"<","goedgekeurd"
"fosfor totaal","4188","Ptot","2004-01-12","0.1","mg/l",,,,"goedgekeurd"
"Geleidendheid","3548","GELDHD","2004-01-12","3370.0","mS/m",,,,"goedgekeurd"
"fosfaat","1334","PO4","2004-01-12","0.01","mg/l",,,"<","goedgekeurd"
,,,,,,,,,
