"BRO-ID","kwaliteitsregime","in registratie sinds","tijdstip veldonderzoek","pomptype","buis",,,,
"GAR000000055076","IMBRO/A","2025-04-10T17:40:50+02:00","1993-12-13T11:00:00+01:00","onbekend","2",,,,
,,,,,,,,,
"parameter","sikb-id","aquo-code","analysedatum","analysemeetwaarde","eenheid meerwaarde","rapportagegrens","eenheid rapportagegres","limietsymbool","status kwaliteitscontrole"
"Geleidendheid","3548","GELDHD","1993-12-13","3151.0","mS/m",,,,"goedgekeurd"
"ammonium","289","NH4","1993-12-13","5.33","mg/l",,,,"goedgekeurd"
"mangaan","1128","Mn","1993-12-13","1000.0","ug/l",,,,"goedgekeurd"
"ijzer","879","Fe","1993-12-13","145000.0","ug/l",,,,"goedgekeurd"
"magnesium","1125","Mg","1993-12-13","475.0","mg/l",,,,"goedgekeurd"
"calcium","447","Ca","1993-12-13","2400.0","mg/l",,,,"goedgekeurd"
"kalium","920","K","1993-12-13","24.0","mg/l",,,,"goedgekeurd"
"Zuurgraad","1398","pH","1993-12-13","6.6","1",,,,"goedgekeurd"
"waterstofcarbonaat","374","HCO3","1993-12-13","535.0","mg/l",,,,"goedgekeurd"
"natrium","1262","Na","1993-12-13","5460.0","mg/l",,,,"goedgekeurd"
"chloride","508","Cl","1993-12-13","13800.0","mg/l",,,,"goedgekeurd"
"sulfaat","1508","SO4","1993-12-13","725.0","mg/l",,,,"goedgekeurd"
"arseen","310","As","1993-12-13","16.0","ug/l",,,,"goedgekeurd"
"fosfaat","1334","PO4","1993-12-13","0.58","mg/l",,,,"goedgekeurd"
,,,,,,,,,
