"BRO-ID","kwaliteitsregime","in registratie sinds","tijdstip veldonderzoek","pomptype","buis",,,,
"GAR000000057307","IMBRO/A","2025-04-10T21:00:05+02:00","1997-12-08T11:00:00+01:00","onbekend","2",,,,
,,,,,,,,,
"parameter","sikb-id","aquo-code","analysemeetwaarde","eenheid meetwaarde","status kwaliteitscontrole",,,,
"Temperatuur","1522","T","10.9","Cel","goedgekeurd",,,,
,,,,,,,,,
"parameter","sikb-id","aquo-code","analysedatum","analysemeetwaarde","eenheid meerwaarde","rapportagegrens","eenheid rapportagegres","limietsymbool","status kwaliteitscontrole"
"ammonium","289","NH4","1997-12-08","1.11","mg/l",,,,"goedgekeurd"
"natrium","1262","Na","1997-12-08","98.0","mg/l",,,,"goedgekeurd"
"kalium","920","K","1997-12-08","3.8","mg/l",,,,"onbeslist"
"chroom","517","Cr","1997-12-08","2.5","ug/l",,,"<","goedgekeurd"
"stikstof Kjeldahl","4064","NKj","1997-12-08","2.0","mg/l",,,,"goedgekeurd"
"zink","1693","Zn","1997-12-08","39.0","ug/l",,,,"goedgekeurd"
"lood","1116","Pb","1997-12-08","5.0","ug/l",,,"<","goedgekeurd"
"Zuurgraad","1398","pH","1997-12-08","7.2","1",,,,"goedgekeurd"
"koper","971","Cu","1997-12-08","2.5","ug/l",,,"<","goedgekeurd"
"cadmium","441","Cd","1997-12-08","0.5","ug/l",,,"<","goedgekeurd"
"arseen","310","As","1997-12-08","5.0","ug/l",,,"<","goedgekeurd"
"aluminium","284","Al","1997-12-08","5.0","ug/l",,,"<","goedgekeurd"
"nitraat","1270","NO3","1997-12-08","2.0","mg/l",,,"<","goedgekeurd"
"waterstofcarbonaat","374","HCO3","1997-12-08","620.0","mg/l",,,,"goedgekeurd"
"sulfaat","1508","SO4","1997-12-08","28.0","mg/l",,,,"goedgekeurd"
"chloride","508","Cl","1997-12-08","54.0","mg/l",,,,"goedgekeurd"
"mangaan","1128","Mn","1997-12-08","130.0","ug/l",,,,"goedgekeurd"
"ijzer","879","Fe","1997-12-08","5.0","ug/l",,,"<","onbeslist"
"magnesium","1125","Mg","1997-12-08","11.0","mg/l",,,,"onbeslist"
"calcium","447","Ca","1997-12-08","123.0","mg/l",,,,"goedgekeurd"
"nikkel","1267","Ni","1997-12-08","5.0","ug/l",,,"<","goedgekeurd"
"fosfor totaal","4188","Ptot","1997-12-08","0.03","mg/l",,,"<","goedgekeurd"
"fosfaat","1334","PO4","1997-12-08","0.008143323","mg/l",,,"<","goedgekeurd"
"Geleidendheid","3548","GELDHD","1997-12-08","103.9","mS/m",,,,"goedgekeurd"
,,,,,,,,,
