"BRO-ID","kwaliteitsregime","in registratie sinds","tijdstip veldonderzoek","pomptype","buis",,,,
"GAR000000055213","IMBRO/A","2025-04-10T17:52:45+02:00","1997-12-08T11:00:00+01:00","onbekend","3",,,,
,,,,,,,,,
"parameter","sikb-id","aquo-code","analysemeetwaarde","eenheid meetwaarde","status kwaliteitscontrole",,,,
"Temperatuur","1522","T","10.5","Cel","goedgekeurd",,,,
,,,,,,,,,
"parameter","sikb-id","aquo-code","analysedatum","analysemeetwaarde","eenheid meerwaarde","rapportagegrens","eenheid rapportagegres","limietsymbool","status kwaliteitscontrole"
"Zuurgraad","1398","pH","1997-12-08","7.4","1",,,,"goedgekeurd"
"kalium","920","K","1997-12-08","4.3","mg/l",,,,"goedgekeurd"
"chroom","517","Cr","1997-12-08","2.5","ug/l",,,"<","goedgekeurd"
"cadmium","441","Cd","1997-12-08","0.5","ug/l",,,"<","goedgekeurd"
"arseen","310","As","1997-12-08","5.0","ug/l",,,"<","goedgekeurd"
"nitraat","1270","NO3","1997-12-08","2.0","mg/l",,,"<","goedgekeurd"
"waterstofcarbonaat","374","HCO3","1997-12-08","430.0","mg/l",,,,"goedgekeurd"
"sulfaat","1508","SO4","1997-12-08","129.0","mg/l",,,,"goedgekeurd"
"chloride","508","Cl","1997-12-08","66.0","mg/l",,,,"goedgekeurd"
"mangaan","1128","Mn","1997-12-08","180.0","ug/l",,,,"goedgekeurd"
"ijzer","879","Fe","1997-12-08","7100.0","ug/l",,,,"goedgekeurd"
"magnesium","1125","Mg","1997-12-08","17.0","mg/l",,,,"goedgekeurd"
"calcium","447","Ca","1997-12-08","121.0","mg/l",,,,"goedgekeurd"
"natrium","1262","Na","1997-12-08","79.0","mg/l",,,,"goedgekeurd"
"koper","971","Cu","1997-12-08","2.5","ug/l",,,"<","goedgekeurd"
"aluminium","284","Al","1997-12-08","29.0","ug/l",,,,"goedgekeurd"
"ammonium","289","NH4","1997-12-08","3.52","mg/l",,,,"goedgekeurd"
"nikkel","1267","Ni","1997-12-08","5.0","ug/l",,,"<","goedgekeurd"
"stikstof Kjeldahl","4064","NKj","1997-12-08","4.1","mg/l",,,,"goedgekeurd"
"zink","1693","Zn","1997-12-08","5.0","ug/l",,,"<","goedgekeurd"
"lood","1116","Pb","1997-12-08","5.0","ug/l",,,"<","goedgekeurd"
"fosfor totaal","4188","Ptot","1997-12-08","0.29","mg/l",,,,"goedgekeurd"
"Geleidendheid","3548","GELDHD","1997-12-08","102.9","mS/m",,,,"goedgekeurd"
"fosfaat","1334","PO4","1997-12-08","0.08","mg/l",,,,"goedgekeurd"
,,,,,,,,,
