"BRO-ID","kwaliteitsregime","in registratie sinds","tijdstip veldonderzoek","pomptype","buis",,,,
"GAR000000055597","IMBRO/A","2025-04-10T18:24:50+02:00","2003-01-15T11:00:00+01:00","onbekend","2",,,,
,,,,,,,,,
"parameter","sikb-id","aquo-code","analysemeetwaarde","eenheid meetwaarde","status kwaliteitscontrole",,,,
"Temperatuur","1522","T","11.4","Cel","goedgekeurd",,,,
,,,,,,,,,
"parameter","sikb-id","aquo-code","analysedatum","analysemeetwaarde","eenheid meerwaarde","rapportagegrens","eenheid rapportagegres","limietsymbool","status kwaliteitscontrole"
"calcium","447","Ca","2003-01-15","121.0","mg/l",,,,"goedgekeurd"
"ijzer","879","Fe","2003-01-15","3100.0","ug/l",,,,"goedgekeurd"
"Zuurgraad","1398","pH","2003-01-15","7.0","1",,,,"goedgekeurd"
"koper","971","Cu","2003-01-15","2.5","ug/l",,,"<","goedgekeurd"
"stikstof Kjeldahl","4064","NKj","2003-01-15","0.9","mg/l",,,,"goedgekeurd"
"zink","1693","Zn","2003-01-15","10.0","ug/l",,,"<","goedgekeurd"
"waterstofcarbonaat","374","HCO3","2003-01-15","660.0","mg/l",,,,"goedgekeurd"
"natrium","1262","Na","2003-01-15","182.0","mg/l",,,,"goedgekeurd"
"kalium","920","K","2003-01-15","45.9","mg/l",,,,"goedgekeurd"
"magnesium","1125","Mg","2003-01-15","61.2","mg/l",,,,"goedgekeurd"
"mangaan","1128","Mn","2003-01-15","300.0","ug/l",,,,"goedgekeurd"
"ammonium","289","NH4","2003-01-15","1.23","mg/l",,,,"goedgekeurd"
"lood","1116","Pb","2003-01-15","5.0","ug/l",,,"<","goedgekeurd"
"sulfaat","1508","SO4","2003-01-15","202.0","mg/l",,,,"goedgekeurd"
"nikkel","1267","Ni","2003-01-15","5.0","ug/l",,,"<","goedgekeurd"
"nitraat","1270","NO3","2003-01-15","0.1","mg/l",,,"<","goedgekeurd"
"aluminium","284","Al","2003-01-15","5.0","ug/l",,,"<","goedgekeurd"
"arseen","310","As","2003-01-15","7.0","ug/l",,,,"goedgekeurd"
"cadmium","441","Cd","2003-01-15","0.4","ug/l",,,"<","goedgekeurd"
"chroom","517","Cr","2003-01-15","2.5","ug/l",,,"<","goedgekeurd"
"chloride","508","Cl","2003-01-15","230.0","mg/l",,,,"goedgekeurd"
"fosfor totaal","4188","Ptot","2003-01-15","0.89","mg/l",,,,"goedgekeurd"
"Geleidendheid","3548","GELDHD","2003-01-15","200.0","mS/m",,,,"goedgekeurd"
"fosfaat","1334","PO4","2003-01-15","0.15","mg/l",,,,"goedgekeurd"
,,,,,,,,,
