"BRO-ID","kwaliteitsregime","in registratie sinds","tijdstip veldonderzoek","pomptype","buis",,,,
"GAR000000054819","IMBRO/A","2025-04-10T17:18:56+02:00","1990-06-20T12:00:00+02:00","onbekend","1",,,,
,,,,,,,,,
"parameter","sikb-id","aquo-code","analysedatum","analysemeetwaarde","eenheid meerwaarde","rapportagegrens","eenheid rapportagegres","limietsymbool","status kwaliteitscontrole"
"kalium","920","K","1990-06-20","1.0","mg/l",,,,"goedgekeurd"
"arseen","310","As","1990-06-20","1.8","ug/l",,,,"goedgekeurd"
"fosfaat","1334","PO4","1990-06-20","0.18","mg/l",,,,"goedgekeurd"
"fosfor totaal","4188","Ptot","1990-06-20","0.49","mg/l",,,,"goedgekeurd"
"nitraat","1270","NO3","1990-06-20","16.39","mg/l",,,,"goedgekeurd"
"waterstofcarbonaat","374","HCO3","1990-06-20","245.0","mg/l",,,,"goedgekeurd"
"sulfaat","1508","SO4","1990-06-20","87.0","mg/l",,,,"goedgekeurd"
"chloride","508","Cl","1990-06-20","15.0","mg/l",,,,"goedgekeurd"
"ammonium","289","NH4","1990-06-20","1.01","mg/l",,,,"goedgekeurd"
"mangaan","1128","Mn","1990-06-20","60.0","ug/l",,,,"goedgekeurd"
"ijzer","879","Fe","1990-06-20","1700.0","ug/l",,,,"goedgekeurd"
"chroom","517","Cr","1990-06-20","0.5","ug/l",,,,"goedgekeurd"
"calcium","447","Ca","1990-06-20","109.0","mg/l",,,,"goedgekeurd"
"koper","971","Cu","1990-06-20","5.1","ug/l",,,,"goedgekeurd"
"natrium","1262","Na","1990-06-20","8.0","mg/l",,,,"goedgekeurd"
"Zuurgraad","1398","pH","1990-06-20","7.31","1",,,,"goedgekeurd"
"Geleidendheid","3548","GELDHD","1990-06-20","39.0","mS/m",,,,"goedgekeurd"
"magnesium","1125","Mg","1990-06-20","5.0","mg/l",,,,"goedgekeurd"
"cadmium","441","Cd","1990-06-20","0.03","ug/l",,,,"goedgekeurd"
"zink","1693","Zn","1990-06-20","70.0","ug/l",,,,"goedgekeurd"
"lood","1116","Pb","1990-06-20","6.1","ug/l",,,,"goedgekeurd"
"nikkel","1267","Ni","1990-06-20","2.0","ug/l",,,,"goedgekeurd"
"kwik","1097","Hg","1990-06-20","0.05","ug/l",,,,"onbeslist"
,,,,,,,,,
