"BRO-ID","kwaliteitsregime","in registratie sinds","tijdstip veldonderzoek","pomptype","buis",,,,
"GAR000000054809","IMBRO/A","2025-04-10T17:18:01+02:00","1999-11-30T11:00:00+01:00","onbekend","2",,,,
,,,,,,,,,
"parameter","sikb-id","aquo-code","analysemeetwaarde","eenheid meetwaarde","status kwaliteitscontrole",,,,
"Temperatuur","1522","T","10.5","Cel","goedgekeurd",,,,
,,,,,,,,,
"parameter","sikb-id","aquo-code","analysedatum","analysemeetwaarde","eenheid meerwaarde","rapportagegrens","eenheid rapportagegres","limietsymbool","status kwaliteitscontrole"
"lood","1116","Pb","1999-11-30","5.0","ug/l",,,"<","goedgekeurd"
"mangaan","1128","Mn","1999-11-30","400.0","ug/l",,,,"goedgekeurd"
"zink","1693","Zn","1999-11-30","19.0","ug/l",,,,"goedgekeurd"
"nikkel","1267","Ni","1999-11-30","5.0","ug/l",,,"<","goedgekeurd"
"koper","971","Cu","1999-11-30","2.5","ug/l",,,"<","goedgekeurd"
"chroom","517","Cr","1999-11-30","2.5","ug/l",,,"<","goedgekeurd"
"cadmium","441","Cd","1999-11-30","0.4","ug/l",,,"<","goedgekeurd"
"arseen","310","As","1999-11-30","5.0","ug/l",,,"<","goedgekeurd"
"aluminium","284","Al","1999-11-30","70.0","ug/l",,,,"goedgekeurd"
"nitraat","1270","NO3","1999-11-30","0.1","mg/l",,,"<","goedgekeurd"
"waterstofcarbonaat","374","HCO3","1999-11-30","1000.0","mg/l",,,,"onbeslist"
"sulfaat","1508","SO4","1999-11-30","100.0","mg/l",,,,"goedgekeurd"
"chloride","508","Cl","1999-11-30","25.0","mg/l",,,,"goedgekeurd"
"ammonium","289","NH4","1999-11-30","0.13","mg/l",,,"<","goedgekeurd"
"stikstof Kjeldahl","4064","NKj","1999-11-30","0.5","mg/l",,,"<","goedgekeurd"
"ijzer","879","Fe","1999-11-30","3300.0","ug/l",,,,"goedgekeurd"
"calcium","447","Ca","1999-11-30","168.0","mg/l",,,,"goedgekeurd"
"magnesium","1125","Mg","1999-11-30","26.0","mg/l",,,,"goedgekeurd"
"natrium","1262","Na","1999-11-30","121.0","mg/l",,,,"onbeslist"
"Zuurgraad","1398","pH","1999-11-30","7.8","1",,,,"onbeslist"
"kalium","920","K","1999-11-30","177.0","mg/l",,,,"onbeslist"
"fosfor totaal","4188","Ptot","1999-11-30","0.24","mg/l",,,,"goedgekeurd"
"fosfaat","1334","PO4","1999-11-30","0.03","mg/l",,,"<","goedgekeurd"
"Geleidendheid","3548","GELDHD","1999-11-30","100.0","mS/m",,,,"goedgekeurd"
,,,,,,,,,
