"BRO-ID","kwaliteitsregime","in registratie sinds","tijdstip veldonderzoek","pomptype","buis",,,,
"GAR000000060725","IMBRO/A","2025-04-11T02:16:28+02:00","1989-12-07T11:00:00+01:00","onbekend","3",,,,
,,,,,,,,,
"parameter","sikb-id","aquo-code","analysedatum","analysemeetwaarde","eenheid meerwaarde","rapportagegrens","eenheid rapportagegres","limietsymbool","status kwaliteitscontrole"
"zink","1693","Zn","1989-12-07","20.0","ug/l",,,,"goedgekeurd"
"lood","1116","Pb","1989-12-07","26.0","ug/l",,,,"goedgekeurd"
"nikkel","1267","Ni","1989-12-07","18.0","ug/l",,,,"goedgekeurd"
"kwik","1097","Hg","1989-12-07","0.05","ug/l",,,,"goedgekeurd"
"cadmium","441","Cd","1989-12-07","0.34","ug/l",,,,"goedgekeurd"
"koper","971","Cu","1989-12-07","47.5","ug/l",,,,"goedgekeurd"
"ijzer","879","Fe","1989-12-07","2060.0","ug/l",,,,"goedgekeurd"
"arseen","310","As","1989-12-07","0.72","ug/l",,,,"goedgekeurd"
"fosfaat","1334","PO4","1989-12-07","0.55","mg/l",,,,"goedgekeurd"
"nitraat","1270","NO3","1989-12-07","0.88","mg/l",,,,"goedgekeurd"
"waterstofcarbonaat","374","HCO3","1989-12-07","229.0","mg/l",,,,"goedgekeurd"
"sulfaat","1508","SO4","1989-12-07","1381.0","mg/l",,,,"goedgekeurd"
"chloride","508","Cl","1989-12-07","11150.0","mg/l",,,,"goedgekeurd"
"mangaan","1128","Mn","1989-12-07","210.0","ug/l",,,,"goedgekeurd"
"magnesium","1125","Mg","1989-12-07","680.0","mg/l",,,,"goedgekeurd"
"calcium","447","Ca","1989-12-07","627.0","mg/l",,,,"goedgekeurd"
"kalium","920","K","1989-12-07","194.0","mg/l",,,,"goedgekeurd"
"natrium","1262","Na","1989-12-07","5500.0","mg/l",,,,"goedgekeurd"
"Zuurgraad","1398","pH","1989-12-07","7.38","1",,,,"goedgekeurd"
"Geleidendheid","3548","GELDHD","1989-12-07","1018.0","mS/m",,,,"goedgekeurd"
"chroom","517","Cr","1989-12-07","0.5","ug/l",,,,"goedgekeurd"
"ammonium","289","NH4","1989-12-07","1.91","mg/l",,,,"goedgekeurd"
,,,,,,,,,
