"BRO-ID","kwaliteitsregime","in registratie sinds","tijdstip veldonderzoek","pomptype","buis",,,,
"GAR000000034035","IMBRO/A","2023-01-13T20:20:23+01:00","1987-05-11T13:00:00+02:00","onderwaterpomp","1",,,,
,,,,,,,,,
"parameter","sikb-id","aquo-code","analysedatum","analysemeetwaarde","eenheid meerwaarde","rapportagegrens","eenheid rapportagegres","limietsymbool","status kwaliteitscontrole"
"chloride","508","Cl","1987-05-11","117.0","mg/l",,,,"goedgekeurd"
"Geleidendheid","3548","GELDHD","1987-05-11","98.87","mS/m",,,,"goedgekeurd"
"Zuurgraad","1398","pH","1987-05-11","8.09","1",,,,"goedgekeurd"
"waterstofcarbonaat","374","HCO3","1987-05-11","326.0","mg/l",,,,"goedgekeurd"
"fosfor totaal","4188","Ptot","1987-05-11","0.12","mg/l",,,,"goedgekeurd"
"sulfaat","1508","SO4","1987-05-11","67.9","mg/l",,,,"goedgekeurd"
"kalium","920","K","1987-05-11","8.72","mg/l",,,,"goedgekeurd"
"magnesium","1125","Mg","1987-05-11","24.1","mg/l",,,,"goedgekeurd"
"ammonium","289","NH4","1987-05-11","0.39","mg/l",,,,"goedgekeurd"
"natrium","1262","Na","1987-05-11","53.2","mg/l",,,,"goedgekeurd"
"calcium","447","Ca","1987-05-11","111.0","mg/l",,,,"goedgekeurd"
"koolstof organisch","1318","Corg","1987-05-11","6.55","mg/l",,,,"goedgekeurd"
"nitraat","1270","NO3","1987-05-11","0.3","mg/l",,,"<","goedgekeurd"
,,,,,,,,,
