"BRO-ID","kwaliteitsregime","in registratie sinds","tijdstip veldonderzoek","pomptype","buis",,,,
"GAR000000034077","IMBRO/A","2023-01-13T20:23:11+01:00","1989-05-16T13:00:00+02:00","onderwaterpomp","3",,,,
,,,,,,,,,
"parameter","sikb-id","aquo-code","analysedatum","analysemeetwaarde","eenheid meerwaarde","rapportagegrens","eenheid rapportagegres","limietsymbool","status kwaliteitscontrole"
"chloride","508","Cl","1989-05-16","11071.0","mg/l",,,,"goedgekeurd"
"Geleidendheid","3548","GELDHD","1989-05-16","3141.24","mS/m",,,,"goedgekeurd"
"Zuurgraad","1398","pH","1989-05-16","7.59","1",,,,"goedgekeurd"
"waterstofcarbonaat","374","HCO3","1989-05-16","202.0","mg/l",,,,"goedgekeurd"
"fosfor totaal","4188","Ptot","1989-05-16","0.36","mg/l",,,,"goedgekeurd"
"sulfaat","1508","SO4","1989-05-16","1463.0","mg/l",,,,"goedgekeurd"
"ijzer","879","Fe","1989-05-16","1260.0","ug/l",,,,"goedgekeurd"
"kalium","920","K","1989-05-16","196.54","mg/l",,,,"goedgekeurd"
"magnesium","1125","Mg","1989-05-16","760.7","mg/l",,,,"goedgekeurd"
"ammonium","289","NH4","1989-05-16","3.83","mg/l",,,,"goedgekeurd"
"natrium","1262","Na","1989-05-16","5676.0","mg/l",,,,"goedgekeurd"
"calcium","447","Ca","1989-05-16","554.0","mg/l",,,,"goedgekeurd"
"nitraat","1270","NO3","1989-05-16","0.28","mg/l",,,"<","goedgekeurd"
"fosfaat","1334","PO4","1989-05-16","0.23","mg/l",,,,"goedgekeurd"
,,,,,,,,,
