"BRO-ID","kwaliteitsregime","in registratie sinds","tijdstip veldonderzoek","pomptype","buis",,,,
"GAR000000034005","IMBRO/A","2023-01-13T20:18:25+01:00","2009-03-18T12:00:00+01:00","onderwaterpomp","1",,,,
,,,,,,,,,
"parameter","sikb-id","aquo-code","analysemeetwaarde","eenheid meetwaarde","status kwaliteitscontrole",,,,
"zuurstof","1701","O2","0.0","mg/l","goedgekeurd",,,,
"Geleidendheid","3548","GELDHD","51.4","mS/m","goedgekeurd",,,,
"waterstofcarbonaat","374","HCO3","274.51","mg/l","goedgekeurd",,,,
"Temperatuur","1522","T","11.5","Cel","goedgekeurd",,,,
"Zuurgraad","1398","pH","8.04","1","goedgekeurd",,,,
,,,,,,,,,
"parameter","sikb-id","aquo-code","analysedatum","analysemeetwaarde","eenheid meerwaarde","rapportagegrens","eenheid rapportagegres","limietsymbool","status kwaliteitscontrole"
"aluminium","284","Al","2009-03-18","4.0","ug/l",,,,"goedgekeurd"
"arseen","310","As","2009-03-18","0.3","ug/l",,,"<","goedgekeurd"
"barium","333","Ba","2009-03-18","0.9","ug/l",,,,"goedgekeurd"
"chloride","508","Cl","2009-03-18","29.2","mg/l",,,,"goedgekeurd"
"chroom","517","Cr","2009-03-18","0.05","ug/l",,,,"goedgekeurd"
"koper","971","Cu","2009-03-18","0.8","ug/l",,,"<","goedgekeurd"
"Geleidendheid","3548","GELDHD","2009-03-18","51.2","mS/m",,,,"goedgekeurd"
"Zuurgraad","1398","pH","2009-03-18","7.93","1",,,,"goedgekeurd"
"waterstofcarbonaat","374","HCO3","2009-03-18","265.0","mg/l",,,,"goedgekeurd"
"fosfor totaal","4188","Ptot","2009-03-18","0.15","mg/l",,,,"goedgekeurd"
"sulfaat","1508","SO4","2009-03-18","12.1","mg/l",,,,"goedgekeurd"
"strontium","1501","Sr","2009-03-18","441.2","ug/l",,,,"goedgekeurd"
"ijzer","879","Fe","2009-03-18","50.0","ug/l",,,,"goedgekeurd"
"kalium","920","K","2009-03-18","5.7","mg/l",,,,"goedgekeurd"
"magnesium","1125","Mg","2009-03-18","11.67","mg/l",,,,"goedgekeurd"
"mangaan","1128","Mn","2009-03-18","26.0","ug/l",,,,"goedgekeurd"
"ammonium","289","NH4","2009-03-18","0.257","mg/l",,,,"goedgekeurd"
"natrium","1262","Na","2009-03-18","29.0","mg/l",,,,"goedgekeurd"
"nikkel","1267","Ni","2009-03-18","0.13","ug/l",,,,"goedgekeurd"
"lood","1116","Pb","2009-03-18","0.1","ug/l",,,"<","goedgekeurd"
"zink","1693","Zn","2009-03-18","0.7","ug/l",,,"<","goedgekeurd"
"calcium","447","Ca","2009-03-18","71.72","mg/l",,,,"goedgekeurd"
"koolstof organisch","1318","Corg","2009-03-18","3.4","mg/l",,,,"goedgekeurd"
"nitraat","1270","NO3","2009-03-18","0.014","mg/l",,,"<","goedgekeurd"
"cadmium","441","Cd","2009-03-18","0.01","ug/l",,,,"goedgekeurd"
,,,,,,,,,
