"BRO-ID","kwaliteitsregime","in registratie sinds","tijdstip veldonderzoek","pomptype","buis",,,,
"GAR000000034064","IMBRO/A","2023-01-13T20:22:18+01:00","1996-02-26T12:00:00+01:00","onderwaterpomp","3",,,,
,,,,,,,,,
"parameter","sikb-id","aquo-code","analysemeetwaarde","eenheid meetwaarde","status kwaliteitscontrole",,,,
"Geleidendheid","3548","GELDHD","2130.0","mS/m","goedgekeurd",,,,
"waterstofcarbonaat","374","HCO3","190.54","mg/l","goedgekeurd",,,,
"Temperatuur","1522","T","10.3","Cel","goedgekeurd",,,,
"Zuurgraad","1398","pH","7.83","1","goedgekeurd",,,,
,,,,,,,,,
"parameter","sikb-id","aquo-code","analysedatum","analysemeetwaarde","eenheid meerwaarde","rapportagegrens","eenheid rapportagegres","limietsymbool","status kwaliteitscontrole"
"aluminium","284","Al","1996-02-26","89.034","ug/l",,,,"goedgekeurd"
"arseen","310","As","1996-02-26","0.15","ug/l",,,,"goedgekeurd"
"barium","333","Ba","1996-02-26","46.692","ug/l",,,,"goedgekeurd"
"chloride","508","Cl","1996-02-26","7020.66","mg/l",,,,"goedgekeurd"
"chroom","517","Cr","1996-02-26","7.353","ug/l",,,,"goedgekeurd"
"koper","971","Cu","1996-02-26","0.699","ug/l",,,"<","goedgekeurd"
"fosfor totaal","4188","Ptot","1996-02-26","0.263","mg/l",,,,"goedgekeurd"
"sulfaat","1508","SO4","1996-02-26","942.733","mg/l",,,,"goedgekeurd"
"strontium","1501","Sr","1996-02-26","6143.038","ug/l",,,,"goedgekeurd"
"ijzer","879","Fe","1996-02-26","2240.0","ug/l",,,,"goedgekeurd"
"kalium","920","K","1996-02-26","159.997","mg/l",,,,"goedgekeurd"
"magnesium","1125","Mg","1996-02-26","494.344","mg/l",,,,"goedgekeurd"
"mangaan","1128","Mn","1996-02-26","377.0","ug/l",,,,"goedgekeurd"
"ammonium","289","NH4","1996-02-26","3.152","mg/l",,,,"goedgekeurd"
"natrium","1262","Na","1996-02-26","3485.675","mg/l",,,,"goedgekeurd"
"nikkel","1267","Ni","1996-02-26","5.81","ug/l",,,,"goedgekeurd"
"zink","1693","Zn","1996-02-26","13.078","ug/l",,,,"goedgekeurd"
"calcium","447","Ca","1996-02-26","463.85","mg/l",,,,"goedgekeurd"
"nitraat","1270","NO3","1996-02-26","0.028","mg/l",,,"<","goedgekeurd"
"cadmium","441","Cd","1996-02-26","0.056","ug/l",,,"<","goedgekeurd"
,,,,,,,,,
