"LOCATIE gegevens",,,,,,,,,,,,,,,,,,,,,,,,,,,,,,,,,
"NITG-nr","X-coordinaat","Y-coordinaat","CRS","Kaartblad","Bepaling locatie","Maaiveldhoogte (m tov NAP)","Bepaling maaiveldhoogte",,,,,,,,,,,,,,,,,,,,,,,,,,
"B45G0006","168402","402500","Rijksdriehoeksmeting","45G","Onbekend","10.0","Onbekend",,,,,,,,,,,,,,,,,,,,,,,,,,
,,,,,,,,,,,,,,,,,,,,,,,,,,,,,,,,,
"KWALITEIT gegevens VAST",,,,,,,,,,,,,,,,,,,,,,,,,,,,,,,,,
"NITG-nr","Monster datum","Monster-nr","Deelmonster-nr","Meting nr","Bovenkant monster (m tov MV)","Onderkant monster (m tov MV)","Al (% Ox.)","As (mg/kg)","Ba (mg/kg)","Ca (% Ox.)","Cr (mg/kg)","Cu (mg/kg)","Fe (% Ox.)","Ga (mg/kg)","K (% Ox.)","Mg (% Ox.)","Mn (% Ox.)","Na (% Ox.)","Nb (mg/kg)","Ni (mg/kg)","P (% Ox.)","Pb (mg/kg)","Rb (mg/kg)","S (mg/kg)","Si (% Ox.)","Sr (mg/kg)","Th (mg/kg)","Ti (% Ox.)","U (mg/kg)","V (mg/kg)","Y (mg/kg)","Zn (mg/kg)","Zr (mg/kg)"
"B45G0006",,"L1998-07-9223","1","1","0.0","0.3","2.9472899436950684","2.2960000038146973","142.8000030517578",".11726000159978867","20.399999618530273","3.809999942779541",".6123600006103516",".29499998688697815",".8339200019836426",".024620000272989273","< 0",".44016000628471375","3.99399995803833","5.690999984741211",".14510999619960785","14.329999923706055","24.76799964904785","214","90.09349822998047","28.267000198364258","5.300000190734863",".0832500010728836","< 0","15.399999618530273","11.66100025177002","20.297000885009766","213.3990020751953"
"B45G0006",,"L1998-07-9224","1","1","0.3","2.5","1.4834599494934082","< 0","101","< 0","13.699999809265137","3.2790000438690186",".1951500028371811","< 0",".5140900015830994",".003000000026077032","< 0",".24313999712467194","2.690000057220459","5.125999927520752",".009399999864399433","4.7220001220703125","14.20199966430664","< 0","95.61712646484375","14.843999862670898","4.139999866485596",".021700000390410423","< 0","< 0","8.62600040435791","5.723999977111816","64.06800079345703"
"B45G0006",,"L1998-07-9225","1","1","2.5","3.3","1.3409099578857422",".18299999833106995","90.19999694824219","< 0","21.200000762939453","3.1619999408721924",".23571999371051788","< 0",".45831000804901123",".00431999983265996","< 0",".20622999966144562","3.390000104904175","5.091000080108643",".010029999539256096","4.547999858856201","13.140000343322754","< 0","96.05180358886719","13.83899974822998","4.265999794006348",".04924999922513962","< 0","2.5999999046325684","9.53600025177002","6.5289998054504395","239.79600524902344"
"B45G0006",,"L1998-07-9226","1","1","3.3","6.0","5.712200164794922","5.546000003814697","201.60000610351562",".12723000347614288","50","7.993000030517578","1.4471700191497803","4.339000225067139","1.2081199884414673",".011780000291764736",".3177900016307831",".7186200022697449","8.199999809265137","25.48699951171875",".09057000279426575","11.805000305175781","41.875","644.7000122070312","86.04419708251953","48.00400161743164","9.737000465393066",".28637999296188354","< 0","32.400001525878906","28.05500030517578","29.354999542236328","350.5710144042969"
"B45G0006",,"L1998-07-9227","1","1","6.0","10.5","1.4073200225830078",".5419999957084656","96.5999984741211","< 0","22.200000762939453","3.061000108718872",".25995999574661255","< 0",".468860000371933",".003719999920576811","< 0",".18842999637126923","2.8889999389648438","5.752999782562256",".013050000183284283","4.90500020980835","12.126999855041504","< 0","95.73851776123047","15.484000205993652","6.689000129699707",".06143999844789505",".1379999965429306",".4000000059604645","11.291999816894531","7.632999897003174","253.67100524902344"
"B45G0006",,"L1998-07-9228","1","1","10.5","11.5","4.278810024261475","2.0799999237060547","179.8000030517578",".5671700239181519","38.79999923706055","4.691999912261963","1.2808599472045898","1.61899995803833","1.0050699710845947",".013000000268220901",".32416000962257385",".5256900191307068","7.0269999504089355","11.911999702453613",".060440000146627426","9.807000160217285","32.36399841308594","457.3999938964844","88.09464263916016","39.72800064086914","7.927000045776367",".21338999271392822","< 0","18.600000381469727","18.62700080871582","19.93400001525879","351.2669982910156"
"B45G0006",,"L1998-07-9229","1","1","11.5","12.5","9.691720008850098","5.361999988555908","273.5",".2201099991798401","67.30000305175781","11.98799991607666","2.2381699085235596","8.16100025177002","1.9297000169754028",".014150000177323818",".5872399806976318",".49028000235557556","13.269000053405762","29.975000381469727",".06891000270843506","13.824000358581543","72.93000030517578","315.3999938964844","78.82228088378906","52.150001525878906","11.192999839782715",".48669999837875366","< 0","56.400001525878906","24.384000778198242","47.547000885009766","392.8340148925781"
"B45G0006",,"L1998-07-9230","1","1","12.5","17.0","1.7257499694824219",".9919999837875366","103","< 0","20.799999237060547","3.563999891281128",".36967000365257263","< 0",".5324400067329407",".0037299999967217445","< 0",".18871000409126282","3.434999942779541","7.448999881744385",".012179999612271786","3.869999885559082","15.211000442504883","< 0","95.12883758544922","15.897000312805176","4.306000232696533",".06473000347614288",".8460000157356262","5.800000190734863","10.092000007629395","9.180999755859375","168.3179931640625"
"B45G0006",,"L1998-07-9231","1","1","17.0","18.0","1.0589300394058228",".32499998807907104","78.19999694824219","< 0","12.699999809265137","2.828000068664551",".1808999925851822","< 0",".3720700144767761",".0023499999660998583","< 0",".11883000284433365","2.5280001163482666","5.8429999351501465",".00827999971807003","4.776000022888184","10.597999572753906","< 0","96.26976776123047","10.5","5.122000217437744",".013140000402927399","< 0","< 0","9.0649995803833","6.633999824523926","52.62900161743164"
"B45G0006",,"L1998-07-9232","1","1","18.0","22.0",".8859099745750427","< 0","75","< 0","13.399999618530273","1.777999997138977",".1509300023317337","< 0",".31575000286102295",".002400000113993883","< 0",".1042800024151802","1.1540000438690186","5.760000228881836",".007930000312626362","5.14300012588501","8.897000312805176","< 0","96.68477630615234","9.145999908447266","3.4679999351501465",".011099999770522118","< 0","2.200000047683716","9.760000228881836","6.357999801635742","53.55500030517578"
"B45G0006",,"L1998-07-9233","1","1","22.0","25.5",".7471200227737427",".2160000056028366","67.9000015258789","< 0","8.399999618530273","2.816999912261963",".14545999467372894","< 0",".25211000442504883",".0024300001095980406","< 0",".09376999735832214","1.468999981880188","6.315999984741211",".007790000177919865","4.572999954223633","6.2270002365112305","< 0","97.07097625732422","8.307999610900879","3.552000045776367",".004550000187009573","< 0","< 0","9.050000190734863","7.439000129699707","38.683998107910156"
"B45G0006",,"L1998-07-9234","1","1","25.5","26.8","2.214790105819702","1.253000020980835","148.89999389648438","< 0","14.699999809265137","3.6410000324249268",".43198999762535095","< 0",".8292800188064575",".0040699997916817665","< 0",".2107899934053421","2.565000057220459","7.90500020980835",".018319999799132347","8.199999809265137","28.261999130249023","< 0","94.31014251708984","22.304000854492188","7.460999965667725",".053619999438524246",".07800000160932541","4","10.909000396728516","12.156999588012695","115.1729965209961"
"B45G0006",,"L1998-07-9235","1","1","26.8","28.5","1.9692599773406982","1.0299999713897705","144","< 0","13.800000190734863","4.00600004196167",".34005001187324524","< 0",".780210018157959",".0034199999645352364","< 0",".18088999390602112","2.5399999618530273","7.11899995803833",".014870000071823597","8.5600004196167","26.969999313354492","< 0","95.1237564086914","20.910999298095703","2.4260001182556152",".039500001817941666","< 0","3.200000047683716","11.345000267028809","11.935999870300293","87.12300109863281"
"B45G0006",,"L1998-07-9236","1","1","28.5","30.4","1.8728599548339844",".8610000014305115","157.10000610351562","< 0","17.799999237060547","3.0329999923706055",".3049899935722351","< 0",".7942900061607361",".003120000008493662","< 0",".18111999332904816","2.3399999141693115","7.5370001792907715",".015699999406933784","6.877999782562256","25.64900016784668","< 0","95.12522888183594","21.15999984741211","7.046999931335449",".029920000582933426","< 0","1.2999999523162842","12.343000411987305","11.454999923706055","63.80400085449219"
"B45G0006",,"L1998-07-9237","1","1","30.4","32.3","3.206890106201172","3.2239999771118164","199.1999969482422","< 0","18.100000381469727","4.556000232696533",".5992000102996826",".6119999885559082","1.2044899463653564",".004430000204592943","< 0",".2875800132751465","3.946000099182129","8.96399974822998",".023840000852942467","9.769000053405762","40.28300094604492","177","92.27374267578125","31.106000900268555","4.678999900817871",".07349999994039536","< 0","7.400000095367432","13.355999946594238","14.097999572753906","102.58699798583984"
"B45G0006",,"L1998-07-9238","1","1","32.3","34.3","2.4556000232696533","3.566999912261963","214.89999389648438","< 0","14.5","5.90500020980835",".39267998933792114","< 0","1.079300045967102",".0034799999557435513","< 0",".26607999205589294","2.444000005722046","8.968000411987305",".01809000037610531","8.47700023651123","33.606998443603516","68.5","93.86293029785156","29.84000015258789","8.72700023651123",".029570000246167183","< 0","3.5999999046325684","10.579000473022461","15.595000267028809","58.27399826049805"
"B45G0006",,"L1998-07-9239","1","1","34.3","35.8","2.1208300590515137","1.7719999551773071","171.5","< 0","8.600000381469727","2.927000045776367",".32322001457214355","< 0",".9802299737930298",".0032399999909102917","< 0",".23558999598026276","2.316999912261963","7.980000019073486",".017640000209212303","8.63700008392334","31.180999755859375","18.600000381469727","94.4584732055664","24.648000717163086","5.942999839782715",".018540000542998314","< 0","1.399999976158142","11.25100040435791","11.41100025177002","46.487998962402344"
"B45G0006",,"L1998-07-9240","1","1","35.8","37.3","1.2182300090789795",".5920000076293945","89.19999694824219","< 0","10.899999618530273","5.3480000495910645",".23054000735282898","< 0",".40584999322891235",".002739999908953905","< 0",".1793700009584427","1.8259999752044678","7.038000106811523",".011180000379681587","4.854000091552734","12.02400016784668","< 0","96.85418701171875","13.640999794006348","6.068999767303467",".005549999885261059","< 0","< 0","10.083000183105469","9.720000267028809","27.78700065612793"
"B45G0006",,"L1998-07-9241","1","1","37.3","41.3","3.1179399490356445","1.5820000171661377","222","< 0","12.699999809265137","3.259999990463257",".36621999740600586",".531000018119812","1.3570200204849243",".0040699997916817665","< 0",".45987001061439514","2.9079999923706055","7.35699987411499",".0354899987578392","8.38700008392334","43.78200149536133","< 0","92.89166259765625","37.10599899291992","4.769000053405762",".027939999476075172","< 0","2.4000000953674316","11.444000244140625","8.593000411987305","43.994998931884766"
"B45G0006",,"L1998-07-9242","1","1","41.3","48.5","5.077919960021973","2.1540000438690186","237.60000610351562",".588949978351593","23.799999237060547","5.298999786376953","1.0859899520874023","3.2149999141693115","1.7932699918746948",".01425000000745058",".36059001088142395",".8826900124549866","4.193999767303467","12.741999626159668",".06112999841570854","11.89799976348877","58.64799880981445","58.099998474121094","87.41829681396484","48.48899841308594","8.211999893188477",".10502000153064728","< 0","9.199999809265137","14.128000259399414","17.39900016784668","105.0770034790039"
"B45G0006",,"L1998-07-9243","1","1","48.5","50.75","3.6115400791168213","3.5350000858306885","228.6999969482422",".3451699912548065","19.899999618530273","3.484999895095825",".831570029258728",".6159999966621399","1.4191800355911255",".011989999562501907",".22782999277114868",".5377299785614014","3.5199999809265137","9.652000427246094",".04035999998450279","9.642000198364258","44.24599838256836","229.10000610351562","90.65457916259766","39.665000915527344","5.859000205993652",".06576000154018402",".17399999499320984","7.699999809265137","13.369000434875488","12.234999656677246","84.45800018310547"
"B45G0006",,"L1998-07-9244","1","1","50.75","51.5","4.188029766082764","14.026000022888184","229.10000610351562",".6562899947166443","27.399999618530273","5.104000091552734","1.2908300161361694","1.5449999570846558","1.4102100133895874",".017349999397993088",".36044999957084656",".588890016078949","3.9749999046325684","13.817999839782715",".05235999822616577","11.557000160217285","46.672000885009766","1344","88.3861083984375","43.691001892089844","7.558000087738037",".09356000274419785","< 0","12.5","16.26799964904785","16.735000610351562","121.43699645996094"
"B45G0006",,"L1998-07-9245","1","1","51.5","54.0","2.9288899898529053","5.706999778747559","216.89999389648438",".0857200026512146","16","3.249000072479248",".6524500250816345",".6690000295639038","1.2716100215911865",".011739999987185001",".03717000037431717",".39987999200820923","2.947999954223633","9.182999610900879",".027249999344348907","8.237000465393066","38.189998626708984","375.70001220703125","92.31804656982422","34.25199890136719","4.5320000648498535",".03308999910950661","< 0","4.300000190734863","10.878999710083008","10.604000091552734","49.707000732421875"
"B45G0006",,"L1998-07-9246","1","1","54.0","56.8","2.0988199710845947","4.7829999923706055","195","< 0","10.199999809265137","2.694999933242798",".4152100086212158","< 0","1.0035400390625",".005690000019967556","< 0",".24629999697208405","2.490999937057495","7.343999862670898",".019300000742077827","6.8429999351501465","29.131000518798828","256.79998779296875","93.99243927001953","28.402999877929688","5.35099983215332",".014209999702870846","< 0","1.2999999523162842","9.17300033569336","7.769000053405762","42.31100082397461"
"B45G0006",,"L1998-07-9247","1","1","56.8","57.4","3.4851200580596924","6.206999778747559","224.5","2.215679883956909","22.100000381469727","3.5480000972747803",".9796800017356873",".7289999723434448","1.2818000316619873",".017729999497532845",".2644999921321869",".498199999332428","3.509000062942505","10.968000411987305",".043779999017715454","9.583000183105469","39.17399978637695","497.70001220703125","88.99761962890625","69.06099700927734","7.375",".08013000339269638","< 0","6.400000095367432","15.579999923706055","12.444999694824219","110.00299835205078"
"B45G0006",,"L1998-07-9248","1","1","57.4","57.58","12.703390121459961","9.538999557495117","315.1000061035156","11.389180183410645","87.5","20.99799919128418","5.7606000900268555","14.034000396728516","2.420140027999878",".14780999720096588","2.501159906387329",".5402600169181824","12.529000282287598","43.5880012512207",".12588000297546387","21.375","113.58100128173828","856.9000244140625","52.304019927978516","239.68299865722656","19.395000457763672",".6591699719429016","< 0","88.0999984741211","27.145999908447266","77.31800079345703","162.55499267578125"
"B45G0006",,"L1998-07-9248","2","1","57.4","57.58","12.988450050354004","9.850000381469727","306","11.369919776916504","85.5999984741211","23.31399917602539","5.702859878540039","13.871999740600586","2.405440092086792",".14648999273777008","2.524780035018921",".5430999994277954","13.041999816894531","45.2239990234375",".1200300008058548","20.80699920654297","112.74199676513672","900.9000244140625","53.50667190551758","239.27699279785156","14.272000312805176",".6589000225067139","2.2899999618530273","90.0999984741211","26.231000900268555","78.14900207519531","156.8979949951172"
"B45G0006",,"L1998-07-9249","1","1","57.75","58.1","3.397739887237549","5.6529998779296875","227.39999389648438","2.510780096054077","20.600000381469727","6.276000022888184","1.0742199420928955",".3230000138282776","1.1462199687957764",".021299999207258224",".31632000207901",".3644999861717224","3.611999988555908","11.180000305175781",".04156000167131424","9.236000061035156","35.540000915527344","445.8999938964844","89.93224334716797","66.48899841308594","9.798999786376953",".07348000258207321","< 0","8.699999809265137","14.368000030517578","14.156999588012695","72.33399963378906"
"B45G0006",,"L1998-07-9250","1","1","58.1","58.5","12.39208984375","5.949999809265137","297","12.606189727783203","91.30000305175781","26.14299964904785","7.249370098114014","14.241000175476074","2.3634800910949707",".21911999583244324","2.904370069503784",".5220400094985962","13.00100040435791","45.41600036621094",".1372399926185608","24.18199920654297","112.48600006103516","520.0999755859375","48.52743148803711","245.37100219726562","16.336000442504883",".6731200218200684","3.0390000343322754","95.4000015258789","29.072999954223633","82.9469985961914","144.98800659179688"
"B45G0006",,"L1998-07-9251","1","1","58.5","61.8","2.689889907836914","5.9039998054504395","219.10000610351562",".6819300055503845","13.100000381469727","2.7070000171661377",".6523299813270569","< 0","1.1822500228881836",".010879999957978725",".02012000046670437",".3502100110054016","1.9570000171661377","7.883999824523926",".026489999145269394","8.107999801635742","35.63399887084961","302.20001220703125","92.46898651123047","44.520999908447266","9.350000381469727",".02580999955534935","< 0","4.400000095367432","11.458999633789062","8.454000473022461","54.178001403808594"
"B45G0006",,"L1998-07-9252","1","1","61.8","63.5","16.95418930053711","12.246999740600586","374.20001220703125","6.218140125274658","109.5","23.892000198364258","8.569279670715332","22.356000900268555","2.8792200088500977",".13930000364780426","2.042639970779419",".1703300029039383","17.433000564575195","48.481998443603516",".14913000166416168","24.461000442504883","147.05299377441406","347.1000061035156","51.68423080444336","154.3459930419922","15.592000007629395",".8492900133132935","1.7009999752044678","136.5","34.01100158691406","95.0479965209961","163.1719970703125"
"B45G0006",,"L1998-07-9253","1","1","63.5","64.2","8.507390022277832","5.323999881744385","310.79998779296875","4.207190036773682","70.5999984741211","8.748000144958496","2.330399990081787","6.796999931335449","1.8983399868011475",".02761000022292137",".6802499890327454",".659500002861023","15.682999610900879","18.29199981689453",".08797000348567963","13.055999755859375","63.47999954223633","215.6999969482422","74.57528686523438","102.60700225830078","15.130999565124512",".6921499967575073","3.940000057220459","50.29999923706055","34.78499984741211","34.38100051879883","568.8599853515625"
"B45G0006",,"L1998-07-9254","1","1","64.2","64.5","2.3969099521636963","4.015999794006348","144.8000030517578",".671239972114563","15.399999618530273","3.2179999351501465",".8007599711418152",".006000000052154064",".787339985370636",".010180000215768814",".022029999643564224",".21793000400066376","3.5199999809265137","8.982000350952148",".025429999455809593","6.6620001792907715","24.58799934387207","62.099998474121094","92.84600830078125","28.695999145507812","6.445000171661377",".06787999719381332","< 0","4.400000095367432","12.355999946594238","10.66100025177002","115.48699951171875"
"B45G0006",,"L1998-07-9255","1","1","64.5","65.5","8.523819923400879","4.192999839782715","267.8999938964844","5.754209995269775","65","9.76200008392334","3.2088398933410645","7.281000137329102","1.7156699895858765",".038029998540878296",".7335900068283081",".46480000019073486","11.819999694824219","20.679000854492188",".09200000017881393","15.232999801635742","66.44999694824219","93.19999694824219","72.76273345947266","106.82499694824219","15.355999946594238",".5499399900436401","1.4249999523162842","52.20000076293945","28.07200050354004","40.54899978637695","352.0409851074219"
"B45G0006",,"L1998-07-9256","1","1","65.5","69.0","8.836469650268555","4.317999839782715","269.70001220703125",".2089100033044815","77.30000305175781","9.055999755859375","2.5572099685668945","7.422999858856201","1.8136800527572632",".01278000045567751",".49000999331474304",".3564999997615814","12.800999641418457","29.393999099731445",".0749099999666214","14.503000259399414","67.10199737548828","< 0","80.4372329711914","51.349998474121094","10.82699966430664",".5127900242805481","< 0","57.20000076293945","27.476999282836914","36.31100082397461","416.4469909667969"
"B45G0006",,"L1998-07-9257","1","1","69.0","71.0","3.9094700813293457","2.496999979019165","166.3000030517578","3.319159984588623","41.20000076293945","5.9039998054504395","1.6035399436950684","2.4240000247955322",".9906200170516968",".013559999875724316",".17472000420093536",".21821999549865723","6.201000213623047","10.76200008392334",".05516999959945679","8.206999778747559","32.672000885009766","9.600000381469727","86.37184143066406","54.89899826049805","9.605999946594238",".22391000390052795","< 0","21.399999618530273","16.679000854492188","21.993999481201172","257.0469970703125"
"B45G0006",,"L1998-07-9258","1","1","71.0","74.0","1.8941999673843384","1.468999981880188","110.80000305175781","1.6037299633026123","23","2.5320000648498535",".694570004940033","< 0",".6125199794769287",".006130000110715628","< 0",".15760000050067902","3.734999895095825","7.586999893188477",".027389999479055405","4.553999900817871","18.624000549316406","< 0","92.57644653320312","28.860000610351562","5.682000160217285",".089819997549057","< 0","7.300000190734863","11.333000183105469","13.116000175476074","157.38699340820312"
"B45G0006",,"L1998-07-9259","1","1","74.0","78.8","1.7977800369262695","1.5670000314712524","115.4000015258789","1.2687000036239624","19.600000381469727","4.044000148773193",".7488800287246704","< 0",".6160200238227844",".008709999732673168","< 0",".1525299996137619","3.4189999103546143","7.409999847412109",".026669999584555626","5.877999782562256","19.7450008392334","< 0","94.09317016601562","26.523000717163086","4.8470001220703125",".06941000372171402","2.744999885559082","6.900000095367432","10.555999755859375","10.5600004196167","119.53800201416016"
"B45G0006",,"L1998-07-9260","1","1","78.8","81.2","1.7657599449157715","1.1059999465942383","113.9000015258789",".8187900185585022","22.299999237060547","3.2769999504089355",".6109700202941895","< 0",".626550018787384",".0065100002102553844","< 0",".16700999438762665","2.8489999771118164","6.791999816894531",".02298000082373619","6.914000034332275","19.475000381469727","< 0","94.22907257080078","23.878000259399414","8.053000450134277",".0521400012075901","< 0","5.599999904632568","10.345000267028809","9.65999984741211","90.0530014038086"
"B45G0006",,"L1998-07-9261","1","1","81.2","81.3","9.571249961853027","33.70399856567383","278.79998779296875","2.319240093231201","67.4000015258789","11.491999626159668","3.7406299114227295","8.281000137329102","1.7420400381088257",".02043999917805195",".6279000043869019",".48030000925064087","12.178000450134277","20.39699935913086",".10693000257015228","44.95500183105469","57.529998779296875","5746.39990234375","64.04666137695312","104.0479965209961","11.192000389099121",".4898799955844879","< 0","68.0999984741211","27.70199966430664","40.400001525878906","402.22601318359375"
"B45G0006",,"L1998-07-9262","1","1","81.3","81.6","2.137190103530884","2.5889999866485596","120.30000305175781",".3384000062942505","14.899999618530273","3.9820001125335693",".7057300209999084","< 0",".6192100048065186",".006459999829530716","< 0",".15400999784469604","2.63100004196167","7.936999797821045",".023879999294877052","7.5279998779296875","20.655000686645508","302.1000061035156","93.49645233154297","22.670000076293945","5.921000003814697",".05138000100851059","< 0","9.199999809265137","11.920000076293945","10.378000259399414","73.56300354003906"
"B45G0006",,"L1998-07-9263","1","1","81.6","82.0","12.109189987182617","8.137999534606934","267.70001220703125","16.889629364013672","81.9000015258789","15.810999870300293","7.4845099449157715","12.208000183105469","2.0983200073242188",".1260399967432022",".8260200023651123",".17494000494480133","13.366999626159668","29.63800048828125",".1414400041103363","16.840999603271484","97.96600341796875","545.2000122070312","46.15623092651367","255.50599670410156","16.714000701904297",".7791900038719177",".6179999709129333","96.69999694824219","30.398000717163086","71.1969985961914","201.52099609375"
"B45G0006",,"L1998-07-9264","1","1","82.0","82.5","10.507049560546875","2.2070000171661377","274.8999938964844","3.093940019607544","70.69999694824219","14.84000015258789","23.677490234375","8.795999526977539","1.1004400253295898",".21369999647140503",".6974999904632568",".3138299882411957","11.131999969482422","23.398000717163086",".18512000143527985","14.774999618530273","63.45199966430664","253.1999969482422","50.36275100708008","71.9219970703125","15.668000221252441",".41887998580932617","3.114000082015991","58","30.031999588012695","41.8120002746582","264.697998046875"
"B45G0006",,"L1998-07-9265","1","1","82.5","83.1","","","","","","","","","","","","","","","","","","","","","","","","","","",""
"B45G0006",,"L1998-07-9266","1","1","83.7","86.3","6.860199928283691","4.11299991607666","241","1.606469988822937","55.29999923706055","8.732999801635742","2.6493000984191895","4.908999919891357","1.2749799489974976",".02483000047504902",".3976599872112274",".42493000626564026","10.782999992370605","16.78700065612793",".05398999899625778","10.847999572753906","48.04100036621094","328.5","81.3947982788086","60.8650016784668","8.79800033569336",".389849990606308","1.0119999647140503","39.79999923706055","23.878000259399414","26.288000106811523","366.33099365234375"
"B45G0006",,"L1998-07-9267","1","1","86.3","86.5","9.397839546203613","21.062000274658203","241.60000610351562","12.576250076293945","62.20000076293945","19.69499969482422","5.049300193786621","9.024999618530273","1.4580700397491455",".08671999722719193","1.0141099691390991",".36000001430511475","11.04800033569336","34.689998626708984",".15131999552249908","18.461000442504883","64.64700317382812","1668","57.0154914855957","138.34100341796875","13.48900032043457",".5192099809646606","< 0","71.4000015258789","46.93199920654297","59.85499954223633","211.8800048828125"
"B45G0006",,"L1998-07-9268","1","1","86.5","87.5","4.3896098136901855","2.8499999046325684","151.39999389648438","1.3516700267791748","31.100000381469727","5.7769999504089355","1.8869199752807617","2.4149999618530273",".7900000214576721",".017139999195933342",".18257999420166016",".2780900001525879","6.416999816894531","11.461999893188477",".03776000067591667","8.392000198364258","28.80500030517578","225.8000030517578","87.57444763183594","38.790000915527344","7.090000152587891",".20385000109672546","< 0","20.899999618530273","17.854000091552734","18.485000610351562","217.8350067138672"
"B45G0006",,"L1998-07-9269","1","1","87.5","90.0","11.33530044555664","6.3470001220703125","367.20001220703125","2.335819959640503","78.69999694824219","8.595000267028809","3.5188000202178955","10.472000122070312","1.9019999504089355",".020829999819397926",".5522800087928772",".6724200248718262","17.371999740600586","22.65999984741211",".053619999438524246","19.41900062561035","89.0469970703125","268.79998779296875","72.43221282958984","101.23799896240234","14.472000122070312",".7400400042533875","< 0","64.80000305175781","35.87099838256836","46.292999267578125","516.2940063476562"
"B45G0006",,"L1998-07-9270","1","1","90.0","91.0","2.9228599071502686","4.126999855041504","119.30000305175781",".8312399983406067","30.799999237060547","4.343999862670898","2.9548699855804443",".27900001406669617",".4343799948692322",".15115000307559967","< 0",".2003999948501587","6.01200008392334","11.406999588012695",".037709999829530716","26.11199951171875","16.427000045776367","263.20001220703125","89.3903579711914","25.312000274658203","9.079999923706055",".18049000203609467","< 0","16.399999618530273","18.573999404907227","14.053000450134277","388.4670104980469"
"B45G0006",,"L1998-07-9271","1","1","91.0","91.8","10.363929748535156","37.98899841308594","338","2.307379961013794","79.80000305175781","12.718999862670898","5.005680084228516","9.1850004196167","1.82778000831604",".05561000108718872","1.0612399578094482",".687309980392456","15.444000244140625","28.239999771118164",".10226000100374222","15.746999740600586","83.04399871826172","3555.89990234375","69.78575134277344","98.0989990234375","15.472000122070312",".6110699772834778","1.2419999837875366","65.9000015258789","36.04899978637695","56.694000244140625","423.8210144042969"
"B45G0006",,"L1998-07-9272","1","1","91.8","92.5","11.90466022491455","10.270000457763672","358.1000061035156",".7343199849128723","94.30000305175781","11.664999961853027","3.8572700023651123","11.173999786376953","2.0009799003601074",".025860000401735306",".8315600156784058",".7048500180244446","16.850000381469727","29.368999481201172",".07428000122308731","18.972999572753906","95.52200317382812","705.4000244140625","72.32646942138672","90.74700164794922","18.36400032043457",".7056699991226196",".718999981880188","73.4000015258789","36.5629997253418","53.26300048828125","465.2720031738281"
"B45G0006",,"L1998-07-9273","1","1","92.5","92.7","13.410059928894043","5.210999965667725","355.79998779296875",".7014999985694885","92.30000305175781","16.22800064086914","4.219989776611328","13.935999870300293","2.170830011367798",".02206999994814396","1.0463800430297852",".6760600209236145","15.437000274658203","37.875",".08583000302314758","21.70400047302246","111.19100189208984","108.5999984741211","70.15876770019531","92.48999786376953","15.015000343322754",".651669979095459","3.0820000171661377","85.5","32.91699981689453","66.4209976196289","359.1390075683594"
"B45G0006",,"L1998-07-9274","1","1","92.7","93.2","11.369420051574707","4.26200008392334","312.8999938964844","4.110270023345947","78.69999694824219","14.425999641418457","4.0998101234436035","11.107999801635742","1.9308600425720215",".05057999864220619",".8239700198173523",".5931299924850464","14.220999717712402","32.768001556396484",".07122000306844711","20.26099967956543","89.8219985961914","70.69999694824219","69.77352905273438","94.38700103759766","15.656000137329102",".5939599871635437","2.1600000858306885","66.9000015258789","30.152999877929688","53.249000549316406","349.7650146484375"
"B45G0006",,"L1998-07-9275","1","1","93.2","94.5","5.335319995880127","4.252999782562256","166.1999969482422","19.911569595336914","43.70000076293945","10.595000267028809","4.962329864501953","3.3359999656677246","1.081529974937439",".2006099969148636",".7233899831771851",".34002000093460083","6.914999961853027","24.548999786376953",".08240000158548355","11.609000205993652","41.319000244140625","327.3999938964844","52.637290954589844","154.86900329589844","11.572999954223633",".3958599865436554","1.1820000410079956","34.70000076293945","26.847000122070312","30.667999267578125","292.489013671875"
"B45G0006",,"L1998-07-9276","1","1","94.5","99.5","5.276390075683594","2.181999921798706","200.6999969482422","7.155849933624268","42.79999923706055","6.370999813079834","2.2728099822998047","3.2790000438690186","1.3967100381851196",".03361999988555908",".8474900126457214",".6771000027656555","7.511000156402588","15.894000053405762",".08036000281572342","10.307000160217285","45.801998138427734","67.69999694824219","76.98162078857422","136.25","10.8100004196167",".27070000767707825","< 0","23.799999237060547","20.398000717163086","27.143999099731445","266.0840148925781"
"B45G0006",,"L1998-07-9277","1","1","99.5","102.7","4.491799831390381","1.1460000276565552","202.60000610351562","5.186470031738281","27.5","5.815999984741211","1.500040054321289","1.8619999885559082","1.3335200548171997",".02645999938249588",".5861600041389465",".6315799951553345","4.8429999351501465","13.086000442504883",".057739999145269394","11.116999626159668","42.933998107910156","18.200000762939453","82.2526626586914","105.93699645996094","9.72700023651123",".16019000113010406","< 0","15.800000190734863","16.250999450683594","19.652000427246094","137.9029998779297"
"B45G0006",,"L1998-07-9278","1","1","102.7","103.0","10.062959671020508","11.284000396728516","313.29998779296875","2.590909957885742","87","10.940999984741211","3.153019905090332","9.269000053405762","1.7491199970245361",".035590000450611115",".7351899743080139",".616569995880127","16.577999114990234","23.523000717163086",".06218000128865242","17.600000381469727","72.83599853515625","1169.4000244140625","73.60906982421875","89.48899841308594","16.075000762939453",".6854699850082397","2.5169999599456787","57.29999923706055","31.85300064086914","39.888999938964844","505.0010070800781"
"B45G0006",,"L1998-07-9279","1","1","103.0","103.4","9.826889991760254","38.58100128173828","281.6000061035156","1.8983299732208252","80.69999694824219","15.869000434875488","3.612879991531372","8.890999794006348","1.546910047531128",".021740000694990158",".6336600184440613",".46606001257896423","12.96500015258789","24.20400047302246",".05892999842762947","16.847000122070312","68.66899871826172","4314.7998046875","70.81178283691406","80.96399688720703","13.0649995803833",".5606399774551392","2.671999931335449","62","29.996000289916992","40.016998291015625","374.1719970703125"
"B45G0006",,"L1998-07-9280","1","1","103.4","105.0","13.822770118713379","25.604000091552734","363.5","1.7785099744796753","101.80000305175781","15.145999908447266","4.794640064239502","15.82800006866455","2.0218899250030518",".039340000599622726",".9474400281906128",".46810001134872437","18.038000106811523","34.62799835205078",".06815999746322632","21.94300079345703","103.92400360107422","2599.699951171875","67.0589828491211","90.69499969482422","12.930999755859375",".8183000087738037","1.3140000104904175","85.4000015258789","32.72800064086914","63.263999938964844","341.85198974609375"
"B45G0006",,"L1998-07-9281","1","1","105.0","107.5","10.488149642944336","3.9730000495910645","236.10000610351562",".4871099889278412","83.69999694824219","6.4730000495910645","3.0605099201202393","9.967000007629395","1.2145899534225464",".007379999849945307",".4389899969100952",".32659000158309937","12.446000099182129","16.006000518798828",".03092999942600727","15.920000076293945","67.28099822998047","178.3000030517578","76.98787689208984","55.9370002746582","9.961000442504883",".506380021572113",".5130000114440918","64.4000015258789","22.566999435424805","30.735000610351562","399.0849914550781"
"B45G0006",,"L1998-07-9282","1","1","107.5","107.75","8.917460441589355","5.151000022888184","212.10000610351562","15.350449562072754","66.5999984741211","13.680999755859375","3.367569923400879","8.352999687194824","1.8564000129699707",".07089000195264816","2.6636199951171875",".5981199741363525","10.260000228881836","29.240999221801758",".11043000221252441","14.402999877929688","76.11399841308594","625.5","53.713680267333984","280.41900634765625","15.206999778747559",".5150700211524963","3.125","50.900001525878906","25.99799919128418","51.926998138427734","199.2209930419922"
"B45G0006",,"L1998-07-9283","1","1","107.75","113.0","8.712380409240723","4.864999771118164","200.89999389648438","15.307490348815918","58.099998474121094","13.456000328063965","3.3034698963165283","8.748000144958496","1.8364200592041016",".0681300014257431","2.6824100017547607",".6073499917984009","9.786999702453613","28.725000381469727",".10870999842882156","15.23900032043457","74.5989990234375","624.2000122070312","54.00225067138672","281.0580139160156","15.156999588012695",".5031999945640564",".07199999690055847","56.5","24.466999053955078","51.0629997253418","198.21600341796875"
"B45G0006",,"L1998-07-9284","1","1","113.0","118.5","2.67930006980896","2.380000114440918","203.1999969482422","1.0055899620056152","13.899999618530273","2.9149999618530273",".43446001410484314","< 0","1.2231899499893188",".007590000052005053",".012409999966621399",".3241199851036072","2.6470000743865967","8.092000007629395",".022220000624656677","8.041000366210938","40.48099899291992","29.5","92.31783294677734","43.895999908447266","8.307999610900879",".022299999371170998","< 0","3.4000000953674316","10.758000373840332","8.23900032043457","42.43199920654297"
"B45G0006",,"L1998-07-9285","1","1","118.5","119.0","2.70127010345459","2.61299991607666","195.3000030517578","1.8445299863815308","11.899999618530273","2.98799991607666",".5214499831199646","< 0","1.1388499736785889",".008430000394582748",".10886000096797943",".32969000935554504","3.4690001010894775","8.72700023651123",".028850000351667404","9.855999946594238","37.30799865722656","77.5999984741211","91.61551666259766","53.507999420166016","6.257999897003174",".03506999835371971","2.4019999504089355","1.7999999523162842","12.479999542236328","11.145999908447266","52.10200119018555"
"B45G0006",,"L1998-07-9286","1","1","119.0","119.3","7.62598991394043","4.22599983215332","203.39999389648438","8.83195972442627","47.599998474121094","11.458999633789062","3.0878899097442627","6.688000202178955","1.7276500463485718",".06335999816656113","1.6975500583648682",".4347899854183197","7.0269999504089355","24.52400016784668",".08337000012397766","11.87399959564209","70.41799926757812","310.70001220703125","68.78475952148438","170.67999267578125","12.053999900817871",".2974500060081482",".9599999785423279","43.900001525878906","18.898000717163086","40.86199951171875","104.50800323486328"
"B45G0006",,"L1998-07-9287","1","1","119.3","123.0","4.156000137329102","2.2219998836517334","203.5","4.487579822540283","21.600000381469727","3.384000062942505","1.0907200574874878","2","1.4181400537490845",".020269999280571938",".44446998834609985",".6150599718093872","4.248000144958496","12.39900016784668",".0471000000834465","9.128000259399414","46.465999603271484","58.20000076293945","84.5685806274414","104.6050033569336","8.548999786376953",".0871800035238266","1.3450000286102295","11.399999618530273","13.20199966430664","16.41900062561035","72.31800079345703"
"B45G0006",,"L1998-07-9288","1","1","123.0","125.0","3.954699993133545","11.77299976348877","188.1999969482422","4.266540050506592","23.100000381469727","4.684999942779541","1.1728700399398804","1.9980000257492065","1.3440699577331543",".01988999918103218",".5086699724197388",".5669500231742859","3.5950000286102295","12.288999557495117",".045990001410245895","10.177000045776367","45.45500183105469","1097.4000244140625","84.62151336669922","96.05000305175781","7.135000228881836",".09909000247716904","< 0","17","15.184000015258789","17.275999069213867","104.70500183105469"
"B45G0006",,"L1998-07-9289","1","1","125.0","128.0","3.2178099155426025","4.5229997634887695","178.1999969482422","2.6627800464630127","14.100000381469727","4.438000202178955",".8122900128364563",".9620000123977661","1.1733700037002563",".013450000435113907",".19898000359535217",".44628000259399414","3.6089999675750732","9.61400032043457",".03232000023126602","10.935999870300293","39.75299835205078","213.39999389648438","89.08026885986328","66.18199920654297","8.11299991607666",".055560000240802765","1.6080000400543213","7.199999809265137","12.972999572753906","12.734000205993652","62.82699966430664"
"B45G0006",,"L1998-07-9290","1","1","128.0","129.0","4.333049774169922","4.34499979019165","193.8000030517578","6.744060039520264","30.200000762939453","5.684999942779541","1.3600200414657593","2.48799991607666","1.3903100490570068",".02831999957561493",".6318600177764893",".5823500156402588","5.493000030517578","14.347000122070312",".0568000003695488","8.34000015258789","46.095001220703125","174.89999389648438","80.82805633544922","133.26400756835938","11.135000228881836",".13508999347686768","< 0","11.699999809265137","16.065000534057617","19.716999053955078","108.50299835205078"
"B45G0006",,"L1998-07-9292","1","1","130.5","130.25","4.093500137329102","3.372999906539917","156.60000610351562","8.140660285949707","31.299999237060547","5.560999870300293","1.3220700025558472","2.375999927520752","1.2356899976730347",".02672000043094158",".6666799783706665",".5835400223731995","3.4119999408721924","15.456000328063965",".04946000128984451","8.777000427246094","40.2599983215332","164.39999389648438","78.97654724121094","171.38600158691406","7.431000232696533",".11095000058412552","0","10.800000190734863","13.930000305175781","18.756999969482422","81.85199737548828"
"B45G0006",,"L1998-07-9291","1","1","129.0","130.5","5.316490173339844","4.447999954223633","183.1999969482422","9.389849662780762","37.20000076293945","8.937999725341797","2.235179901123047","3.494999885559082","1.4220399856567383",".047200001776218414","1.056689977645874",".5413699746131897","5.184000015258789","17.87299919128418",".0731699988245964","11.598999977111816","50.762001037597656","339.3999938964844","73.70745849609375","198.177001953125","10.439000129699707",".1976500004529953","< 0","26.200000762939453","16.860000610351562","28.64699935913086","118.77400207519531"
"B45G0006",,"L1998-07-9293","1","1","130.0","132.7","3.1002800464630127","3.7939999103546143","148.6999969482422","5.060719966888428","24.5","3.927999973297119",".8777199983596802",".6200000047683716","1.0279799699783325",".016450000926852226",".35398998856544495",".4394499957561493","3.0899999141693115","11.626999855041504",".03731999918818474","5.785999774932861","33.43199920654297","103.0999984741211","85.83878326416016","109.21900177001953","6.131999969482422",".06610000133514404","< 0","6.300000190734863","12.508000373840332","13.366999626159668","60.46900177001953"
"B45G0006",,"L1998-07-9294","1","1","132.7","135.5","3.4310500621795654","11.144000053405762","146.6999969482422","6.496429920196533","28.5","4.909999847412109","1.2437000274658203","1.0230000019073486","1.0310399532318115",".023959999904036522",".5578299760818481",".44227999448776245","3.7279999256134033","13.982999801635742",".05150999873876572","10.029000282287598","34.19499969482422","504.1000061035156","82.81548309326172","133.26800537109375","8.170999526977539",".11316999793052673","< 0","11.199999809265137","14.531999588012695","17.70599937438965","121.90799713134766"
"B45G0006",,"L1998-07-9295","1","1","135.5","138.5","3.0037899017333984","12.079999923706055","148.1999969482422","3.739530086517334","18","4.169000148773193",".9221699833869934","1.027999997138977",".944100022315979",".014770000241696835",".2501800060272217",".32249999046325684","3.556999921798706","11.552000045776367",".03581999987363815","8.154999732971191","32.689998626708984","483","87.73763275146484","75.20600128173828","6.9730000495910645",".06752000004053116","< 0","6.5","11.300999641418457","13.491999626159668","62.47600173950195"
"B45G0006",,"L1998-07-9296","1","1","138.5","139.5","3.231450080871582","2.4590001106262207","150.60000610351562","5.193510055541992","23.799999237060547","4.223999977111816",".9848099946975708",".9639999866485596","1.0270899534225464",".01761999912559986",".3919200003147125",".42353999614715576","4.2210001945495605","12.00100040435791",".04094000160694122","10.477999687194824","34.27199935913086","119.5999984741211","85.4452133178711","110.14299774169922","6.5920000076293945",".0814799964427948","< 0","5.099999904632568","13.350000381469727","15.574000358581543","85.56999969482422"
