"BRO-ID","kwaliteitsregime","in registratie sinds","tijdstip veldonderzoek","pomptype","buis",,,,
"GAR000000057114","IMBRO/A","2025-04-10T20:42:43+02:00","1990-03-19T11:00:00+01:00","onbekend","1",,,,
,,,,,,,,,
"parameter","sikb-id","aquo-code","analysedatum","analysemeetwaarde","eenheid meerwaarde","rapportagegrens","eenheid rapportagegres","limietsymbool","status kwaliteitscontrole"
"waterstofcarbonaat","374","HCO3","1990-03-19","528.0","mg/l",,,,"goedgekeurd"
"sulfaat","1508","SO4","1990-03-19","75.0","mg/l",,,,"goedgekeurd"
"chloride","508","Cl","1990-03-19","225.0","mg/l",,,,"goedgekeurd"
"Geleidendheid","3548","GELDHD","1990-03-19","79.0","mS/m",,,,"goedgekeurd"
"natrium","1262","Na","1990-03-19","210.0","mg/l",,,,"goedgekeurd"
"kalium","920","K","1990-03-19","60.0","mg/l",,,,"goedgekeurd"
"calcium","447","Ca","1990-03-19","69.0","mg/l",,,,"goedgekeurd"
"magnesium","1125","Mg","1990-03-19","66.0","mg/l",,,,"goedgekeurd"
,,,,,,,,,
