"BRO-ID","kwaliteitsregime","in registratie sinds","tijdstip veldonderzoek","pomptype","buis",,,,
"GAR000000055601","IMBRO/A","2025-04-10T18:25:12+02:00","1990-06-19T12:00:00+02:00","onbekend","2",,,,
,,,,,,,,,
"parameter","sikb-id","aquo-code","analysedatum","analysemeetwaarde","eenheid meerwaarde","rapportagegrens","eenheid rapportagegres","limietsymbool","status kwaliteitscontrole"
"calcium","447","Ca","1990-06-19","464.0","mg/l",,,,"goedgekeurd"
"chroom","517","Cr","1990-06-19","19.0","ug/l",,,,"goedgekeurd"
"cadmium","441","Cd","1990-06-19","0.14","ug/l",,,,"goedgekeurd"
"arseen","310","As","1990-06-19","5.5","ug/l",,,,"goedgekeurd"
"fosfaat","1334","PO4","1990-06-19","0.49","mg/l",,,,"goedgekeurd"
"fosfor totaal","4188","Ptot","1990-06-19","0.18","mg/l",,,,"goedgekeurd"
"nitraat","1270","NO3","1990-06-19","0.88","mg/l",,,,"goedgekeurd"
"waterstofcarbonaat","374","HCO3","1990-06-19","622.0","mg/l",,,,"goedgekeurd"
"sulfaat","1508","SO4","1990-06-19","829.0","mg/l",,,,"goedgekeurd"
"chloride","508","Cl","1990-06-19","4990.0","mg/l",,,,"goedgekeurd"
"ammonium","289","NH4","1990-06-19","2.01","mg/l",,,,"goedgekeurd"
"mangaan","1128","Mn","1990-06-19","410.0","ug/l",,,,"goedgekeurd"
"kwik","1097","Hg","1990-06-19","0.05","ug/l",,,,"goedgekeurd"
"magnesium","1125","Mg","1990-06-19","137.0","mg/l",,,,"goedgekeurd"
"nikkel","1267","Ni","1990-06-19","14.0","ug/l",,,,"goedgekeurd"
"kalium","920","K","1990-06-19","5.0","mg/l",,,,"goedgekeurd"
"Zuurgraad","1398","pH","1990-06-19","6.77","1",,,,"goedgekeurd"
"ijzer","879","Fe","1990-06-19","30500.0","ug/l",,,,"goedgekeurd"
"natrium","1262","Na","1990-06-19","3040.0","mg/l",,,,"goedgekeurd"
"koper","971","Cu","1990-06-19","14.4","ug/l",,,,"goedgekeurd"
"zink","1693","Zn","1990-06-19","60.0","ug/l",,,,"goedgekeurd"
"lood","1116","Pb","1990-06-19","7.8","ug/l",,,,"goedgekeurd"
"Geleidendheid","3548","GELDHD","1990-06-19","1151.0","mS/m",,,,"goedgekeurd"
,,,,,,,,,
