"BRO-ID","kwaliteitsregime","in registratie sinds","tijdstip veldonderzoek","pomptype","buis",,,,
"GAR000000055236","IMBRO/A","2025-04-10T17:54:47+02:00","2001-12-04T11:00:00+01:00","onbekend","2",,,,
,,,,,,,,,
"parameter","sikb-id","aquo-code","analysemeetwaarde","eenheid meetwaarde","status kwaliteitscontrole",,,,
"Temperatuur","1522","T","10.8","Cel","goedgekeurd",,,,
,,,,,,,,,
"parameter","sikb-id","aquo-code","analysedatum","analysemeetwaarde","eenheid meerwaarde","rapportagegrens","eenheid rapportagegres","limietsymbool","status kwaliteitscontrole"
"cadmium","441","Cd","2001-12-04","0.4","ug/l",,,"<","goedgekeurd"
"stikstof Kjeldahl","4064","NKj","2001-12-04","3.2","mg/l",,,,"goedgekeurd"
"zink","1693","Zn","2001-12-04","10.0","ug/l",,,"<","goedgekeurd"
"lood","1116","Pb","2001-12-04","5.0","ug/l",,,"<","goedgekeurd"
"nikkel","1267","Ni","2001-12-04","5.0","ug/l",,,"<","goedgekeurd"
"natrium","1262","Na","2001-12-04","2110.0","mg/l",,,,"goedgekeurd"
"chroom","517","Cr","2001-12-04","16.0","ug/l",,,,"goedgekeurd"
"arseen","310","As","2001-12-04","7.0","ug/l",,,,"goedgekeurd"
"aluminium","284","Al","2001-12-04","50.0","ug/l",,,,"goedgekeurd"
"nitraat","1270","NO3","2001-12-04","0.5","mg/l",,,"<","goedgekeurd"
"waterstofcarbonaat","374","HCO3","2001-12-04","240.0","mg/l",,,,"onbeslist"
"sulfaat","1508","SO4","2001-12-04","600.0","mg/l",,,,"goedgekeurd"
"chloride","508","Cl","2001-12-04","4100.0","mg/l",,,,"goedgekeurd"
"ammonium","289","NH4","2001-12-04","3.1","mg/l",,,,"goedgekeurd"
"mangaan","1128","Mn","2001-12-04","160.0","ug/l",,,,"goedgekeurd"
"ijzer","879","Fe","2001-12-04","9400.0","ug/l",,,,"goedgekeurd"
"magnesium","1125","Mg","2001-12-04","77.0","mg/l",,,,"goedgekeurd"
"calcium","447","Ca","2001-12-04","235.0","mg/l",,,,"goedgekeurd"
"kalium","920","K","2001-12-04","6.4","mg/l",,,,"goedgekeurd"
"koper","971","Cu","2001-12-04","2.5","ug/l",,,"<","goedgekeurd"
"Zuurgraad","1398","pH","2001-12-04","7.0","1",,,,"goedgekeurd"
"fosfor totaal","4188","Ptot","2001-12-04","0.29","mg/l",,,,"goedgekeurd"
"fosfaat","1334","PO4","2001-12-04","0.06","mg/l",,,,"goedgekeurd"
"Geleidendheid","3548","GELDHD","2001-12-04","1400.0","mS/m",,,,"goedgekeurd"
,,,,,,,,,
