"BRO-ID","kwaliteitsregime","in registratie sinds","tijdstip veldonderzoek","pomptype","buis",,,,
"GAR000000055015","IMBRO/A","2025-04-10T17:35:22+02:00","1990-06-19T12:00:00+02:00","onbekend","3",,,,
,,,,,,,,,
"parameter","sikb-id","aquo-code","analysedatum","analysemeetwaarde","eenheid meerwaarde","rapportagegrens","eenheid rapportagegres","limietsymbool","status kwaliteitscontrole"
"kalium","920","K","1990-06-19","19.0","mg/l",,,,"goedgekeurd"
"arseen","310","As","1990-06-19","10.0","ug/l",,,,"goedgekeurd"
"fosfaat","1334","PO4","1990-06-19","0.06","mg/l",,,,"goedgekeurd"
"fosfor totaal","4188","Ptot","1990-06-19","3.37","mg/l",,,,"goedgekeurd"
"nitraat","1270","NO3","1990-06-19","0.88","mg/l",,,,"goedgekeurd"
"waterstofcarbonaat","374","HCO3","1990-06-19","401.0","mg/l",,,,"goedgekeurd"
"sulfaat","1508","SO4","1990-06-19","1508.0","mg/l",,,,"goedgekeurd"
"chloride","508","Cl","1990-06-19","13280.0","mg/l",,,,"goedgekeurd"
"ammonium","289","NH4","1990-06-19","10.06","mg/l",,,,"goedgekeurd"
"mangaan","1128","Mn","1990-06-19","2800.0","ug/l",,,,"goedgekeurd"
"ijzer","879","Fe","1990-06-19","115000.0","ug/l",,,,"goedgekeurd"
"calcium","447","Ca","1990-06-19","2115.0","mg/l",,,,"goedgekeurd"
"koper","971","Cu","1990-06-19","59.3","ug/l",,,,"onbeslist"
"natrium","1262","Na","1990-06-19","5150.0","mg/l",,,,"goedgekeurd"
"Zuurgraad","1398","pH","1990-06-19","6.22","1",,,,"goedgekeurd"
"Geleidendheid","3548","GELDHD","1990-06-19","2637.0","mS/m",,,,"goedgekeurd"
"magnesium","1125","Mg","1990-06-19","525.0","mg/l",,,,"goedgekeurd"
"cadmium","441","Cd","1990-06-19","0.25","ug/l",,,,"goedgekeurd"
"chroom","517","Cr","1990-06-19","0.5","ug/l",,,,"goedgekeurd"
"zink","1693","Zn","1990-06-19","60.0","ug/l",,,,"goedgekeurd"
"lood","1116","Pb","1990-06-19","12.7","ug/l",,,,"goedgekeurd"
"nikkel","1267","Ni","1990-06-19","14.0","ug/l",,,,"goedgekeurd"
"kwik","1097","Hg","1990-06-19","0.05","ug/l",,,,"goedgekeurd"
,,,,,,,,,
