"BRO-ID","kwaliteitsregime","in registratie sinds","tijdstip veldonderzoek","pomptype","buis",,,,
"GAR000000057472","IMBRO/A","2025-04-10T21:16:08+02:00","2001-11-21T11:00:00+01:00","onbekend","2",,,,
,,,,,,,,,
"parameter","sikb-id","aquo-code","analysemeetwaarde","eenheid meetwaarde","status kwaliteitscontrole",,,,
"Temperatuur","1522","T","10.7","Cel","goedgekeurd",,,,
,,,,,,,,,
"parameter","sikb-id","aquo-code","analysedatum","analysemeetwaarde","eenheid meerwaarde","rapportagegrens","eenheid rapportagegres","limietsymbool","status kwaliteitscontrole"
"zink","1693","Zn","2001-11-21","10.0","ug/l",,,"<","goedgekeurd"
"nitraat","1270","NO3","2001-11-21","0.5","mg/l",,,"<","goedgekeurd"
"calcium","447","Ca","2001-11-21","55.0","mg/l",,,,"goedgekeurd"
"magnesium","1125","Mg","2001-11-21","24.0","mg/l",,,,"goedgekeurd"
"ijzer","879","Fe","2001-11-21","1400.0","ug/l",,,,"goedgekeurd"
"mangaan","1128","Mn","2001-11-21","150.0","ug/l",,,,"goedgekeurd"
"ammonium","289","NH4","2001-11-21","0.89","mg/l",,,,"goedgekeurd"
"chloride","508","Cl","2001-11-21","120.0","mg/l",,,,"goedgekeurd"
"natrium","1262","Na","2001-11-21","110.0","mg/l",,,,"goedgekeurd"
"waterstofcarbonaat","374","HCO3","2001-11-21","220.0","mg/l",,,,"goedgekeurd"
"Zuurgraad","1398","pH","2001-11-21","7.6","1",,,,"goedgekeurd"
"aluminium","284","Al","2001-11-21","5.0","ug/l",,,"<","goedgekeurd"
"arseen","310","As","2001-11-21","2.5","ug/l",,,"<","goedgekeurd"
"cadmium","441","Cd","2001-11-21","0.4","ug/l",,,"<","goedgekeurd"
"chroom","517","Cr","2001-11-21","2.5","ug/l",,,"<","goedgekeurd"
"koper","971","Cu","2001-11-21","2.5","ug/l",,,"<","goedgekeurd"
"nikkel","1267","Ni","2001-11-21","5.0","ug/l",,,"<","goedgekeurd"
"lood","1116","Pb","2001-11-21","5.0","ug/l",,,"<","goedgekeurd"
"sulfaat","1508","SO4","2001-11-21","110.0","mg/l",,,,"goedgekeurd"
"kalium","920","K","2001-11-21","13.0","mg/l",,,,"goedgekeurd"
"stikstof Kjeldahl","4064","NKj","2001-11-21","0.7","mg/l",,,,"goedgekeurd"
"fosfor totaal","4188","Ptot","2001-11-21","0.17","mg/l",,,,"goedgekeurd"
"fosfaat","1334","PO4","2001-11-21","0.04","mg/l",,,,"goedgekeurd"
"Geleidendheid","3548","GELDHD","2001-11-21","110.0","mS/m",,,,"goedgekeurd"
,,,,,,,,,
