"BRO-ID","kwaliteitsregime","in registratie sinds","tijdstip veldonderzoek","pomptype","buis",,,,
"GAR000000058734","IMBRO/A","2025-04-10T23:10:30+02:00","2001-01-11T11:00:00+01:00","onbekend","2",,,,
,,,,,,,,,
"parameter","sikb-id","aquo-code","analysemeetwaarde","eenheid meetwaarde","status kwaliteitscontrole",,,,
"Temperatuur","1522","T","6.6","Cel","onbeslist",,,,
,,,,,,,,,
"parameter","sikb-id","aquo-code","analysedatum","analysemeetwaarde","eenheid meerwaarde","rapportagegrens","eenheid rapportagegres","limietsymbool","status kwaliteitscontrole"
"waterstofcarbonaat","374","HCO3","2001-01-11","1670.0","mg/l",,,,"goedgekeurd"
"stikstof Kjeldahl","4064","NKj","2001-01-11","7.4","mg/l",,,,"goedgekeurd"
"zink","1693","Zn","2001-01-11","530.0","ug/l",,,,"onbeslist"
"lood","1116","Pb","2001-01-11","5.0","ug/l",,,"<","goedgekeurd"
"nikkel","1267","Ni","2001-01-11","13.0","ug/l",,,,"goedgekeurd"
"koper","971","Cu","2001-01-11","10.0","ug/l",,,,"goedgekeurd"
"chroom","517","Cr","2001-01-11","13.0","ug/l",,,,"goedgekeurd"
"cadmium","441","Cd","2001-01-11","0.4","ug/l",,,"<","goedgekeurd"
"arseen","310","As","2001-01-11","11.0","ug/l",,,,"goedgekeurd"
"aluminium","284","Al","2001-01-11","60.0","ug/l",,,,"goedgekeurd"
"nitraat","1270","NO3","2001-01-11","0.5","mg/l",,,"<","goedgekeurd"
"sulfaat","1508","SO4","2001-01-11","140.0","mg/l",,,,"goedgekeurd"
"Zuurgraad","1398","pH","2001-01-11","7.4","1",,,,"goedgekeurd"
"ijzer","879","Fe","2001-01-11","3800.0","ug/l",,,,"goedgekeurd"
"magnesium","1125","Mg","2001-01-11","298.0","mg/l",,,,"goedgekeurd"
"calcium","447","Ca","2001-01-11","90.0","mg/l",,,,"goedgekeurd"
"kalium","920","K","2001-01-11","132.0","mg/l",,,,"goedgekeurd"
"mangaan","1128","Mn","2001-01-11","170.0","ug/l",,,,"goedgekeurd"
"natrium","1262","Na","2001-01-11","3260.0","mg/l",,,,"goedgekeurd"
"ammonium","289","NH4","2001-01-11","11.0","mg/l",,,,"goedgekeurd"
"chloride","508","Cl","2001-01-11","5400.0","mg/l",,,,"goedgekeurd"
"fosfor totaal","4188","Ptot","2001-01-11","5.5","mg/l",,,,"goedgekeurd"
"fosfaat","1334","PO4","2001-01-11","3.9","mg/l",,,,"goedgekeurd"
"Geleidendheid","3548","GELDHD","2001-01-11","1800.0","mS/m",,,,"goedgekeurd"
,,,,,,,,,
