"BRO-ID","kwaliteitsregime","in registratie sinds","tijdstip veldonderzoek","pomptype","buis",,,,
"GAR000000059075","IMBRO/A","2025-04-10T23:39:01+02:00","1988-11-16T11:00:00+01:00","onbekend","3",,,,
,,,,,,,,,
"parameter","sikb-id","aquo-code","analysedatum","analysemeetwaarde","eenheid meerwaarde","rapportagegrens","eenheid rapportagegres","limietsymbool","status kwaliteitscontrole"
"cadmium","441","Cd","1988-11-16","0.7","ug/l",,,,"goedgekeurd"
"zink","1693","Zn","1988-11-16","10.0","ug/l",,,,"goedgekeurd"
"lood","1116","Pb","1988-11-16","14.0","ug/l",,,,"goedgekeurd"
"nikkel","1267","Ni","1988-11-16","14.4","ug/l",,,,"goedgekeurd"
"kwik","1097","Hg","1988-11-16","0.05","ug/l",,,,"goedgekeurd"
"chroom","517","Cr","1988-11-16","0.5","ug/l",,,,"goedgekeurd"
"arseen","310","As","1988-11-16","0.3","ug/l",,,,"onbeslist"
"waterstofcarbonaat","374","HCO3","1988-11-16","1371.0","mg/l",,,,"goedgekeurd"
"chloride","508","Cl","1988-11-16","16085.0","mg/l",,,,"goedgekeurd"
"ammonium","289","NH4","1988-11-16","37.23","mg/l",,,,"goedgekeurd"
"mangaan","1128","Mn","1988-11-16","440.0","ug/l",,,,"goedgekeurd"
"ijzer","879","Fe","1988-11-16","4800.0","ug/l",,,,"goedgekeurd"
"calcium","447","Ca","1988-11-16","301.0","mg/l",,,,"goedgekeurd"
"natrium","1262","Na","1988-11-16","137.0","mg/l",,,,"onbeslist"
"Zuurgraad","1398","pH","1988-11-16","6.76","1",,,,"goedgekeurd"
"koper","971","Cu","1988-11-16","16.2","ug/l",,,,"goedgekeurd"
"magnesium","1125","Mg","1988-11-16","1026.0","mg/l",,,,"goedgekeurd"
"kalium","920","K","1988-11-16","7.0","mg/l",,,,"onbeslist"
,,,,,,,,,
