"BRO-ID","kwaliteitsregime","in registratie sinds","tijdstip veldonderzoek","pomptype","buis",,,,
"GAR000000059575","IMBRO/A","2025-04-11T00:25:51+02:00","2001-11-12T11:00:00+01:00","onbekend","2",,,,
,,,,,,,,,
"parameter","sikb-id","aquo-code","analysemeetwaarde","eenheid meetwaarde","status kwaliteitscontrole",,,,
"Temperatuur","1522","T","11.5","Cel","goedgekeurd",,,,
,,,,,,,,,
"parameter","sikb-id","aquo-code","analysedatum","analysemeetwaarde","eenheid meerwaarde","rapportagegrens","eenheid rapportagegres","limietsymbool","status kwaliteitscontrole"
"kalium","920","K","2001-11-12","170.0","mg/l",,,,"goedgekeurd"
"chroom","517","Cr","2001-11-12","18.0","ug/l",,,,"goedgekeurd"
"cadmium","441","Cd","2001-11-12","0.4","ug/l",,,"<","goedgekeurd"
"arseen","310","As","2001-11-12","17.0","ug/l",,,,"goedgekeurd"
"aluminium","284","Al","2001-11-12","20.0","ug/l",,,,"goedgekeurd"
"nitraat","1270","NO3","2001-11-12","0.5","mg/l",,,"<","goedgekeurd"
"waterstofcarbonaat","374","HCO3","2001-11-12","1700.0","mg/l",,,,"goedgekeurd"
"sulfaat","1508","SO4","2001-11-12","120.0","mg/l",,,,"goedgekeurd"
"chloride","508","Cl","2001-11-12","5200.0","mg/l",,,,"goedgekeurd"
"ammonium","289","NH4","2001-11-12","9.3","mg/l",,,,"goedgekeurd"
"mangaan","1128","Mn","2001-11-12","220.0","ug/l",,,,"goedgekeurd"
"ijzer","879","Fe","2001-11-12","6000.0","ug/l",,,,"goedgekeurd"
"nikkel","1267","Ni","2001-11-12","5.0","ug/l",,,"<","goedgekeurd"
"calcium","447","Ca","2001-11-12","100.0","mg/l",,,,"goedgekeurd"
"lood","1116","Pb","2001-11-12","5.0","ug/l",,,"<","goedgekeurd"
"natrium","1262","Na","2001-11-12","3100.0","mg/l",,,,"goedgekeurd"
"Zuurgraad","1398","pH","2001-11-12","7.4","1",,,,"goedgekeurd"
"magnesium","1125","Mg","2001-11-12","330.0","mg/l",,,,"goedgekeurd"
"koper","971","Cu","2001-11-12","2.5","ug/l",,,"<","goedgekeurd"
"stikstof Kjeldahl","4064","NKj","2001-11-12","7.5","mg/l",,,,"goedgekeurd"
"zink","1693","Zn","2001-11-12","10.0","ug/l",,,"<","goedgekeurd"
"fosfor totaal","4188","Ptot","2001-11-12","5.0","mg/l",,,,"goedgekeurd"
"fosfaat","1334","PO4","2001-11-12","2.89","mg/l",,,,"goedgekeurd"
"Geleidendheid","3548","GELDHD","2001-11-12","1800.0","mS/m",,,,"goedgekeurd"
,,,,,,,,,
