"BRO-ID","kwaliteitsregime","in registratie sinds","tijdstip veldonderzoek","pomptype","buis",,,,
"GAR000000061353","IMBRO/A","2025-04-11T03:15:22+02:00","2001-11-19T11:00:00+01:00","onbekend","3",,,,
,,,,,,,,,
"parameter","sikb-id","aquo-code","analysemeetwaarde","eenheid meetwaarde","status kwaliteitscontrole",,,,
"Temperatuur","1522","T","11.6","Cel","goedgekeurd",,,,
,,,,,,,,,
"parameter","sikb-id","aquo-code","analysedatum","analysemeetwaarde","eenheid meerwaarde","rapportagegrens","eenheid rapportagegres","limietsymbool","status kwaliteitscontrole"
"stikstof Kjeldahl","4064","NKj","2001-11-19","35.0","mg/l",,,,"goedgekeurd"
"zink","1693","Zn","2001-11-19","21.0","ug/l",,,,"goedgekeurd"
"lood","1116","Pb","2001-11-19","5.0","ug/l",,,"<","goedgekeurd"
"nikkel","1267","Ni","2001-11-19","5.0","ug/l",,,"<","goedgekeurd"
"koper","971","Cu","2001-11-19","2.5","ug/l",,,"<","goedgekeurd"
"chroom","517","Cr","2001-11-19","2.5","ug/l",,,"<","goedgekeurd"
"natrium","1262","Na","2001-11-19","5500.0","mg/l",,,,"goedgekeurd"
"cadmium","441","Cd","2001-11-19","0.4","ug/l",,,"<","goedgekeurd"
"arseen","310","As","2001-11-19","14.0","ug/l",,,,"goedgekeurd"
"nitraat","1270","NO3","2001-11-19","0.5","mg/l",,,"<","goedgekeurd"
"waterstofcarbonaat","374","HCO3","2001-11-19","2200.0","mg/l",,,,"onbeslist"
"sulfaat","1508","SO4","2001-11-19","1100.0","mg/l",,,,"goedgekeurd"
"chloride","508","Cl","2001-11-19","11600.0","mg/l",,,,"goedgekeurd"
"ammonium","289","NH4","2001-11-19","44.0","mg/l",,,,"goedgekeurd"
"mangaan","1128","Mn","2001-11-19","320.0","ug/l",,,,"goedgekeurd"
"ijzer","879","Fe","2001-11-19","7400.0","ug/l",,,,"goedgekeurd"
"magnesium","1125","Mg","2001-11-19","910.0","mg/l",,,,"goedgekeurd"
"kalium","920","K","2001-11-19","330.0","mg/l",,,,"goedgekeurd"
"aluminium","284","Al","2001-11-19","5.0","ug/l",,,"<","goedgekeurd"
"Zuurgraad","1398","pH","2001-11-19","7.1","1",,,,"goedgekeurd"
"calcium","447","Ca","2001-11-19","570.0","mg/l",,,,"goedgekeurd"
"fosfor totaal","4188","Ptot","2001-11-19","2.2","mg/l",,,,"goedgekeurd"
"Geleidendheid","3548","GELDHD","2001-11-19","3600.0","mS/m",,,,"goedgekeurd"
"fosfaat","1334","PO4","2001-11-19","0.06","mg/l",,,,"goedgekeurd"
,,,,,,,,,
