"BRO-ID","kwaliteitsregime","in registratie sinds","tijdstip veldonderzoek","pomptype","buis",,,,
"GAR000000060674","IMBRO/A","2025-04-11T02:12:19+02:00","2003-01-17T11:00:00+01:00","onbekend","3",,,,
,,,,,,,,,
"parameter","sikb-id","aquo-code","analysemeetwaarde","eenheid meetwaarde","status kwaliteitscontrole",,,,
"Temperatuur","1522","T","9.6","Cel","goedgekeurd",,,,
,,,,,,,,,
"parameter","sikb-id","aquo-code","analysedatum","analysemeetwaarde","eenheid meerwaarde","rapportagegrens","eenheid rapportagegres","limietsymbool","status kwaliteitscontrole"
"arseen","310","As","2003-01-17","9.0","ug/l",,,,"goedgekeurd"
"magnesium","1125","Mg","2003-01-17","879.0","mg/l",,,,"goedgekeurd"
"zink","1693","Zn","2003-01-17","10.0","ug/l",,,"<","goedgekeurd"
"lood","1116","Pb","2003-01-17","5.0","ug/l",,,"<","goedgekeurd"
"nikkel","1267","Ni","2003-01-17","5.0","ug/l",,,"<","goedgekeurd"
"koper","971","Cu","2003-01-17","2.5","ug/l",,,"<","goedgekeurd"
"cadmium","441","Cd","2003-01-17","0.4","ug/l",,,"<","goedgekeurd"
"aluminium","284","Al","2003-01-17","5.0","ug/l",,,"<","goedgekeurd"
"nitraat","1270","NO3","2003-01-17","0.1","mg/l",,,"<","goedgekeurd"
"waterstofcarbonaat","374","HCO3","2003-01-17","1440.0","mg/l",,,,"goedgekeurd"
"sulfaat","1508","SO4","2003-01-17","1060.0","mg/l",,,,"goedgekeurd"
"chloride","508","Cl","2003-01-17","12100.0","mg/l",,,,"goedgekeurd"
"ammonium","289","NH4","2003-01-17","40.1","mg/l",,,,"goedgekeurd"
"chroom","517","Cr","2003-01-17","7.0","ug/l",,,,"goedgekeurd"
"ijzer","879","Fe","2003-01-17","6900.0","ug/l",,,,"goedgekeurd"
"calcium","447","Ca","2003-01-17","555.0","mg/l",,,,"goedgekeurd"
"kalium","920","K","2003-01-17","281.0","mg/l",,,,"goedgekeurd"
"natrium","1262","Na","2003-01-17","6340.0","mg/l",,,,"goedgekeurd"
"Zuurgraad","1398","pH","2003-01-17","7.4","1",,,,"onbeslist"
"mangaan","1128","Mn","2003-01-17","290.0","ug/l",,,,"goedgekeurd"
"stikstof Kjeldahl","4064","NKj","2003-01-17","34.4","mg/l",,,,"goedgekeurd"
"fosfor totaal","4188","Ptot","2003-01-17","2.7","mg/l",,,,"goedgekeurd"
"fosfaat","1334","PO4","2003-01-17","0.06","mg/l",,,,"goedgekeurd"
"Geleidendheid","3548","GELDHD","2003-01-17","3500.0","mS/m",,,,"goedgekeurd"
,,,,,,,,,
