"BRO-ID","kwaliteitsregime","in registratie sinds","tijdstip veldonderzoek","pomptype","buis",,,,
"GAR000000060736","IMBRO/A","2025-04-11T02:17:22+02:00","2001-01-10T11:00:00+01:00","onbekend","2",,,,
,,,,,,,,,
"parameter","sikb-id","aquo-code","analysemeetwaarde","eenheid meetwaarde","status kwaliteitscontrole",,,,
"Temperatuur","1522","T","5.6","Cel","onbeslist",,,,
,,,,,,,,,
"parameter","sikb-id","aquo-code","analysedatum","analysemeetwaarde","eenheid meerwaarde","rapportagegrens","eenheid rapportagegres","limietsymbool","status kwaliteitscontrole"
"waterstofcarbonaat","374","HCO3","2001-01-10","1700.0","mg/l",,,,"goedgekeurd"
"nikkel","1267","Ni","2001-01-10","10.0","ug/l",,,,"goedgekeurd"
"koper","971","Cu","2001-01-10","2.5","ug/l",,,"<","goedgekeurd"
"chroom","517","Cr","2001-01-10","2.5","ug/l",,,"<","goedgekeurd"
"cadmium","441","Cd","2001-01-10","0.4","ug/l",,,"<","goedgekeurd"
"arseen","310","As","2001-01-10","2.5","ug/l",,,"<","goedgekeurd"
"zink","1693","Zn","2001-01-10","420.0","ug/l",,,,"goedgekeurd"
"nitraat","1270","NO3","2001-01-10","0.5","mg/l",,,"<","goedgekeurd"
"stikstof Kjeldahl","4064","NKj","2001-01-10","47.0","mg/l",,,,"goedgekeurd"
"sulfaat","1508","SO4","2001-01-10","1.0","mg/l",,,"<","goedgekeurd"
"chloride","508","Cl","2001-01-10","9000.0","mg/l",,,,"goedgekeurd"
"ammonium","289","NH4","2001-01-10","60.0","mg/l",,,,"goedgekeurd"
"mangaan","1128","Mn","2001-01-10","900.0","ug/l",,,,"goedgekeurd"
"ijzer","879","Fe","2001-01-10","9800.0","ug/l",,,,"goedgekeurd"
"magnesium","1125","Mg","2001-01-10","737.0","mg/l",,,,"goedgekeurd"
"calcium","447","Ca","2001-01-10","524.0","mg/l",,,,"goedgekeurd"
"aluminium","284","Al","2001-01-10","5.0","ug/l",,,"<","goedgekeurd"
"lood","1116","Pb","2001-01-10","5.0","ug/l",,,"<","goedgekeurd"
"Zuurgraad","1398","pH","2001-01-10","6.8","1",,,,"goedgekeurd"
"kalium","920","K","2001-01-10","261.0","mg/l",,,,"goedgekeurd"
"natrium","1262","Na","2001-01-10","4180.0","mg/l",,,,"goedgekeurd"
"fosfor totaal","4188","Ptot","2001-01-10","3.2","mg/l",,,,"goedgekeurd"
"fosfaat","1334","PO4","2001-01-10","0.09","mg/l",,,,"goedgekeurd"
"Geleidendheid","3548","GELDHD","2001-01-10","2600.0","mS/m",,,,"goedgekeurd"
,,,,,,,,,
