"BRO-ID","kwaliteitsregime","in registratie sinds","tijdstip veldonderzoek","pomptype","buis",,,,
"GAR000000061501","IMBRO/A","2025-04-11T03:30:32+02:00","1989-12-07T11:00:00+01:00","onbekend","4",,,,
,,,,,,,,,
"parameter","sikb-id","aquo-code","analysedatum","analysemeetwaarde","eenheid meerwaarde","rapportagegrens","eenheid rapportagegres","limietsymbool","status kwaliteitscontrole"
"chloride","508","Cl","1989-12-07","14625.0","mg/l",,,,"goedgekeurd"
"zink","1693","Zn","1989-12-07","20.0","ug/l",,,,"goedgekeurd"
"lood","1116","Pb","1989-12-07","30.5","ug/l",,,,"goedgekeurd"
"nikkel","1267","Ni","1989-12-07","18.0","ug/l",,,,"goedgekeurd"
"kwik","1097","Hg","1989-12-07","0.05","ug/l",,,,"goedgekeurd"
"koper","971","Cu","1989-12-07","22.4","ug/l",,,,"goedgekeurd"
"chroom","517","Cr","1989-12-07","0.5","ug/l",,,,"goedgekeurd"
"cadmium","441","Cd","1989-12-07","0.73","ug/l",,,,"goedgekeurd"
"arseen","310","As","1989-12-07","0.89","ug/l",,,,"goedgekeurd"
"fosfaat","1334","PO4","1989-12-07","0.64","mg/l",,,,"goedgekeurd"
"nitraat","1270","NO3","1989-12-07","0.88","mg/l",,,,"goedgekeurd"
"sulfaat","1508","SO4","1989-12-07","1097.0","mg/l",,,,"goedgekeurd"
"ammonium","289","NH4","1989-12-07","25.16","mg/l",,,,"goedgekeurd"
"mangaan","1128","Mn","1989-12-07","150.0","ug/l",,,,"goedgekeurd"
"ijzer","879","Fe","1989-12-07","2350.0","ug/l",,,,"onbeslist"
"magnesium","1125","Mg","1989-12-07","940.0","mg/l",,,,"goedgekeurd"
"calcium","447","Ca","1989-12-07","547.0","mg/l",,,,"goedgekeurd"
"kalium","920","K","1989-12-07","232.0","mg/l",,,,"goedgekeurd"
"natrium","1262","Na","1989-12-07","7650.0","mg/l",,,,"goedgekeurd"
"Zuurgraad","1398","pH","1989-12-07","6.97","1",,,,"goedgekeurd"
"Geleidendheid","3548","GELDHD","1989-12-07","1319.0","mS/m",,,,"onbeslist"
"waterstofcarbonaat","374","HCO3","1989-12-07","1306.0","mg/l",,,,"goedgekeurd"
,,,,,,,,,
