"BRO-ID","kwaliteitsregime","in registratie sinds","tijdstip veldonderzoek","pomptype","buis",,,,
"GAR000000052875","IMBRO/A","2025-04-10T14:16:03+02:00","2001-01-17T11:00:00+01:00","onbekend","1",,,,
,,,,,,,,,
"parameter","sikb-id","aquo-code","analysemeetwaarde","eenheid meetwaarde","status kwaliteitscontrole",,,,
"Temperatuur","1522","T","5.5","Cel","onbeslist",,,,
,,,,,,,,,
"parameter","sikb-id","aquo-code","analysedatum","analysemeetwaarde","eenheid meerwaarde","rapportagegrens","eenheid rapportagegres","limietsymbool","status kwaliteitscontrole"
"fosfor totaal","4188","Ptot","2001-01-17","0.2","mg/l",,,,"goedgekeurd"
"fosfaat","1334","PO4","2001-01-17","0.01","mg/l",,,"<","goedgekeurd"
"Geleidendheid","3548","GELDHD","2001-01-17","140.0","mS/m",,,,"goedgekeurd"
"stikstof Kjeldahl","4064","NKj","2001-01-17","2.8","mg/l",,,,"goedgekeurd"
"aluminium","284","Al","2001-01-17","5.0","ug/l",,,"<","goedgekeurd"
"arseen","310","As","2001-01-17","11.0","ug/l",,,,"goedgekeurd"
"cadmium","441","Cd","2001-01-17","0.4","ug/l",,,"<","goedgekeurd"
"chroom","517","Cr","2001-01-17","2.5","ug/l",,,"<","goedgekeurd"
"koper","971","Cu","2001-01-17","2.5","ug/l",,,"<","goedgekeurd"
"nikkel","1267","Ni","2001-01-17","5.0","ug/l",,,"<","goedgekeurd"
"waterstofcarbonaat","374","HCO3","2001-01-17","660.0","mg/l",,,,"goedgekeurd"
"zink","1693","Zn","2001-01-17","10.0","ug/l",,,"<","goedgekeurd"
"sulfaat","1508","SO4","2001-01-17","130.0","mg/l",,,,"goedgekeurd"
"lood","1116","Pb","2001-01-17","5.0","ug/l",,,"<","goedgekeurd"
"Zuurgraad","1398","pH","2001-01-17","7.3","1",,,,"goedgekeurd"
"nitraat","1270","NO3","2001-01-17","0.5","mg/l",,,"<","goedgekeurd"
"natrium","1262","Na","2001-01-17","35.0","mg/l",,,,"goedgekeurd"
"kalium","920","K","2001-01-17","4.1","mg/l",,,,"goedgekeurd"
"calcium","447","Ca","2001-01-17","240.0","mg/l",,,,"goedgekeurd"
"magnesium","1125","Mg","2001-01-17","28.0","mg/l",,,,"goedgekeurd"
"ijzer","879","Fe","2001-01-17","7300.0","ug/l",,,,"goedgekeurd"
"mangaan","1128","Mn","2001-01-17","410.0","ug/l",,,,"goedgekeurd"
"ammonium","289","NH4","2001-01-17","0.36","mg/l",,,,"goedgekeurd"
"chloride","508","Cl","2001-01-17","78.0","mg/l",,,,"goedgekeurd"
,,,,,,,,,
