"BRO-ID","kwaliteitsregime","in registratie sinds","tijdstip veldonderzoek","pomptype","buis",,,,
"GAR000000052837","IMBRO/A","2025-04-10T14:12:54+02:00","1997-12-01T11:00:00+01:00","onbekend","3",,,,
,,,,,,,,,
"parameter","sikb-id","aquo-code","analysemeetwaarde","eenheid meetwaarde","status kwaliteitscontrole",,,,
"Temperatuur","1522","T","10.6","Cel","goedgekeurd",,,,
,,,,,,,,,
"parameter","sikb-id","aquo-code","analysedatum","analysemeetwaarde","eenheid meerwaarde","rapportagegrens","eenheid rapportagegres","limietsymbool","status kwaliteitscontrole"
"fosfor totaal","4188","Ptot","1997-12-01","1.5","mg/l",,,,"goedgekeurd"
"Geleidendheid","3548","GELDHD","1997-12-01","164.5","mS/m",,,,"goedgekeurd"
"fosfaat","1334","PO4","1997-12-01","1.88","mg/l",,,,"goedgekeurd"
"aluminium","284","Al","1997-12-01","11.0","ug/l",,,,"goedgekeurd"
"sulfaat","1508","SO4","1997-12-01","27.4","mg/l",,,,"goedgekeurd"
"ammonium","289","NH4","1997-12-01","4.53","mg/l",,,,"goedgekeurd"
"mangaan","1128","Mn","1997-12-01","46.0","ug/l",,,,"goedgekeurd"
"magnesium","1125","Mg","1997-12-01","41.61","mg/l",,,,"goedgekeurd"
"natrium","1262","Na","1997-12-01","224.4","mg/l",,,,"goedgekeurd"
"Zuurgraad","1398","pH","1997-12-01","7.7","1",,,,"goedgekeurd"
"calcium","447","Ca","1997-12-01","63.5","mg/l",,,,"goedgekeurd"
"kalium","920","K","1997-12-01","39.69","mg/l",,,,"goedgekeurd"
"cadmium","441","Cd","1997-12-01","0.5","ug/l",,,"<","goedgekeurd"
"ijzer","879","Fe","1997-12-01","250.0","ug/l",,,,"goedgekeurd"
"chloride","508","Cl","1997-12-01","175.0","mg/l",,,,"goedgekeurd"
"waterstofcarbonaat","374","HCO3","1997-12-01","820.0","mg/l",,,,"goedgekeurd"
"arseen","310","As","1997-12-01","5.0","ug/l",,,"<","goedgekeurd"
"chroom","517","Cr","1997-12-01","2.5","ug/l",,,"<","goedgekeurd"
"koper","971","Cu","1997-12-01","2.5","ug/l",,,"<","goedgekeurd"
"nikkel","1267","Ni","1997-12-01","5.0","ug/l",,,"<","goedgekeurd"
"lood","1116","Pb","1997-12-01","5.0","ug/l",,,"<","goedgekeurd"
"zink","1693","Zn","1997-12-01","5.0","ug/l",,,"<","goedgekeurd"
"stikstof Kjeldahl","4064","NKj","1997-12-01","5.9","mg/l",,,,"goedgekeurd"
"nitraat","1270","NO3","1997-12-01","2.0","mg/l",,,"<","goedgekeurd"
,,,,,,,,,
