"BRO-ID","kwaliteitsregime","in registratie sinds","tijdstip veldonderzoek","pomptype","buis",,,,
"GAR000000053239","IMBRO/A","2025-04-10T14:48:56+02:00","1999-12-08T11:00:00+01:00","onbekend","1",,,,
,,,,,,,,,
"parameter","sikb-id","aquo-code","analysemeetwaarde","eenheid meetwaarde","status kwaliteitscontrole",,,,
"Temperatuur","1522","T","9.6","Cel","goedgekeurd",,,,
,,,,,,,,,
"parameter","sikb-id","aquo-code","analysedatum","analysemeetwaarde","eenheid meerwaarde","rapportagegrens","eenheid rapportagegres","limietsymbool","status kwaliteitscontrole"
"fosfor totaal","4188","Ptot","1999-12-08","0.65","mg/l",,,,"goedgekeurd"
"fosfaat","1334","PO4","1999-12-08","0.03","mg/l",,,"<","goedgekeurd"
"Geleidendheid","3548","GELDHD","1999-12-08","110.0","mS/m",,,,"goedgekeurd"
"mangaan","1128","Mn","1999-12-08","280.0","ug/l",,,,"goedgekeurd"
"nitraat","1270","NO3","1999-12-08","0.21","mg/l",,,,"goedgekeurd"
"Zuurgraad","1398","pH","1999-12-08","7.1","1",,,,"goedgekeurd"
"natrium","1262","Na","1999-12-08","29.0","mg/l",,,,"goedgekeurd"
"kalium","920","K","1999-12-08","4.2","mg/l",,,,"goedgekeurd"
"calcium","447","Ca","1999-12-08","189.0","mg/l",,,,"goedgekeurd"
"magnesium","1125","Mg","1999-12-08","22.0","mg/l",,,,"goedgekeurd"
"ijzer","879","Fe","1999-12-08","5200.0","ug/l",,,,"goedgekeurd"
"ammonium","289","NH4","1999-12-08","0.25","mg/l",,,,"goedgekeurd"
"sulfaat","1508","SO4","1999-12-08","31.0","mg/l",,,,"goedgekeurd"
"chloride","508","Cl","1999-12-08","32.0","mg/l",,,,"goedgekeurd"
"aluminium","284","Al","1999-12-08","25.0","ug/l",,,"<","goedgekeurd"
"waterstofcarbonaat","374","HCO3","1999-12-08","600.0","mg/l",,,,"goedgekeurd"
"arseen","310","As","1999-12-08","17.0","ug/l",,,,"goedgekeurd"
"cadmium","441","Cd","1999-12-08","0.4","ug/l",,,"<","goedgekeurd"
"chroom","517","Cr","1999-12-08","2.5","ug/l",,,"<","goedgekeurd"
"koper","971","Cu","1999-12-08","2.5","ug/l",,,"<","goedgekeurd"
"nikkel","1267","Ni","1999-12-08","5.0","ug/l",,,"<","goedgekeurd"
"lood","1116","Pb","1999-12-08","5.0","ug/l",,,"<","goedgekeurd"
"zink","1693","Zn","1999-12-08","5.0","ug/l",,,"<","goedgekeurd"
"stikstof Kjeldahl","4064","NKj","1999-12-08","0.5","mg/l",,,"<","goedgekeurd"
,,,,,,,,,
