"BRO-ID","kwaliteitsregime","in registratie sinds","tijdstip veldonderzoek","pomptype","buis",,,,
"GAR000000052785","IMBRO/A","2025-04-10T14:08:33+02:00","1996-01-02T11:00:00+01:00","onbekend","2",,,,
,,,,,,,,,
"parameter","sikb-id","aquo-code","analysemeetwaarde","eenheid meetwaarde","status kwaliteitscontrole",,,,
"Temperatuur","1522","T","9.0","Cel","goedgekeurd",,,,
,,,,,,,,,
"parameter","sikb-id","aquo-code","analysedatum","analysemeetwaarde","eenheid meerwaarde","rapportagegrens","eenheid rapportagegres","limietsymbool","status kwaliteitscontrole"
"fosfor totaal","4188","Ptot","1996-01-02","0.77","mg/l",,,,"goedgekeurd"
"fosfaat","1334","PO4","1996-01-02","0.68","mg/l",,,,"goedgekeurd"
"Geleidendheid","3548","GELDHD","1996-01-02","121.0","mS/m",,,,"goedgekeurd"
"stikstof Kjeldahl","4064","NKj","1996-01-02","1.0","mg/l",,,,"goedgekeurd"
"ijzer","879","Fe","1996-01-02","800.0","ug/l",,,,"goedgekeurd"
"zink","1693","Zn","1996-01-02","7.5","ug/l",,,"<","goedgekeurd"
"lood","1116","Pb","1996-01-02","5.0","ug/l",,,"<","goedgekeurd"
"nikkel","1267","Ni","1996-01-02","5.0","ug/l",,,"<","goedgekeurd"
"koper","971","Cu","1996-01-02","5.0","ug/l",,,"<","goedgekeurd"
"chroom","517","Cr","1996-01-02","5.0","ug/l",,,"<","goedgekeurd"
"cadmium","441","Cd","1996-01-02","0.5","ug/l",,,"<","goedgekeurd"
"arseen","310","As","1996-01-02","25.0","ug/l",,,,"onbeslist"
"aluminium","284","Al","1996-01-02","5.0","ug/l",,,"<","goedgekeurd"
"nitraat","1270","NO3","1996-01-02","2.0","mg/l",,,"<","goedgekeurd"
"waterstofcarbonaat","374","HCO3","1996-01-02","770.0","mg/l",,,,"goedgekeurd"
"chloride","508","Cl","1996-01-02","45.0","mg/l",,,,"goedgekeurd"
"mangaan","1128","Mn","1996-01-02","100.0","ug/l",,,,"goedgekeurd"
"magnesium","1125","Mg","1996-01-02","28.0","mg/l",,,,"goedgekeurd"
"calcium","447","Ca","1996-01-02","92.0","mg/l",,,,"goedgekeurd"
"kalium","920","K","1996-01-02","34.0","mg/l",,,,"goedgekeurd"
"natrium","1262","Na","1996-01-02","159.0","mg/l",,,,"goedgekeurd"
"Zuurgraad","1398","pH","1996-01-02","7.0","1",,,,"goedgekeurd"
"sulfaat","1508","SO4","1996-01-02","38.42","mg/l",,,,"goedgekeurd"
"ammonium","289","NH4","1996-01-02","0.41","mg/l",,,,"goedgekeurd"
,,,,,,,,,
