"BRO-ID","kwaliteitsregime","in registratie sinds","tijdstip veldonderzoek","pomptype","buis",,,,
"GAR000000052956","IMBRO/A","2025-04-10T14:23:03+02:00","2016-01-12T11:00:00+01:00","onbekend","1",,,,
,,,,,,,,,
"parameter","sikb-id","aquo-code","analysemeetwaarde","eenheid meetwaarde","status kwaliteitscontrole",,,,
"Troebelheid","2031","TROEBHD","7.98","[NTU]","goedgekeurd",,,,
"Temperatuur","1522","T","10.7","Cel","goedgekeurd",,,,
"Geleidendheid","3548","GELDHD","91.0","mS/m","goedgekeurd",,,,
"Zuurgraad","1398","pH","7.2","1","goedgekeurd",,,,
"zuurstof","1701","O2","0.01","mg/l","goedgekeurd",,,,
,,,,,,,,,
"parameter","sikb-id","aquo-code","analysedatum","analysemeetwaarde","eenheid meerwaarde","rapportagegrens","eenheid rapportagegres","limietsymbool","status kwaliteitscontrole"
"ethylpirimifos","1407","C2yprmfs","2016-01-12","0.05","ug/l",,,"<","goedgekeurd"
"ronidazol","4574","rondzl","2016-01-12","1.0","ug/l",,,"<","goedgekeurd"
"pentachloornitrobenzeen (quintozeen)","1455","PeClNO2Ben","2016-01-12","0.01","ug/l",,,"<","goedgekeurd"
"quinmerac","4543","quinmrc","2016-01-12","0.03","ug/l",,,"<","goedgekeurd"
"quetiapine","4539","quetpne","2016-01-12","1.0","ug/l",,,"<","goedgekeurd"
"pyrazofos","1444","pyrazfs","2016-01-12","0.01","ug/l",,,"<","goedgekeurd"
"pyraclostrobin","4524","pyrcsbn","2016-01-12","0.01","ug/l",,,"<","goedgekeurd"
"prothioconazol-desthio","5252","protocnzdto","2016-01-12","0.02","ug/l",,,"<","goedgekeurd"
"propranolol","2491","propnll","2016-01-12","1.0","ug/l",,,"<","goedgekeurd"
"prometryne","1421","promtne","2016-01-12","0.01","ug/l",,,"<","goedgekeurd"
"progesteron","2490","progtrn","2016-01-12","1.0","ug/l",,,"<","goedgekeurd"
"nafcilline","2473","nafclne","2016-01-12","1.0","ug/l",,,"<","goedgekeurd"
"pentoxifylline","2488","poxflne","2016-01-12","0.01","ug/l",,,"<","goedgekeurd"
"sebutylazine","1473","seC4yazne","2016-01-12","0.02","ug/l",,,"<","goedgekeurd"
"pipamperon","4461","pipprn","2016-01-12","1.0","ug/l",,,"<","goedgekeurd"
"pentachloorfenol","1390","PeClFol","2016-01-12","0.02","ug/l",,,"<","goedgekeurd"
"pentachloorbenzeen","1387","PeClBen","2016-01-12","0.01","ug/l",,,"<","goedgekeurd"
"paracetamol","4347","parctml","2016-01-12","0.01","ug/l",,,"<","goedgekeurd"
"paraoxon-methyl","4350","paroonC1y","2016-01-12","0.03","ug/l",,,"<","goedgekeurd"
"paraoxon-ethyl","4351","paroonC2y","2016-01-12","0.03","ug/l",,,"<","goedgekeurd"
"oxazepam","4337","oxzpm","2016-01-12","1.0","ug/l",,,"<","goedgekeurd"
"VERVALLEN; oxytetracycline >> gebruik voortaan ID 7238","4336","OxT4ccne","2016-01-12","0.2","ug/l",,,"<","goedgekeurd"
"oleandomycin","5257","oladmcn","2016-01-12","1.0","ug/l",,,"<","goedgekeurd"
"oxacilline","2498","Oaclne","2016-01-12","1.0","ug/l",,,"<","goedgekeurd"
"naproxen","2474","napxn","2016-01-12","0.02","ug/l",,,"<","goedgekeurd"
"primidon","2489","primdn","2016-01-12","0.01","ug/l",,,"<","goedgekeurd"
"triclocarban","5189","Tccbn","2016-01-12","1.0","ug/l",,,"<","goedgekeurd"
"dieldrin","633","dieldn","2016-01-12","0.01","ug/l",,,"<","goedgekeurd"
"valium","4913","valum","2016-01-12","1.0","ug/l",,,"<","goedgekeurd"
"tylosine","4902","tylsne","2016-01-12","1.0","ug/l",,,"<","goedgekeurd"
"trifluraline","1612","Tfrlne","2016-01-12","0.01","ug/l",,,"<","goedgekeurd"
"triadimefon","1586","Tadmfn","2016-01-12","0.01","ug/l",,,"<","goedgekeurd"
"trans-chloordaan","1580","tCldn","2016-01-12","0.01","ug/l",,,"<","goedgekeurd"
"tramadol","4891","tramdl","2016-01-12","1.0","ug/l",,,"<","goedgekeurd"
"tolfenaminezuur","2476","tolfAezr","2016-01-12","1.0","ug/l",,,"<","goedgekeurd"
"trimethoprim","2496","Tmtpm","2016-01-12","1.0","ug/l",,,"<","goedgekeurd"
"tiamuline","2495","tiamlne","2016-01-12","1.0","ug/l",,,"<","goedgekeurd"
"thiamethoxam","4864","thiamtxm","2016-01-12","0.02","ug/l",,,"<","goedgekeurd"
"warfarin","4923","warfrn","2016-01-12","1.0","ug/l",,,"<","goedgekeurd"
"tefluthrin","4825","teftn","2016-01-12","0.01","ug/l",,,"<","goedgekeurd"
"salbutamol","4589","salbtml","2016-01-12","1.0","ug/l",,,"<","goedgekeurd"
"tamoxifen","4775","tamxfn","2016-01-12","1.0","ug/l",,,"<","goedgekeurd"
"sulfaquinoxaline","4743","sulfqoxlne","2016-01-12","1.0","ug/l",,,"<","goedgekeurd"
"sulfapyridine","4742","sulfprdne","2016-01-12","0.03","ug/l",,,"<","goedgekeurd"
"sulfamethoxazol","2475","sulfmtoazl","2016-01-12","0.01","ug/l",,,"<","goedgekeurd"
"sulfamerazin","4740","sulfmrzn","2016-01-12","0.01","ug/l",,,"<","goedgekeurd"
"sulfadimethoxine","4738","sulfdmtoxne","2016-01-12","1.0","ug/l",,,"<","goedgekeurd"
"sulfadimidine","2494","sulfdmdne","2016-01-12","0.01","ug/l",,,"<","goedgekeurd"
"sulfadiazine","4737","sulfdazne","2016-01-12","1.0","ug/l",,,"<","goedgekeurd"
"sulfachloorpyridazine","4736","sulfClprdzne","2016-01-12","1.0","ug/l",,,"<","goedgekeurd"
"sotalol","4675","sotll","2016-01-12","0.1","ug/l",,,"<","goedgekeurd"
"roxitromycine","2492","roxtmcne","2016-01-12","1.0","ug/l",,,"<","goedgekeurd"
"terbutaline","4835","terbtlne","2016-01-12","1.0","ug/l",,,"<","goedgekeurd"
"fenofibraat","2482","fenfbt","2016-01-12","0.01","ug/l",,,"<","goedgekeurd"
"glufosinaat","3877","glufsnt","2016-01-12","0.05","ug/l",,,"<","goedgekeurd"
"gemfibrozil","2469","gemfbzl","2016-01-12","0.01","ug/l",,,"<","goedgekeurd"
"gabapentine","3857","gabptne","2016-01-12","1.0","ug/l",,,"<","goedgekeurd"
"furazolidon","3855","furzldn","2016-01-12","1.0","ug/l",,,"<","goedgekeurd"
"furosemide","3854","fursmde","2016-01-12","1.0","ug/l",,,"<","goedgekeurd"
"fluoxetine","3819","fluoxtne","2016-01-12","1.0","ug/l",,,"<","goedgekeurd"
"fluopyram","5245","fluoprm","2016-01-12","0.01","ug/l",,,"<","goedgekeurd"
"fludioxonil","3808","fludoxnl","2016-01-12","0.01","ug/l",,,"<","goedgekeurd"
"florfenicol","3794","florfncl","2016-01-12","1.0","ug/l",,,"<","goedgekeurd"
"dimethachloor","3652","DmtCl","2016-01-12","0.02","ug/l",,,"<","goedgekeurd"
"fenazon (antipyrine)","2481","fenzn","2016-01-12","0.01","ug/l",,,"<","goedgekeurd"
"hydrochloorthiazide","3928","HCltazde","2016-01-12","1.0","ug/l",,,"<","goedgekeurd"
"fenoxycarb","3768","fenOxcb","2016-01-12","0.01","ug/l",,,"<","goedgekeurd"
"florasulam","3829","flurslm","2016-01-12","0.01","ug/l",,,"<","goedgekeurd"
"ethinylestradiol","2294","etnetDol","2016-01-12","0.001","ug/l",,,"<","goedgekeurd"
"ethion","719","eton","2016-01-12","0.03","ug/l",,,"<","goedgekeurd"
"ethidimuron","3727","etdmrn","2016-01-12","0.02","ug/l",,,"<","goedgekeurd"
"erytromycine","2480","ertmcne","2016-01-12","1.0","ug/l",,,"<","goedgekeurd"
"ethyleendiaminetetraethaanzuur (EDTA)","730","EDTA","2016-01-12","0.05","ug/l",,,"<","goedgekeurd"
"dipyridamol","3675","Dpyrdml","2016-01-12","1.0","ug/l",,,"<","goedgekeurd"
"dimetridazol","3653","DmTdzl","2016-01-12","1.0","ug/l",,,"<","goedgekeurd"
"dinoseb","671","Dnsb","2016-01-12","0.01","ug/l",,,"<","goedgekeurd"
"metoprolol","2485","metpll","2016-01-12","0.01","ug/l",,,"<","goedgekeurd"
"salicylzuur","4590","salczr","2016-01-12","1.0","ug/l",,,"<","goedgekeurd"
"dimefuron","651","Dmfrn","2016-01-12","0.03","ug/l",,,"<","goedgekeurd"
"fenoprofen","2468","fenpfn","2016-01-12","1.0","ug/l",,,"<","goedgekeurd"
"methoxychloor","1159","C1oxCl","2016-01-12","0.01","ug/l",,,"<","goedgekeurd"
"metronidazol","4160","metndzl","2016-01-12","1.0","ug/l",,,"<","goedgekeurd"
"fenoterol","2483","fentrl","2016-01-12","1.0","ug/l",,,"<","goedgekeurd"
"methoxyfenozide","3318","C1oxfnzde","2016-01-12","0.01","ug/l",,,"<","goedgekeurd"
"heptachloor","853","HpCl","2016-01-12","0.01","ug/l",,,"<","goedgekeurd"
"methidathion","1155","metdton","2016-01-12","0.01","ug/l",,,"<","goedgekeurd"
"metformine","4157","metfmne","2016-01-12","0.5","ug/l",,,"<","goedgekeurd"
"metaflumizon","5254","mfmzn","2016-01-12","0.02","ug/l",,,"<","goedgekeurd"
"mebendazol","4133","mebdzl","2016-01-12","1.0","ug/l",,,"<","goedgekeurd"
"lincomycine","2484","lincmcne","2016-01-12","1.0","ug/l",,,"<","goedgekeurd"
"lidocaïne","4093","lidcine","2016-01-12","0.01","ug/l",,,"<","goedgekeurd"
"levetiracetam","4088","levtrctm","2016-01-12","1.0","ug/l",,,"<","goedgekeurd"
"lenacil","1898","lencl","2016-01-12","0.01","ug/l",,,"<","goedgekeurd"
"ketoprofen","2472","ketpfn","2016-01-12","1.0","ug/l",,,"<","goedgekeurd"
"joxitalaminezuur","4047","joxtlmnzr","2016-01-12","0.01","ug/l",,,"<","goedgekeurd"
"ibuprofen","2470","ibpfn","2016-01-12","0.02","ug/l",,,"<","goedgekeurd"
"jotalaminezuur","4045","jotlmnzr","2016-01-12","0.01","ug/l",,,"<","goedgekeurd"
"hexazinon","871","Hxznn","2016-01-12","0.03","ug/l",,,"<","goedgekeurd"
"ifosfamide","3984","iffAd","2016-01-12","1.0","ug/l",,,"<","goedgekeurd"
"imidacloprid","2306","imdcpd","2016-01-12","0.03","ug/l",,,"<","goedgekeurd"
"indometacine","2471","indmtcne","2016-01-12","1.0","ug/l",,,"<","goedgekeurd"
"irbesartan","4023","irbstan","2016-01-12","1.0","ug/l",,,"<","goedgekeurd"
"johexol","4040","johxl","2016-01-12","0.01","ug/l",,,"<","goedgekeurd"
"jomeprol","4041","jompl","2016-01-12","0.01","ug/l",,,"<","goedgekeurd"
"jopromide","4042","jopmde","2016-01-12","0.01","ug/l",,,"<","goedgekeurd"
"jopamidol","4043","jopmdl","2016-01-12","0.01","ug/l",,,"<","goedgekeurd"
"isodrin","907","idn","2016-01-12","0.01","ug/l",,,"<","goedgekeurd"
"Temperatuur","1522","T","2016-01-12","17.6","Cel",,,,"goedgekeurd"
"Zuurgraad","1398","pH","2016-01-12","7.0","1",,,,"goedgekeurd"
"Geleidendheid","3548","GELDHD","2016-01-12","103.7","mS/m",,,,"goedgekeurd"
"natrium","1262","Na","2016-01-12","16.0","mg/l",,,,"goedgekeurd"
"kalium","920","K","2016-01-12","3.0","mg/l",,,,"goedgekeurd"
"calcium","447","Ca","2016-01-12","200.0","mg/l",,,,"goedgekeurd"
"magnesium","1125","Mg","2016-01-12","22.0","mg/l",,,,"goedgekeurd"
"sulfaat","1508","SO4","2016-01-12","14.0","mg/l",,,,"goedgekeurd"
"mangaan","1128","Mn","2016-01-12","310.0","ug/l",,,,"goedgekeurd"
"ammonium","289","NH4","2016-01-12","0.44","mg/l",,,,"goedgekeurd"
"chloride","508","Cl","2016-01-12","27.0","mg/l",,,,"goedgekeurd"
"ijzer","879","Fe","2016-01-12","5300.0","ug/l",,,,"goedgekeurd"
"lithium","1115","Li","2016-01-12","50.0","ug/l",,,"<","goedgekeurd"
"waterstofcarbonaat","374","HCO3","2016-01-12","640.0","mg/l",,,,"goedgekeurd"
"vanadium","1642","V","2016-01-12","2.0","ug/l",,,"<","goedgekeurd"
"koper","971","Cu","2016-01-12","0.5","ug/l",,,"<","goedgekeurd"
"seleen","1476","Se","2016-01-12","50.0","ug/l",,,"<","goedgekeurd"
"tin","1564","Sn","2016-01-12","50.0","ug/l",,,"<","goedgekeurd"
"strontium","1501","Sr","2016-01-12","660.0","ug/l",,,,"goedgekeurd"
"tellurium","1520","Te","2016-01-12","50.0","ug/l",,,"<","goedgekeurd"
"thorium","1563","Th","2016-01-12","50.0","ug/l",,,"<","goedgekeurd"
"titaan","1565","Ti","2016-01-12","50.0","ug/l",,,"<","goedgekeurd"
"rubidium","1987","Rb","2016-01-12","50.0","ug/l",,,"<","goedgekeurd"
"uranium","1637","U","2016-01-12","50.0","ug/l",,,"<","goedgekeurd"
"lood","1116","Pb","2016-01-12","1.0","ug/l",,,"<","goedgekeurd"
"wolfraam","1685","W","2016-01-12","50.0","ug/l",,,"<","goedgekeurd"
"zink","1693","Zn","2016-01-12","5.0","ug/l",,,"<","goedgekeurd"
"zirkonium","1695","Zr","2016-01-12","50.0","ug/l",,,"<","goedgekeurd"
"2,4,5-trichloorfenoxyazijnzuur","102","245T","2016-01-12","0.02","ug/l",,,"<","goedgekeurd"
"2,4-dichloorfenoxyazijnzuur","116","24D","2016-01-12","0.02","ug/l",,,"<","goedgekeurd"
"2,4-dinitrofenol","669","24DNO2Fol","2016-01-12","0.1","ug/l",,,"<","goedgekeurd"
"2,4-dichloorfenoxypropionzuur","140","24DP","2016-01-12","0.01","ug/l",,,"<","goedgekeurd"
"2,6-dichloorbenzamide","135","26DClBenAd","2016-01-12","0.03","ug/l",,,"<","goedgekeurd"
"thallium","1553","Tl","2016-01-12","50.0","ug/l",,,"<","goedgekeurd"
"bromide","391","Br","2016-01-12","0.22","mg/l",,,,"goedgekeurd"
"nitriet","1273","NO2","2016-01-12","0.03","mg/l",,,"<","goedgekeurd"
"fosfaat","1334","PO4","2016-01-12","0.46","mg/l",,,"<","goedgekeurd"
"fluoride","1853","F","2016-01-12","0.28","mg/l",,,,"goedgekeurd"
"zilver","1692","Ag","2016-01-12","50.0","ug/l",,,"<","goedgekeurd"
"aluminium","284","Al","2016-01-12","10.0","ug/l",,,"<","goedgekeurd"
"arseen","310","As","2016-01-12","1.0","ug/l",,,"<","goedgekeurd"
"boor","386","B","2016-01-12","110.0","ug/l",,,,"goedgekeurd"
"antimoon","301","Sb","2016-01-12","50.0","ug/l",,,"<","goedgekeurd"
"beryllium","362","Be","2016-01-12","50.0","ug/l",,,"<","goedgekeurd"
"nitraat","1270","NO3","2016-01-12","0.22","mg/l",,,"<","goedgekeurd"
"cadmium","441","Cd","2016-01-12","0.1","ug/l",,,"<","goedgekeurd"
"kobalt","527","Co","2016-01-12","50.0","ug/l",,,"<","goedgekeurd"
"cesium","468","Cs","2016-01-12","0.5","ug/l",,,"<","goedgekeurd"
"kwik","1097","Hg","2016-01-12","0.03","ug/l",,,"<","goedgekeurd"
"molybdeen","1243","Mo","2016-01-12","50.0","ug/l",,,"<","goedgekeurd"
"nikkel","1267","Ni","2016-01-12","1.0","ug/l",,,"<","goedgekeurd"
"barium","333","Ba","2016-01-12","48.0","ug/l",,,,"goedgekeurd"
"carbetamide","3384","carbtAd","2016-01-12","0.03","ug/l",,,"<","goedgekeurd"
"aminomethylfosfonzuur","292","AMPA","2016-01-12","0.01","ug/l",,,"<","goedgekeurd"
"4-chloorfenoxyazijnzuur","2412","4CPA","2016-01-12","0.03","ug/l",,,"<","goedgekeurd"
"dicamba","602","Dcba","2016-01-12","0.02","ug/l",,,"<","goedgekeurd"
"2-hydroxyatrazine","2999","2HOxatzne","2016-01-12","0.02","ug/l",,,"<","goedgekeurd"
"2-nitrofenol","170","2NO2Fol","2016-01-12","0.5","ug/l",,,"<","goedgekeurd"
"3,4,5-trichloorfenol","177","345TClFol","2016-01-12","0.02","ug/l",,,"<","goedgekeurd"
"landrin","4077","landn","2016-01-12","0.03","ug/l",,,"<","goedgekeurd"
"3,4-dichloorfenol","179","34DClFol","2016-01-12","0.05","ug/l",,,"<","goedgekeurd"
"3,5-dichloorfenol","186","35DClFol","2016-01-12","0.05","ug/l",,,"<","goedgekeurd"
"2,6-xylidine","2944","26xyldne","2016-01-12","0.05","ug/l",,,"<","goedgekeurd"
"4-chloorfenol","229","4ClFol","2016-01-12","0.05","ug/l",,,"<","goedgekeurd"
"2,6-dichloorfenol","136","26DClFol","2016-01-12","0.05","ug/l",,,"<","goedgekeurd"
"acetamiprid","3135","actmpd","2016-01-12","0.01","ug/l",,,"<","goedgekeurd"
"alachloor","264","alCl","2016-01-12","0.02","ug/l",,,"<","goedgekeurd"
"alfa-hexachloorcyclohexaan","271","aHCH","2016-01-12","0.04","ug/l",,,"<","goedgekeurd"
"amidotrizoïnezuur","3165","amdTzinzr","2016-01-12","0.01","ug/l",,,"<","goedgekeurd"
"ametoctradin","5242","amttdn","2016-01-12","0.01","ug/l",,,"<","goedgekeurd"
"ametryn","285","amtn","2016-01-12","0.03","ug/l",,,"<","goedgekeurd"
"aminocarb","3175","Aocb","2016-01-12","0.03","ug/l",,,"<","goedgekeurd"
"isopropylanthranilamide","3976","iC3yantnlAd","2016-01-12","0.03","ug/l",,,"<","goedgekeurd"
"3-chloorfenol","198","3ClFol","2016-01-12","0.05","ug/l",,,"<","goedgekeurd"
"2,3-dichloorfenol","94","23DClFol","2016-01-12","0.05","ug/l",,,"<","goedgekeurd"
"broompropylaat","400","Brpplt","2016-01-12","0.02","ug/l",,,"<","goedgekeurd"
"ethylbenzeen","728","C2yBen","2016-01-12","0.05","ug/l",,,"<","goedgekeurd"
"thiabendazol","4770","tabdzl","2016-01-12","0.03","ug/l",,,"<","goedgekeurd"
"1-(3,4-dichloorfenyl)ureum","2818","134DClFyurum","2016-01-12","0.03","ug/l",,,"<","goedgekeurd"
"1-(4-isopropylfenyl)ureum","4944","14iC3yFyurum","2016-01-12","0.02","ug/l",,,"<","goedgekeurd"
"17beta-estradiol","2314","17bestDol","2016-01-12","0.001","ug/l",,,"<","goedgekeurd"
"2,3,4-trichloorfenol","83","234TClFol","2016-01-12","0.02","ug/l",,,"<","goedgekeurd"
"2-chloorfenol","146","2ClFol","2016-01-12","0.05","ug/l",,,"<","goedgekeurd"
"2,3,6-trichloorfenol","89","236TClFol","2016-01-12","0.02","ug/l",,,"<","goedgekeurd"
"atenolol","3186","atnll","2016-01-12","0.1","ug/l",,,"<","goedgekeurd"
"2,4,5-trichloorfenol","101","245TClFol","2016-01-12","0.02","ug/l",,,"<","goedgekeurd"
"2,4,6-trichloorfenol","106","246TClFol","2016-01-12","0.02","ug/l",,,"<","goedgekeurd"
"2,4'-dichloordifenyldichloorethaan","111","24DDD","2016-01-12","0.01","ug/l",,,"<","goedgekeurd"
"2,4'-dichloordifenyldichlooretheen","112","24DDE","2016-01-12","0.01","ug/l",,,"<","goedgekeurd"
"2,4'-dichloordifenyltrichloorethaan","113","24DDT","2016-01-12","0.01","ug/l",,,"<","goedgekeurd"
"2,4-dichloorfenol","115","24DClFol","2016-01-12","0.05","ug/l",,,"<","goedgekeurd"
"2,4-dimethylfenol","124","24DC1yFol","2016-01-12","0.1","ug/l",,,"<","goedgekeurd"
"2,5-dichloorfenol","127","25DClFol","2016-01-12","0.05","ug/l",,,"<","goedgekeurd"
"2,3,5-trichloorfenol","86","235TClFol","2016-01-12","0.02","ug/l",,,"<","goedgekeurd"
"cyclofosfamide","2478","cycffAd","2016-01-12","1.0","ug/l",,,"<","goedgekeurd"
"chlooramfenicol","2497","Clafncl","2016-01-12","0.01","ug/l",,,"<","goedgekeurd"
"claritromycine","3448","clartmcne","2016-01-12","0.05","ug/l",,,"<","goedgekeurd"
"clindamycine","3463","clindmcne","2016-01-12","1.0","ug/l",,,"<","goedgekeurd"
"clofibrinezuur","2464","clofbnzr","2016-01-12","10.0","ug/l",,,"<","goedgekeurd"
"clothianidine","3472","clotandne","2016-01-12","0.01","ug/l",,,"<","goedgekeurd"
"cloxacilline","2465","cloxclne","2016-01-12","1.0","ug/l",,,"<","goedgekeurd"
"clozapine","3474","clozpne","2016-01-12","1.0","ug/l",,,"<","goedgekeurd"
"aminofenazon","2499","Aofnzn","2016-01-12","1.0","ug/l",,,"<","goedgekeurd"
"cyanazine","534","CNazne","2016-01-12","0.02","ug/l",,,"<","goedgekeurd"
"chlorantraniliprole","5175","chloratnlpl","2016-01-12","0.01","ug/l",,,"<","goedgekeurd"
"dapson","2479","dapsn","2016-01-12","1.0","ug/l",,,"<","goedgekeurd"
"diclofenac","2466","Dclofnc","2016-01-12","0.01","ug/l",,,"<","goedgekeurd"
"dicloxacilline","2467","Dcloxclne","2016-01-12","1.0","ug/l",,,"<","goedgekeurd"
"desethylsebutylazine","3612","desC2ysC4yat","2016-01-12","0.02","ug/l",,,"<","goedgekeurd"
"desisopropylatrazine","573","desiC3yatzne","2016-01-12","0.03","ug/l",,,"<","goedgekeurd"
"desmetryn","574","desmtn","2016-01-12","0.03","ug/l",,,"<","goedgekeurd"
"cortison","3504","cortsn","2016-01-12","1.0","ug/l",,,"<","goedgekeurd"
"bezafibraat","2463","bezafbt","2016-01-12","0.01","ug/l",,,"<","goedgekeurd"
"clopyralid","526","cloprld","2016-01-12","0.02","ug/l",,,"<","goedgekeurd"
"atraton","324","attn","2016-01-12","0.03","ug/l",,,"<","goedgekeurd"
"atorvastatine","3189","atvttne","2016-01-12","1.0","ug/l",,,"<","goedgekeurd"
"azamethifos","3195","azmtfs","2016-01-12","0.03","ug/l",,,"<","goedgekeurd"
"azitromycine","3198","aztmcne","2016-01-12","0.05","ug/l",,,"<","goedgekeurd"
"beflubutamide","3209","befbtAd","2016-01-12","0.03","ug/l",,,"<","goedgekeurd"
"benalaxyl","336","benlxl","2016-01-12","0.03","ug/l",,,"<","goedgekeurd"
"benzocaine","5255","benzcine","2016-01-12","1.0","ug/l",,,"<","goedgekeurd"
"cis-chloordaan","522","cCldn","2016-01-12","0.01","ug/l",,,"<","goedgekeurd"
"beta-hexachloorcyclohexaan","366","bHCH","2016-01-12","0.04","ug/l",,,"<","goedgekeurd"
"chloorbromuron","478","Clbmrn","2016-01-12","0.01","ug/l",,,"<","goedgekeurd"
"bisfenol-A","76","bisFolA","2016-01-12","0.005","ug/l",,,"<","goedgekeurd"
"bisoprolol","3266","bispll","2016-01-12","0.03","ug/l",,,"<","goedgekeurd"
"boscalid","3272","boscld","2016-01-12","0.03","ug/l",,,"<","goedgekeurd"
"caffeine","442","caffine","2016-01-12","0.3","ug/l",,,"<","goedgekeurd"
"carbadox","5256","carbdx","2016-01-12","1.0","ug/l",,,"<","goedgekeurd"
"carbamazepine","3380","carbmzpne","2016-01-12","0.01","ug/l",,,"<","goedgekeurd"
"cefuroxim","3398","cefrxm","2016-01-12","4.0","ug/l",,,"<","goedgekeurd"
"aramit","5253","armt","2016-01-12","0.03","ug/l",,,"<","goedgekeurd"
"beta-endosulfan","365","bedsfn","2016-01-12","0.01","ug/l",,,"<","goedgekeurd"
"difenoconazool","3627","Dfncnzl","2016-01-12","0.01","ug/l",,,"<","goedgekeurd"
"dikegulac-natrium","5563","dikglNa","2016-01-12","0.05","ug/l",,,"<","goedgekeurd"
"chloortoluron","503","Cltlrn","2016-01-12","0.01","ug/l",,,"<","goedgekeurd"
"cyprodinil","3538","cypdnl","2016-01-12","0.01","ug/l",,,"<","goedgekeurd"
"dichlobenil","603","Dcbnl","2016-01-12","0.03","ug/l",,,"<","goedgekeurd"
"dichlofluanide","605","Dcfande","2016-01-12","0.03","ug/l",,,"<","goedgekeurd"
"diethyltoluamide","2308","DEET","2016-01-12","0.03","ug/l",,,"<","goedgekeurd"
"desethylatrazine","571","desC2yatzne","2016-01-12","0.01","ug/l",,,"<","goedgekeurd"
"chloorprofam","492","Clpfm","2016-01-12","0.01","ug/l",,,"<","goedgekeurd"
"diflufenican","3624","Dffncn","2016-01-12","0.03","ug/l",,,"<","goedgekeurd"
"chloridazon","507","Clidzn","2016-01-12","0.01","ug/l",,,"<","goedgekeurd"
"4-dimethylaminosulfotoluidide","3650","DMST","2016-01-12","0.01","ug/l",,,"<","goedgekeurd"
"dimethenamide","3651","DmtAd","2016-01-12","0.01","ug/l",,,"<","goedgekeurd"
"dinoterb","672","Dntb","2016-01-12","0.01","ug/l",,,"<","goedgekeurd"
"diuron","683","Durn","2016-01-12","0.01","ug/l",,,"<","goedgekeurd"
"ethofumesaat","721","etfmst","2016-01-12","0.02","ug/l",,,"<","goedgekeurd"
"fenamifos","745","fenamfs","2016-01-12","0.03","ug/l",,,"<","goedgekeurd"
"fenitrothion","750","feNO2ton","2016-01-12","0.05","ug/l",,,"<","goedgekeurd"
"fenuron","2451","fenrn","2016-01-12","0.01","ug/l",,,"<","goedgekeurd"
"diflubenzuron","648","Dfbzrn","2016-01-12","0.03","ug/l",,,"<","goedgekeurd"
"bifenthrin","376","biftn","2016-01-12","0.03","ug/l",,,"<","goedgekeurd"
"mecoprop","73","MCPP","2016-01-12","0.01","ug/l",,,"<","goedgekeurd"
"aclonifen","3127","acnfn","2016-01-12","0.03","ug/l",,,"<","goedgekeurd"
"dexamethason","3622","dexmtsn","2016-01-12","1.0","ug/l",,,"<","goedgekeurd"
"aldicarbsulfoxide","267","alDcSO","2016-01-12","0.03","ug/l",,,"<","goedgekeurd"
"antrachinon","300","antcnn","2016-01-12","0.05","ug/l",,,"<","goedgekeurd"
"atrazine","325","atzne","2016-01-12","0.01","ug/l",,,"<","goedgekeurd"
"azaconazool","3192","azacnzl","2016-01-12","0.03","ug/l",,,"<","goedgekeurd"
"ethylchloorpyrifos","494","C2yClprfs","2016-01-12","0.03","ug/l",,,"<","goedgekeurd"
"bentazon","340","bentzn","2016-01-12","0.01","ug/l",,,"<","goedgekeurd"
"hexachloorbenzeen","861","HCB","2016-01-12","0.04","ug/l",,,"<","goedgekeurd"
"bromacil","390","bromcl","2016-01-12","0.01","ug/l",,,"<","goedgekeurd"
"broomoxynil","394","BrOxnl","2016-01-12","0.02","ug/l",,,"<","goedgekeurd"
"butocarboximsulfoxide","409","butcbOxmSO","2016-01-12","0.03","ug/l",,,"<","goedgekeurd"
"carbendazim","460","carbdzm","2016-01-12","0.01","ug/l",,,"<","goedgekeurd"
"carbofuran","462","carbfrn","2016-01-12","0.03","ug/l",,,"<","goedgekeurd"
"carbaryl","458","carbrl","2016-01-12","0.03","ug/l",,,"<","goedgekeurd"
"gamma-hexachloorcyclohexaan (lindaan)","816","cHCH","2016-01-12","0.01","ug/l",,,"<","goedgekeurd"
"chloorfenvinfos","487","Clfvfs","2016-01-12","0.05","ug/l",,,"<","goedgekeurd"
"azoxystrobin","3196","azoxsbn","2016-01-12","0.01","ug/l",,,"<","goedgekeurd"
"tebuconazol","2298","tebcnzl","2016-01-12","0.01","ug/l",,,"<","goedgekeurd"
"methylpirimifos","1408","C1yprmfs","2016-01-12","0.02","ug/l",,,"<","goedgekeurd"
"procymidon","1417","procmdn","2016-01-12","0.03","ug/l",,,"<","goedgekeurd"
"profam","1418","profm","2016-01-12","0.02","ug/l",,,"<","goedgekeurd"
"prosulfocarb","2361","prosfcb","2016-01-12","0.03","ug/l",,,"<","goedgekeurd"
"pyrimethanil","2303","pyrmtnl","2016-01-12","0.01","ug/l",,,"<","goedgekeurd"
"rimsulfuron","4570","rimsfrn","2016-01-12","0.01","ug/l",,,"<","goedgekeurd"
"simazine","1480","simzne","2016-01-12","0.01","ug/l",,,"<","goedgekeurd"
"fenthion","760","fenton","2016-01-12","0.03","ug/l",,,"<","goedgekeurd"
"triclopyr","2450","Tcpr","2016-01-12","0.03","ug/l",,,"<","goedgekeurd"
"fipronil","3786","fipnl","2016-01-12","0.01","ug/l",,,"<","goedgekeurd"
"terbutylazine","1525","terC4yazne","2016-01-12","0.01","ug/l",,,"<","goedgekeurd"
"thiacloprid","4863","thiacpd","2016-01-12","0.01","ug/l",,,"<","goedgekeurd"
"tolclofos-methyl","1567","tolcfsC1y","2016-01-12","0.03","ug/l",,,"<","goedgekeurd"
"tolylfluanide","2235","tolfande","2016-01-12","0.02","ug/l",,,"<","goedgekeurd"
"vinclozolin","1652","vinczln","2016-01-12","0.02","ug/l",,,"<","goedgekeurd"
"1,1-dichloorethaan","8","11DClC2a","2016-01-12","0.5","ug/l",,,"<","goedgekeurd"
"alfa-endosulfan","269","aedsfn","2016-01-12","0.01","ug/l",,,"<","goedgekeurd"
"aldrin","268","aldn","2016-01-12","0.01","ug/l",,,"<","goedgekeurd"
"triadimenol","2297","Tadmnl","2016-01-12","0.01","ug/l",,,"<","goedgekeurd"
"metoxuron","1187","metxrn","2016-01-12","0.01","ug/l",,,"<","goedgekeurd"
"glyfosaat","840","glyfst","2016-01-12","0.01","ug/l",,,"<","goedgekeurd"
"isoproturon","913","iptrn","2016-01-12","0.01","ug/l",,,"<","goedgekeurd"
"kresoxim-methyl","4063","kresOxmC1y","2016-01-12","0.03","ug/l",,,"<","goedgekeurd"
"linuron","1114","linrn","2016-01-12","0.01","ug/l",,,"<","goedgekeurd"
"2-methyl-4-chloorfenoxyazijnzuur","225","MCPA","2016-01-12","0.02","ug/l",,,"<","goedgekeurd"
"2-methyl-4-chloorfenoxyboterzuur","226","MCPB","2016-01-12","0.02","ug/l",,,"<","goedgekeurd"
"metabenzthiazuron","1148","metbtazrn","2016-01-12","0.01","ug/l",,,"<","goedgekeurd"
"metribuzin","1188","metbzn","2016-01-12","0.03","ug/l",,,"<","goedgekeurd"
"pirimicarb","1406","pirmcb","2016-01-12","0.01","ug/l",,,"<","goedgekeurd"
"methiocarb","2307","metocb","2016-01-12","0.01","ug/l",,,"<","goedgekeurd"
"thiometon","1561","tomtn","2016-01-12","0.01","ug/l",,,"<","goedgekeurd"
"metazachloor","1152","mzCl","2016-01-12","0.01","ug/l",,,"<","goedgekeurd"
"mevinfos","1191","mevfs","2016-01-12","0.01","ug/l",,,"<","goedgekeurd"
"monolinuron","1253","Mlnrn","2016-01-12","0.01","ug/l",,,"<","goedgekeurd"
"metalaxyl","1149","mlxl","2016-01-12","0.01","ug/l",,,"<","goedgekeurd"
"monuron","1254","monrn","2016-01-12","0.01","ug/l",,,"<","goedgekeurd"
"nicosulfuron","4254","nicsfrn","2016-01-12","0.01","ug/l",,,"<","goedgekeurd"
"oxamyl","1343","Oaml","2016-01-12","0.03","ug/l",,,"<","goedgekeurd"
"flutolanil","2305","flutlnl","2016-01-12","0.01","ug/l",,,"<","goedgekeurd"
"metolachloor","1185","metlCl","2016-01-12","0.01","ug/l",,,"<","goedgekeurd"
"dicofol","629","Dcfl","2016-01-12","0.03","ug/l",,,"<","goedgekeurd"
,,,,,,,,,
