"BRO-ID","kwaliteitsregime","in registratie sinds","tijdstip veldonderzoek","pomptype","buis",,,,
"GAR000000053210","IMBRO/A","2025-04-10T14:46:05+02:00","2005-02-03T11:00:00+01:00","onbekend","1",,,,
,,,,,,,,,
"parameter","sikb-id","aquo-code","analysemeetwaarde","eenheid meetwaarde","status kwaliteitscontrole",,,,
"Temperatuur","1522","T","10.7","Cel","goedgekeurd",,,,
,,,,,,,,,
"parameter","sikb-id","aquo-code","analysedatum","analysemeetwaarde","eenheid meerwaarde","rapportagegrens","eenheid rapportagegres","limietsymbool","status kwaliteitscontrole"
"fosfor totaal","4188","Ptot","2005-02-03","0.41","mg/l",,,,"goedgekeurd"
"fosfaat","1334","PO4","2005-02-03","0.28","mg/l",,,,"goedgekeurd"
"Geleidendheid","3548","GELDHD","2005-02-03","120.0","mS/m",,,,"goedgekeurd"
"aluminium","284","Al","2005-02-03","70.0","ug/l",,,,"goedgekeurd"
"ijzer","879","Fe","2005-02-03","6330.0","ug/l",,,,"goedgekeurd"
"mangaan","1128","Mn","2005-02-03","220.0","ug/l",,,,"goedgekeurd"
"ammonium","289","NH4","2005-02-03","0.36","mg/l",,,,"goedgekeurd"
"chloride","508","Cl","2005-02-03","93.0","mg/l",,,,"goedgekeurd"
"sulfaat","1508","SO4","2005-02-03","120.0","mg/l",,,,"goedgekeurd"
"waterstofcarbonaat","374","HCO3","2005-02-03","600.0","mg/l",,,,"goedgekeurd"
"calcium","447","Ca","2005-02-03","220.0","mg/l",,,,"goedgekeurd"
"nitriet","1273","NO2","2005-02-03","0.01","mg/l",,,,"goedgekeurd"
"kalium","920","K","2005-02-03","4.1","mg/l",,,,"goedgekeurd"
"arseen","310","As","2005-02-03","2.0","ug/l",,,,"goedgekeurd"
"cadmium","441","Cd","2005-02-03","1.0","ug/l",,,,"goedgekeurd"
"chroom","517","Cr","2005-02-03","5.0","ug/l",,,,"goedgekeurd"
"koper","971","Cu","2005-02-03","13.0","ug/l",,,,"goedgekeurd"
"nikkel","1267","Ni","2005-02-03","5.0","ug/l",,,,"goedgekeurd"
"lood","1116","Pb","2005-02-03","10.0","ug/l",,,,"goedgekeurd"
"zink","1693","Zn","2005-02-03","10.0","ug/l",,,,"goedgekeurd"
"stikstof Kjeldahl","4064","NKj","2005-02-03","1.3","mg/l",,,,"goedgekeurd"
"nitraat","1270","NO3","2005-02-03","0.05","mg/l",,,,"goedgekeurd"
"magnesium","1125","Mg","2005-02-03","23.0","mg/l",,,,"goedgekeurd"
"Zuurgraad","1398","pH","2005-02-03","7.2","1",,,,"goedgekeurd"
"natrium","1262","Na","2005-02-03","37.0","mg/l",,,,"goedgekeurd"
,,,,,,,,,
