"BRO-ID","kwaliteitsregime","in registratie sinds","tijdstip veldonderzoek","pomptype","buis",,,,
"GAR000000058499","IMBRO/A","2025-04-10T22:48:39+02:00","2005-03-03T11:00:00+01:00","onbekend","4",,,,
,,,,,,,,,
"parameter","sikb-id","aquo-code","analysemeetwaarde","eenheid meetwaarde","status kwaliteitscontrole",,,,
"Temperatuur","1522","T","11.3","Cel","goedgekeurd",,,,
,,,,,,,,,
"parameter","sikb-id","aquo-code","analysedatum","analysemeetwaarde","eenheid meerwaarde","rapportagegrens","eenheid rapportagegres","limietsymbool","status kwaliteitscontrole"
"mangaan","1128","Mn","2005-03-03","190.0","ug/l",,,,"goedgekeurd"
"ijzer","879","Fe","2005-03-03","20080.0","ug/l",,,,"goedgekeurd"
"magnesium","1125","Mg","2005-03-03","600.0","mg/l",,,,"goedgekeurd"
"calcium","447","Ca","2005-03-03","750.0","mg/l",,,,"goedgekeurd"
"kalium","920","K","2005-03-03","55.0","mg/l",,,,"goedgekeurd"
"natrium","1262","Na","2005-03-03","5500.0","mg/l",,,,"goedgekeurd"
"Zuurgraad","1398","pH","2005-03-03","6.8","1",,,,"goedgekeurd"
"chloride","508","Cl","2005-03-03","11000.0","mg/l",,,,"goedgekeurd"
"sulfaat","1508","SO4","2005-03-03","1200.0","mg/l",,,,"goedgekeurd"
"lood","1116","Pb","2005-03-03","10.0","ug/l",,,,"goedgekeurd"
"ammonium","289","NH4","2005-03-03","8.5","mg/l",,,,"goedgekeurd"
"zink","1693","Zn","2005-03-03","10.0","ug/l",,,,"goedgekeurd"
"nikkel","1267","Ni","2005-03-03","4.0","ug/l",,,,"goedgekeurd"
"koper","971","Cu","2005-03-03","10.0","ug/l",,,,"goedgekeurd"
"chroom","517","Cr","2005-03-03","5.0","ug/l",,,,"goedgekeurd"
"cadmium","441","Cd","2005-03-03","15.0","ug/l",,,,"onbeslist"
"arseen","310","As","2005-03-03","2.0","ug/l",,,,"goedgekeurd"
"aluminium","284","Al","2005-03-03","80.0","ug/l",,,,"goedgekeurd"
"nitriet","1273","NO2","2005-03-03","0.04","mg/l",,,,"goedgekeurd"
"nitraat","1270","NO3","2005-03-03","0.05","mg/l",,,,"goedgekeurd"
"waterstofcarbonaat","374","HCO3","2005-03-03","597.0","mg/l",,,,"goedgekeurd"
"stikstof Kjeldahl","4064","NKj","2005-03-03","10.9","mg/l",,,,"goedgekeurd"
"fosfor totaal","4188","Ptot","2005-03-03","0.52","mg/l",,,,"goedgekeurd"
"fosfaat","1334","PO4","2005-03-03","0.43","mg/l",,,,"goedgekeurd"
"Geleidendheid","3548","GELDHD","2005-03-03","3330.0","mS/m",,,,"goedgekeurd"
,,,,,,,,,
