"BRO-ID","kwaliteitsregime","in registratie sinds","tijdstip veldonderzoek","pomptype","buis",,,,
"GAR000000035903","IMBRO/A","2023-01-13T22:17:08+01:00","2007-10-03T13:00:00+02:00","onderwaterpomp","3",,,,
,,,,,,,,,
"parameter","sikb-id","aquo-code","analysemeetwaarde","eenheid meetwaarde","status kwaliteitscontrole",,,,
"zuurstof","1701","O2","0.0","mg/l","goedgekeurd",,,,
"Geleidendheid","3548","GELDHD","749.0","mS/m","goedgekeurd",,,,
"waterstofcarbonaat","374","HCO3","869.39","mg/l","goedgekeurd",,,,
"Temperatuur","1522","T","11.9","Cel","goedgekeurd",,,,
"Zuurgraad","1398","pH","7.73","1","goedgekeurd",,,,
,,,,,,,,,
"parameter","sikb-id","aquo-code","analysedatum","analysemeetwaarde","eenheid meerwaarde","rapportagegrens","eenheid rapportagegres","limietsymbool","status kwaliteitscontrole"
"aluminium","284","Al","2007-10-03","23.467","ug/l",,,,"goedgekeurd"
"arseen","310","As","2007-10-03","2.81","ug/l",,,,"goedgekeurd"
"barium","333","Ba","2007-10-03","3.965","ug/l",,,,"goedgekeurd"
"chloride","508","Cl","2007-10-03","1994.97","mg/l",,,,"goedgekeurd"
"chroom","517","Cr","2007-10-03","1.053","ug/l",,,,"goedgekeurd"
"koper","971","Cu","2007-10-03","0.2","ug/l",,,"<","goedgekeurd"
"Geleidendheid","3548","GELDHD","2007-10-03","759.0","mS/m",,,,"goedgekeurd"
"Zuurgraad","1398","pH","2007-10-03","7.77","1",,,,"goedgekeurd"
"waterstofcarbonaat","374","HCO3","2007-10-03","894.05","mg/l",,,,"goedgekeurd"
"fosfor totaal","4188","Ptot","2007-10-03","2.046","mg/l",,,,"goedgekeurd"
"sulfaat","1508","SO4","2007-10-03","114.64","mg/l",,,,"goedgekeurd"
"strontium","1501","Sr","2007-10-03","498.0","ug/l",,,,"goedgekeurd"
"ijzer","879","Fe","2007-10-03","692.0","ug/l",,,,"goedgekeurd"
"kalium","920","K","2007-10-03","71.521","mg/l",,,,"goedgekeurd"
"magnesium","1125","Mg","2007-10-03","84.301","mg/l",,,,"goedgekeurd"
"mangaan","1128","Mn","2007-10-03","22.41","ug/l",,,,"goedgekeurd"
"ammonium","289","NH4","2007-10-03","1.3","mg/l",,,,"goedgekeurd"
"natrium","1262","Na","2007-10-03","1675.1","mg/l",,,,"goedgekeurd"
"nikkel","1267","Ni","2007-10-03","0.371","ug/l",,,,"goedgekeurd"
"lood","1116","Pb","2007-10-03","0.106","ug/l",,,,"goedgekeurd"
"zink","1693","Zn","2007-10-03","2.81","ug/l",,,,"goedgekeurd"
"calcium","447","Ca","2007-10-03","35.923","mg/l",,,,"goedgekeurd"
"koolstof organisch","1318","Corg","2007-10-03","13.6","mg/l",,,,"goedgekeurd"
"nitraat","1270","NO3","2007-10-03","0.01","mg/l",,,"<","goedgekeurd"
"cadmium","441","Cd","2007-10-03","0.01","ug/l",,,"<","goedgekeurd"
,,,,,,,,,
