"BRO-ID","kwaliteitsregime","in registratie sinds","tijdstip veldonderzoek","pomptype","buis",,,,
"GAR000000036240","IMBRO/A","2023-01-13T22:43:18+01:00","1987-05-08T13:00:00+02:00","onderwaterpomp","3",,,,
,,,,,,,,,
"parameter","sikb-id","aquo-code","analysedatum","analysemeetwaarde","eenheid meerwaarde","rapportagegrens","eenheid rapportagegres","limietsymbool","status kwaliteitscontrole"
"chloride","508","Cl","1987-05-08","2850.0","mg/l",,,,"goedgekeurd"
"Geleidendheid","3548","GELDHD","1987-05-08","994.35","mS/m",,,,"goedgekeurd"
"Zuurgraad","1398","pH","1987-05-08","7.74","1",,,,"goedgekeurd"
"waterstofcarbonaat","374","HCO3","1987-05-08","906.0","mg/l",,,,"goedgekeurd"
"fosfor totaal","4188","Ptot","1987-05-08","1.52","mg/l",,,,"goedgekeurd"
"sulfaat","1508","SO4","1987-05-08","196.0","mg/l",,,,"goedgekeurd"
"kalium","920","K","1987-05-08","88.8","mg/l",,,,"goedgekeurd"
"magnesium","1125","Mg","1987-05-08","139.0","mg/l",,,,"goedgekeurd"
"ammonium","289","NH4","1987-05-08","1.65","mg/l",,,,"goedgekeurd"
"natrium","1262","Na","1987-05-08","1870.0","mg/l",,,,"goedgekeurd"
"calcium","447","Ca","1987-05-08","58.6","mg/l",,,,"goedgekeurd"
"koolstof organisch","1318","Corg","1987-05-08","12.4","mg/l",,,,"goedgekeurd"
"nitraat","1270","NO3","1987-05-08","0.3","mg/l",,,"<","goedgekeurd"
,,,,,,,,,
