"BRO-ID","kwaliteitsregime","in registratie sinds","tijdstip veldonderzoek","pomptype","buis",,,,
"GAR000000035820","IMBRO/A","2023-01-13T22:12:04+01:00","1981-04-21T13:00:00+02:00","onderwaterpomp","1",,,,
,,,,,,,,,
"parameter","sikb-id","aquo-code","analysedatum","analysemeetwaarde","eenheid meerwaarde","rapportagegrens","eenheid rapportagegres","limietsymbool","status kwaliteitscontrole"
"chloride","508","Cl","1981-04-21","148.0","mg/l",,,,"goedgekeurd"
"Geleidendheid","3548","GELDHD","1981-04-21","146.89","mS/m",,,,"goedgekeurd"
"Zuurgraad","1398","pH","1981-04-21","7.94","1",,,,"goedgekeurd"
"waterstofcarbonaat","374","HCO3","1981-04-21","711.0","mg/l",,,,"goedgekeurd"
"fosfor totaal","4188","Ptot","1981-04-21","5.7","mg/l",,,,"goedgekeurd"
"sulfaat","1508","SO4","1981-04-21","33.0","mg/l",,,,"goedgekeurd"
"kalium","920","K","1981-04-21","25.0","mg/l",,,,"goedgekeurd"
"magnesium","1125","Mg","1981-04-21","22.0","mg/l",,,,"goedgekeurd"
"ammonium","289","NH4","1981-04-21","1.6","mg/l",,,,"goedgekeurd"
"natrium","1262","Na","1981-04-21","320.0","mg/l",,,,"goedgekeurd"
"siliciumdioxide","4656","SiO2","1981-04-21","40.0","mg/l",,,,"goedgekeurd"
"koolstof organisch","1318","Corg","1981-04-21","9.0","mg/l",,,,"goedgekeurd"
"calcium","447","Ca","1981-04-21","48.0","mg/l",,,,"goedgekeurd"
"nitraat","1270","NO3","1981-04-21","0.1","mg/l",,,"<","goedgekeurd"
,,,,,,,,,
