"BRO-ID","kwaliteitsregime","in registratie sinds","tijdstip veldonderzoek","pomptype","buis",,,,
"GAR000000035824","IMBRO/A","2023-01-13T22:12:15+01:00","2019-03-05T12:00:00+01:00","onderwaterpomp","1",,,,
,,,,,,,,,
"parameter","sikb-id","aquo-code","analysemeetwaarde","eenheid meetwaarde","status kwaliteitscontrole",,,,
"Geleidendheid","3548","GELDHD","106.0","mS/m","goedgekeurd",,,,
"waterstofcarbonaat","374","HCO3","528.87","mg/l","goedgekeurd",,,,
"Temperatuur","1522","T","12.3","Cel","goedgekeurd",,,,
"Zuurgraad","1398","pH","7.41","1","goedgekeurd",,,,
"zuurstof","1701","O2","0.1","mg/l","goedgekeurd",,,,
,,,,,,,,,
"parameter","sikb-id","aquo-code","analysedatum","analysemeetwaarde","eenheid meerwaarde","rapportagegrens","eenheid rapportagegres","limietsymbool","status kwaliteitscontrole"
"aluminium","284","Al","2019-03-05","2.206","ug/l",,,,"goedgekeurd"
"arseen","310","As","2019-03-05","1.23","ug/l",,,,"goedgekeurd"
"barium","333","Ba","2019-03-05","21.54","ug/l",,,,"goedgekeurd"
"chloride","508","Cl","2019-03-05","42.619","mg/l",,,,"goedgekeurd"
"chroom","517","Cr","2019-03-05","0.613","ug/l",,,,"goedgekeurd"
"koper","971","Cu","2019-03-05","0.5","ug/l",,,"<","goedgekeurd"
"Geleidendheid","3548","GELDHD","2019-03-05","105.45","mS/m",,,,"goedgekeurd"
"Zuurgraad","1398","pH","2019-03-05","7.82","1",,,,"goedgekeurd"
"fosfor totaal","4188","Ptot","2019-03-05","0.415","mg/l",,,,"goedgekeurd"
"sulfaat","1508","SO4","2019-03-05","72.995","mg/l",,,,"goedgekeurd"
"strontium","1501","Sr","2019-03-05","647.1","ug/l",,,,"goedgekeurd"
"ijzer","879","Fe","2019-03-05","790.0","ug/l",,,,"goedgekeurd"
"kalium","920","K","2019-03-05","39.4","mg/l",,,,"goedgekeurd"
"magnesium","1125","Mg","2019-03-05","50.67","mg/l",,,,"goedgekeurd"
"mangaan","1128","Mn","2019-03-05","116.0","ug/l",,,,"goedgekeurd"
"ammonium","289","NH4","2019-03-05","1.702","mg/l",,,,"goedgekeurd"
"natrium","1262","Na","2019-03-05","27.1","mg/l",,,,"goedgekeurd"
"nikkel","1267","Ni","2019-03-05","1.131","ug/l",,,,"goedgekeurd"
"lood","1116","Pb","2019-03-05","0.2","ug/l",,,"<","goedgekeurd"
"zink","1693","Zn","2019-03-05","4.0","ug/l",,,"<","goedgekeurd"
"calcium","447","Ca","2019-03-05","102.2","mg/l",,,,"goedgekeurd"
"koolstof organisch","1318","Corg","2019-03-05","8.84","mg/l",,,,"goedgekeurd"
"nitraat","1270","NO3","2019-03-05","0.07","mg/l",,,"<","goedgekeurd"
"cadmium","441","Cd","2019-03-05","0.05","ug/l",,,"<","goedgekeurd"
,,,,,,,,,
