"BRO-ID","kwaliteitsregime","in registratie sinds","tijdstip veldonderzoek","pomptype","buis",,,,
"GAR000000035706","IMBRO/A","2023-01-13T22:06:19+01:00","1995-01-23T12:00:00+01:00","onderwaterpomp","3",,,,
,,,,,,,,,
"parameter","sikb-id","aquo-code","analysemeetwaarde","eenheid meetwaarde","status kwaliteitscontrole",,,,
"Geleidendheid","3548","GELDHD","1002.0","mS/m","goedgekeurd",,,,
"Temperatuur","1522","T","11.1","Cel","goedgekeurd",,,,
"Zuurgraad","1398","pH","7.6","1","goedgekeurd",,,,
,,,,,,,,,
"parameter","sikb-id","aquo-code","analysedatum","analysemeetwaarde","eenheid meerwaarde","rapportagegrens","eenheid rapportagegres","limietsymbool","status kwaliteitscontrole"
"aluminium","284","Al","1995-01-23","16.188","ug/l",,,,"goedgekeurd"
"arseen","310","As","1995-01-23","0.15","ug/l",,,"<","goedgekeurd"
"barium","333","Ba","1995-01-23","11.81","ug/l",,,,"goedgekeurd"
"chloride","508","Cl","1995-01-23","2818.941","mg/l",,,,"goedgekeurd"
"chroom","517","Cr","1995-01-23","1.144","ug/l",,,,"goedgekeurd"
"koper","971","Cu","1995-01-23","0.635","ug/l",,,"<","goedgekeurd"
"waterstofcarbonaat","374","HCO3","1995-01-23","912.859","mg/l",,,,"goedgekeurd"
"fosfor totaal","4188","Ptot","1995-01-23","1.487","mg/l",,,,"goedgekeurd"
"sulfaat","1508","SO4","1995-01-23","214.387","mg/l",,,,"goedgekeurd"
"strontium","1501","Sr","1995-01-23","857.8","ug/l",,,,"goedgekeurd"
"ijzer","879","Fe","1995-01-23","1285.0","ug/l",,,,"goedgekeurd"
"kalium","920","K","1995-01-23","93.488","mg/l",,,,"goedgekeurd"
"magnesium","1125","Mg","1995-01-23","151.646","mg/l",,,,"goedgekeurd"
"mangaan","1128","Mn","1995-01-23","68.0","ug/l",,,,"goedgekeurd"
"ammonium","289","NH4","1995-01-23","1.611","mg/l",,,,"goedgekeurd"
"natrium","1262","Na","1995-01-23","1936.655","mg/l",,,,"goedgekeurd"
"nikkel","1267","Ni","1995-01-23","0.998","ug/l",,,,"goedgekeurd"
"zink","1693","Zn","1995-01-23","6.539","ug/l",,,,"goedgekeurd"
"calcium","447","Ca","1995-01-23","65.03","mg/l",,,,"goedgekeurd"
"nitraat","1270","NO3","1995-01-23","0.129","mg/l",,,,"goedgekeurd"
"cadmium","441","Cd","1995-01-23","0.045","ug/l",,,"<","goedgekeurd"
,,,,,,,,,
