"BRO-ID","kwaliteitsregime","in registratie sinds","tijdstip veldonderzoek","pomptype","buis",,,,
"GAR000000035961","IMBRO/A","2023-01-13T22:20:45+01:00","1982-11-12T12:00:00+01:00","onderwaterpomp","3",,,,
,,,,,,,,,
"parameter","sikb-id","aquo-code","analysedatum","analysemeetwaarde","eenheid meerwaarde","rapportagegrens","eenheid rapportagegres","limietsymbool","status kwaliteitscontrole"
"chloride","508","Cl","1982-11-12","3600.0","mg/l",,,,"goedgekeurd"
"Geleidendheid","3548","GELDHD","1982-11-12","1237.29","mS/m",,,,"goedgekeurd"
"Zuurgraad","1398","pH","1982-11-12","7.6","1",,,,"goedgekeurd"
"waterstofcarbonaat","374","HCO3","1982-11-12","870.0","mg/l",,,,"goedgekeurd"
"fosfor totaal","4188","Ptot","1982-11-12","1.3","mg/l",,,,"goedgekeurd"
"sulfaat","1508","SO4","1982-11-12","300.0","mg/l",,,,"goedgekeurd"
"kalium","920","K","1982-11-12","120.0","mg/l",,,,"goedgekeurd"
"magnesium","1125","Mg","1982-11-12","200.0","mg/l",,,,"goedgekeurd"
"ammonium","289","NH4","1982-11-12","3.4","mg/l",,,,"goedgekeurd"
"natrium","1262","Na","1982-11-12","2200.0","mg/l",,,,"goedgekeurd"
"koolstof organisch","1318","Corg","1982-11-12","12.0","mg/l",,,,"goedgekeurd"
"calcium","447","Ca","1982-11-12","80.0","mg/l",,,,"goedgekeurd"
"nitraat","1270","NO3","1982-11-12","0.1","mg/l",,,"<","goedgekeurd"
,,,,,,,,,
