"BRO-ID","kwaliteitsregime","in registratie sinds","tijdstip veldonderzoek","pomptype","buis",,,,
"GAR000000053311","IMBRO/A","2025-04-10T14:56:19+02:00","1990-07-11T12:00:00+02:00","onbekend","3",,,,
,,,,,,,,,
"parameter","sikb-id","aquo-code","analysedatum","analysemeetwaarde","eenheid meerwaarde","rapportagegrens","eenheid rapportagegres","limietsymbool","status kwaliteitscontrole"
"chloride","508","Cl","1990-07-11","2815.0","mg/l",,,,"goedgekeurd"
"ammonium","289","NH4","1990-07-11","1.01","mg/l",,,,"goedgekeurd"
"mangaan","1128","Mn","1990-07-11","60.0","ug/l",,,,"goedgekeurd"
"ijzer","879","Fe","1990-07-11","1100.0","ug/l",,,,"goedgekeurd"
"magnesium","1125","Mg","1990-07-11","137.0","mg/l",,,,"goedgekeurd"
"calcium","447","Ca","1990-07-11","60.0","mg/l",,,,"goedgekeurd"
"natrium","1262","Na","1990-07-11","75.0","mg/l",,,,"goedgekeurd"
"kalium","920","K","1990-07-11","89.0","mg/l",,,,"goedgekeurd"
"waterstofcarbonaat","374","HCO3","1990-07-11","899.0","mg/l",,,,"goedgekeurd"
"arseen","310","As","1990-07-11","0.28","ug/l",,,,"goedgekeurd"
"cadmium","441","Cd","1990-07-11","0.08","ug/l",,,,"goedgekeurd"
"chroom","517","Cr","1990-07-11","1.3","ug/l",,,,"goedgekeurd"
"koper","971","Cu","1990-07-11","4.6","ug/l",,,,"goedgekeurd"
"kwik","1097","Hg","1990-07-11","0.05","ug/l",,,,"goedgekeurd"
"nikkel","1267","Ni","1990-07-11","8.0","ug/l",,,,"goedgekeurd"
"Zuurgraad","1398","pH","1990-07-11","7.53","1",,,,"goedgekeurd"
"zink","1693","Zn","1990-07-11","10.0","ug/l",,,,"goedgekeurd"
"sulfaat","1508","SO4","1990-07-11","225.0","mg/l",,,,"goedgekeurd"
"lood","1116","Pb","1990-07-11","1.4","ug/l",,,,"goedgekeurd"
"Geleidendheid","3548","GELDHD","1990-07-11","637.0","mS/m",,,,"goedgekeurd"
"nitraat","1270","NO3","1990-07-11","0.88","mg/l",,,,"goedgekeurd"
,,,,,,,,,
