"BRO-ID","kwaliteitsregime","in registratie sinds","tijdstip veldonderzoek","pomptype","buis",,,,
"GAR000000057569","IMBRO/A","2025-04-10T21:24:54+02:00","1992-11-30T11:00:00+01:00","onbekend","2",,,,
,,,,,,,,,
"parameter","sikb-id","aquo-code","analysedatum","analysemeetwaarde","eenheid meerwaarde","rapportagegrens","eenheid rapportagegres","limietsymbool","status kwaliteitscontrole"
"magnesium","1125","Mg","1992-11-30","428.0","mg/l",,,,"goedgekeurd"
"chloride","508","Cl","1992-11-30","15000.0","mg/l",,,,"goedgekeurd"
"sulfaat","1508","SO4","1992-11-30","2120.0","mg/l",,,,"goedgekeurd"
"waterstofcarbonaat","374","HCO3","1992-11-30","470.0","mg/l",,,,"goedgekeurd"
"nitraat","1270","NO3","1992-11-30","5.31","mg/l",,,"<","goedgekeurd"
"fosfaat","1334","PO4","1992-11-30","0.15","mg/l",,,"<","goedgekeurd"
"calcium","447","Ca","1992-11-30","356.0","mg/l",,,,"goedgekeurd"
"Zuurgraad","1398","pH","1992-11-30","7.0","1",,,,"goedgekeurd"
"kalium","920","K","1992-11-30","56.0","mg/l",,,,"goedgekeurd"
"natrium","1262","Na","1992-11-30","8100.0","mg/l",,,,"goedgekeurd"
"Geleidendheid","3548","GELDHD","1992-11-30","2797.0","mS/m",,,,"goedgekeurd"
,,,,,,,,,
