"BRO-ID","kwaliteitsregime","in registratie sinds","tijdstip veldonderzoek","pomptype","buis",,,,
"GAR000000061742","IMBRO/A","2025-04-11T08:31:58+02:00","2001-11-14T11:00:00+01:00","onbekend","1",,,,
,,,,,,,,,
"parameter","sikb-id","aquo-code","analysemeetwaarde","eenheid meetwaarde","status kwaliteitscontrole",,,,
"Temperatuur","1522","T","10.7","Cel","goedgekeurd",,,,
,,,,,,,,,
"parameter","sikb-id","aquo-code","analysedatum","analysemeetwaarde","eenheid meerwaarde","rapportagegrens","eenheid rapportagegres","limietsymbool","status kwaliteitscontrole"
"ammonium","289","NH4","2001-11-14","0.77","mg/l",,,,"onbeslist"
"mangaan","1128","Mn","2001-11-14","810.0","ug/l",,,,"goedgekeurd"
"ijzer","879","Fe","2001-11-14","24000.0","ug/l",,,,"goedgekeurd"
"magnesium","1125","Mg","2001-11-14","750.0","mg/l",,,,"goedgekeurd"
"calcium","447","Ca","2001-11-14","1170.0","mg/l",,,,"goedgekeurd"
"kalium","920","K","2001-11-14","160.0","mg/l",,,,"goedgekeurd"
"Zuurgraad","1398","pH","2001-11-14","7.2","1",,,,"goedgekeurd"
"waterstofcarbonaat","374","HCO3","2001-11-14","290.0","mg/l",,,,"onbeslist"
"natrium","1262","Na","2001-11-14","4800.0","mg/l",,,,"goedgekeurd"
"nikkel","1267","Ni","2001-11-14","5.0","ug/l",,,"<","goedgekeurd"
"stikstof Kjeldahl","4064","NKj","2001-11-14","1.1","mg/l",,,,"onbeslist"
"chloride","508","Cl","2001-11-14","11000.0","mg/l",,,,"goedgekeurd"
"lood","1116","Pb","2001-11-14","5.0","ug/l",,,"<","goedgekeurd"
"sulfaat","1508","SO4","2001-11-14","1200.0","mg/l",,,,"goedgekeurd"
"koper","971","Cu","2001-11-14","2.5","ug/l",,,"<","goedgekeurd"
"chroom","517","Cr","2001-11-14","2.5","ug/l",,,"<","goedgekeurd"
"cadmium","441","Cd","2001-11-14","0.4","ug/l",,,"<","goedgekeurd"
"arseen","310","As","2001-11-14","2.5","ug/l",,,"<","goedgekeurd"
"aluminium","284","Al","2001-11-14","5.0","ug/l",,,"<","goedgekeurd"
"nitraat","1270","NO3","2001-11-14","0.5","mg/l",,,"<","goedgekeurd"
"zink","1693","Zn","2001-11-14","10.0","ug/l",,,"<","goedgekeurd"
"fosfor totaal","4188","Ptot","2001-11-14","0.61","mg/l",,,,"goedgekeurd"
"fosfaat","1334","PO4","2001-11-14","0.01","mg/l",,,"<","goedgekeurd"
"Geleidendheid","3548","GELDHD","2001-11-14","3400.0","mS/m",,,,"goedgekeurd"
,,,,,,,,,
