"BRO-ID","kwaliteitsregime","in registratie sinds","tijdstip veldonderzoek","pomptype","buis",,,,
"GAR000000035780","IMBRO/A","2023-01-13T22:09:59+01:00","2008-05-20T13:00:00+02:00","onderwaterpomp","1",,,,
,,,,,,,,,
"parameter","sikb-id","aquo-code","analysemeetwaarde","eenheid meetwaarde","status kwaliteitscontrole",,,,
"Geleidendheid","3548","GELDHD","118.0","mS/m","goedgekeurd",,,,
"waterstofcarbonaat","374","HCO3","616.6","mg/l","goedgekeurd",,,,
"Temperatuur","1522","T","12.0","Cel","goedgekeurd",,,,
"Zuurgraad","1398","pH","7.83","1","goedgekeurd",,,,
"zuurstof","1701","O2","0.03","mg/l","goedgekeurd",,,,
,,,,,,,,,
"parameter","sikb-id","aquo-code","analysedatum","analysemeetwaarde","eenheid meerwaarde","rapportagegrens","eenheid rapportagegres","limietsymbool","status kwaliteitscontrole"
"aluminium","284","Al","2008-05-20","9.93","ug/l",,,"<","goedgekeurd"
"arseen","310","As","2008-05-20","95.52","ug/l",,,,"goedgekeurd"
"barium","333","Ba","2008-05-20","5.28","ug/l",,,,"goedgekeurd"
"chloride","508","Cl","2008-05-20","59.02","mg/l",,,,"goedgekeurd"
"chroom","517","Cr","2008-05-20","0.9","ug/l",,,"<","goedgekeurd"
"koper","971","Cu","2008-05-20","1.56","ug/l",,,"<","goedgekeurd"
"Geleidendheid","3548","GELDHD","2008-05-20","113.9","mS/m",,,,"goedgekeurd"
"Zuurgraad","1398","pH","2008-05-20","7.61","1",,,,"goedgekeurd"
"waterstofcarbonaat","374","HCO3","2008-05-20","620.05","mg/l",,,,"goedgekeurd"
"fosfor totaal","4188","Ptot","2008-05-20","1.3","mg/l",,,,"goedgekeurd"
"sulfaat","1508","SO4","2008-05-20","67.21","mg/l",,,,"goedgekeurd"
"strontium","1501","Sr","2008-05-20","1150.0","ug/l",,,,"goedgekeurd"
"ijzer","879","Fe","2008-05-20","2530.0","ug/l",,,,"goedgekeurd"
"kalium","920","K","2008-05-20","52.85","mg/l",,,,"goedgekeurd"
"magnesium","1125","Mg","2008-05-20","43.77","mg/l",,,,"goedgekeurd"
"mangaan","1128","Mn","2008-05-20","100.0","ug/l",,,,"goedgekeurd"
"ammonium","289","NH4","2008-05-20","2.03","mg/l",,,,"goedgekeurd"
"natrium","1262","Na","2008-05-20","31.96","mg/l",,,,"goedgekeurd"
"nikkel","1267","Ni","2008-05-20","2.8","ug/l",,,,"goedgekeurd"
"lood","1116","Pb","2008-05-20","0.06","ug/l",,,"<","goedgekeurd"
"zink","1693","Zn","2008-05-20","0.94","ug/l",,,,"goedgekeurd"
"calcium","447","Ca","2008-05-20","139.09","mg/l",,,,"goedgekeurd"
"koolstof organisch","1318","Corg","2008-05-20","7.5","mg/l",,,,"goedgekeurd"
"nitraat","1270","NO3","2008-05-20","0.014","mg/l",,,"<","goedgekeurd"
"cadmium","441","Cd","2008-05-20","0.015","ug/l",,,,"goedgekeurd"
,,,,,,,,,
