"BRO-ID","kwaliteitsregime","in registratie sinds","tijdstip veldonderzoek","pomptype","buis",,,,
"GAR000000035762","IMBRO/A","2023-01-13T22:09:09+01:00","2012-03-08T12:00:00+01:00","onderwaterpomp","1",,,,
,,,,,,,,,
"parameter","sikb-id","aquo-code","analysemeetwaarde","eenheid meetwaarde","status kwaliteitscontrole",,,,
"zuurstof","1701","O2","0.0","mg/l","goedgekeurd",,,,
"Geleidendheid","3548","GELDHD","109.5","mS/m","goedgekeurd",,,,
"waterstofcarbonaat","374","HCO3","583.97","mg/l","goedgekeurd",,,,
"Temperatuur","1522","T","11.9","Cel","goedgekeurd",,,,
"Zuurgraad","1398","pH","7.62","1","goedgekeurd",,,,
,,,,,,,,,
"parameter","sikb-id","aquo-code","analysedatum","analysemeetwaarde","eenheid meerwaarde","rapportagegrens","eenheid rapportagegres","limietsymbool","status kwaliteitscontrole"
"aluminium","284","Al","2012-03-08","2.5","ug/l",,,"<","goedgekeurd"
"arseen","310","As","2012-03-08","93.79","ug/l",,,,"goedgekeurd"
"barium","333","Ba","2012-03-08","125.24","ug/l",,,"<","goedgekeurd"
"chloride","508","Cl","2012-03-08","48.14","mg/l",,,,"goedgekeurd"
"chroom","517","Cr","2012-03-08","0.36","ug/l",,,"<","goedgekeurd"
"koper","971","Cu","2012-03-08","1.0","ug/l",,,"<","goedgekeurd"
"Geleidendheid","3548","GELDHD","2012-03-08","109.8","mS/m",,,,"goedgekeurd"
"Zuurgraad","1398","pH","2012-03-08","7.78","1",,,,"goedgekeurd"
"waterstofcarbonaat","374","HCO3","2012-03-08","578.0","mg/l",,,,"goedgekeurd"
"fosfor totaal","4188","Ptot","2012-03-08","1.3","mg/l",,,,"goedgekeurd"
"sulfaat","1508","SO4","2012-03-08","47.95","mg/l",,,,"goedgekeurd"
"strontium","1501","Sr","2012-03-08","1038.57","ug/l",,,,"goedgekeurd"
"ijzer","879","Fe","2012-03-08","3320.0","ug/l",,,,"goedgekeurd"
"kalium","920","K","2012-03-08","53.7","mg/l",,,,"goedgekeurd"
"magnesium","1125","Mg","2012-03-08","32.26","mg/l",,,,"goedgekeurd"
"mangaan","1128","Mn","2012-03-08","130.0","ug/l",,,,"goedgekeurd"
"ammonium","289","NH4","2012-03-08","2.341","mg/l",,,,"goedgekeurd"
"natrium","1262","Na","2012-03-08","28.93","mg/l",,,,"goedgekeurd"
"nikkel","1267","Ni","2012-03-08","1.0","ug/l",,,"<","goedgekeurd"
"lood","1116","Pb","2012-03-08","0.158","ug/l",,,"<","goedgekeurd"
"zink","1693","Zn","2012-03-08","8.0","ug/l",,,"<","goedgekeurd"
"calcium","447","Ca","2012-03-08","136.32","mg/l",,,,"goedgekeurd"
"koolstof organisch","1318","Corg","2012-03-08","6.3","mg/l",,,,"goedgekeurd"
"nitraat","1270","NO3","2012-03-08","0.02","mg/l",,,"<","goedgekeurd"
"cadmium","441","Cd","2012-03-08","0.019","ug/l",,,"<","goedgekeurd"
,,,,,,,,,
