"BRO-ID","kwaliteitsregime","in registratie sinds","tijdstip veldonderzoek","pomptype","buis",,,,
"GAR000000035819","IMBRO/A","2023-01-13T22:12:01+01:00","2020-08-18T13:00:00+02:00","onderwaterpomp","3",,,,
,,,,,,,,,
"parameter","sikb-id","aquo-code","analysemeetwaarde","eenheid meetwaarde","status kwaliteitscontrole",,,,
"zuurstof","1701","O2","0.6","mg/l","goedgekeurd",,,,
"Geleidendheid","3548","GELDHD","501.0","mS/m","goedgekeurd",,,,
"waterstofcarbonaat","374","HCO3","1156.21","mg/l","goedgekeurd",,,,
"Temperatuur","1522","T","11.6","Cel","goedgekeurd",,,,
"Zuurgraad","1398","pH","8.18","1","goedgekeurd",,,,
,,,,,,,,,
"parameter","sikb-id","aquo-code","analysedatum","analysemeetwaarde","eenheid meerwaarde","rapportagegrens","eenheid rapportagegres","limietsymbool","status kwaliteitscontrole"
"kalium","920","K","2020-08-18","42.0","mg/l",,,,"goedgekeurd"
"magnesium","1125","Mg","2020-08-18","34.845","mg/l",,,,"goedgekeurd"
"mangaan","1128","Mn","2020-08-18","18.0","ug/l",,,,"goedgekeurd"
"ammonium","289","NH4","2020-08-18","1.793","mg/l",,,,"goedgekeurd"
"natrium","1262","Na","2020-08-18","1194.452","mg/l",,,,"goedgekeurd"
"nikkel","1267","Ni","2020-08-18","1.653","ug/l",,,,"goedgekeurd"
"lood","1116","Pb","2020-08-18","0.248","ug/l",,,,"goedgekeurd"
"zink","1693","Zn","2020-08-18","818.44","ug/l",,,,"goedgekeurd"
"calcium","447","Ca","2020-08-18","16.657","mg/l",,,,"goedgekeurd"
"koolstof organisch","1318","Corg","2020-08-18","71.13","mg/l",,,,"goedgekeurd"
"nitraat","1270","NO3","2020-08-18","0.029","mg/l",,,"<","goedgekeurd"
"cadmium","441","Cd","2020-08-18","0.064","ug/l",,,,"goedgekeurd"
"aluminium","284","Al","2020-08-18","119.059","ug/l",,,,"goedgekeurd"
"arseen","310","As","2020-08-18","1.861","ug/l",,,,"goedgekeurd"
"barium","333","Ba","2020-08-18","854.488","ug/l",,,,"goedgekeurd"
"chloride","508","Cl","2020-08-18","1141.413","mg/l",,,,"goedgekeurd"
"chroom","517","Cr","2020-08-18","9.204","ug/l",,,,"goedgekeurd"
"koper","971","Cu","2020-08-18","3.512","ug/l",,,,"goedgekeurd"
"Geleidendheid","3548","GELDHD","2020-08-18","502.0","mS/m",,,,"goedgekeurd"
"Zuurgraad","1398","pH","2020-08-18","8.01","1",,,,"goedgekeurd"
"fosfor totaal","4188","Ptot","2020-08-18","25.469","mg/l",,,,"goedgekeurd"
"sulfaat","1508","SO4","2020-08-18","1.838","mg/l",,,,"goedgekeurd"
"strontium","1501","Sr","2020-08-18","195.175","ug/l",,,,"goedgekeurd"
"ijzer","879","Fe","2020-08-18","1842.0","ug/l",,,,"goedgekeurd"
,,,,,,,,,
