"BRO-ID","kwaliteitsregime","in registratie sinds","tijdstip veldonderzoek","pomptype","buis",,,,
"GAR000000059888","IMBRO/A","2025-04-11T00:59:25+02:00","2000-01-03T11:00:00+01:00","onbekend","5",,,,
,,,,,,,,,
"parameter","sikb-id","aquo-code","analysemeetwaarde","eenheid meetwaarde","status kwaliteitscontrole",,,,
"Temperatuur","1522","T","10.8","Cel","goedgekeurd",,,,
,,,,,,,,,
"parameter","sikb-id","aquo-code","analysedatum","analysemeetwaarde","eenheid meerwaarde","rapportagegrens","eenheid rapportagegres","limietsymbool","status kwaliteitscontrole"
"natrium","1262","Na","2000-01-03","6200.0","mg/l",,,,"goedgekeurd"
"aluminium","284","Al","2000-01-03","25.0","ug/l",,,"<","goedgekeurd"
"nitraat","1270","NO3","2000-01-03","0.5","mg/l",,,"<","goedgekeurd"
"waterstofcarbonaat","374","HCO3","2000-01-03","500.0","mg/l",,,,"goedgekeurd"
"sulfaat","1508","SO4","2000-01-03","1100.0","mg/l",,,,"goedgekeurd"
"chloride","508","Cl","2000-01-03","11000.0","mg/l",,,,"goedgekeurd"
"ammonium","289","NH4","2000-01-03","4.2","mg/l",,,,"goedgekeurd"
"mangaan","1128","Mn","2000-01-03","90.0","ug/l",,,,"goedgekeurd"
"ijzer","879","Fe","2000-01-03","7700.0","ug/l",,,,"goedgekeurd"
"magnesium","1125","Mg","2000-01-03","340.0","mg/l",,,,"goedgekeurd"
"arseen","310","As","2000-01-03","20.0","ug/l",,,,"goedgekeurd"
"kalium","920","K","2000-01-03","130.0","mg/l",,,,"goedgekeurd"
"Zuurgraad","1398","pH","2000-01-03","7.3","1",,,,"goedgekeurd"
"calcium","447","Ca","2000-01-03","230.0","mg/l",,,,"onbeslist"
"cadmium","441","Cd","2000-01-03","0.4","ug/l",,,"<","goedgekeurd"
"zink","1693","Zn","2000-01-03","10.0","ug/l",,,,"goedgekeurd"
"chroom","517","Cr","2000-01-03","2.5","ug/l",,,"<","goedgekeurd"
"koper","971","Cu","2000-01-03","2.5","ug/l",,,"<","goedgekeurd"
"lood","1116","Pb","2000-01-03","5.0","ug/l",,,"<","goedgekeurd"
"stikstof Kjeldahl","4064","NKj","2000-01-03","6.8","mg/l",,,,"goedgekeurd"
"nikkel","1267","Ni","2000-01-03","5.0","ug/l",,,"<","goedgekeurd"
"fosfor totaal","4188","Ptot","2000-01-03","1.4","mg/l",,,,"goedgekeurd"
"Geleidendheid","3548","GELDHD","2000-01-03","3100.0","mS/m",,,,"goedgekeurd"
"fosfaat","1334","PO4","2000-01-03","0.03","mg/l",,,"<","goedgekeurd"
,,,,,,,,,
