"BRO-ID","kwaliteitsregime","in registratie sinds","tijdstip veldonderzoek","pomptype","buis",,,,
"GAR000000060302","IMBRO/A","2025-04-11T01:37:05+02:00","2005-01-31T11:00:00+01:00","onbekend","2",,,,
,,,,,,,,,
"parameter","sikb-id","aquo-code","analysemeetwaarde","eenheid meetwaarde","status kwaliteitscontrole",,,,
"Temperatuur","1522","T","11.0","Cel","goedgekeurd",,,,
,,,,,,,,,
"parameter","sikb-id","aquo-code","analysedatum","analysemeetwaarde","eenheid meerwaarde","rapportagegrens","eenheid rapportagegres","limietsymbool","status kwaliteitscontrole"
"Zuurgraad","1398","pH","2005-01-31","6.9","1",,,,"goedgekeurd"
"kalium","920","K","2005-01-31","95.0","mg/l",,,,"goedgekeurd"
"calcium","447","Ca","2005-01-31","160.0","mg/l",,,,"goedgekeurd"
"koper","971","Cu","2005-01-31","10.0","ug/l",,,,"goedgekeurd"
"stikstof Kjeldahl","4064","NKj","2005-01-31","12.8","mg/l",,,,"goedgekeurd"
"zink","1693","Zn","2005-01-31","255.0","ug/l",,,,"goedgekeurd"
"natrium","1262","Na","2005-01-31","650.0","mg/l",,,,"goedgekeurd"
"nitraat","1270","NO3","2005-01-31","0.05","mg/l",,,,"goedgekeurd"
"magnesium","1125","Mg","2005-01-31","190.0","mg/l",,,,"goedgekeurd"
"ijzer","879","Fe","2005-01-31","21090.0","ug/l",,,,"goedgekeurd"
"mangaan","1128","Mn","2005-01-31","250.0","ug/l",,,,"goedgekeurd"
"ammonium","289","NH4","2005-01-31","11.1","mg/l",,,,"goedgekeurd"
"chloride","508","Cl","2005-01-31","1500.0","mg/l",,,,"goedgekeurd"
"lood","1116","Pb","2005-01-31","10.0","ug/l",,,,"goedgekeurd"
"waterstofcarbonaat","374","HCO3","2005-01-31","1210.0","mg/l",,,,"goedgekeurd"
"nikkel","1267","Ni","2005-01-31","4.0","ug/l",,,,"goedgekeurd"
"nitriet","1273","NO2","2005-01-31","0.01","mg/l",,,,"goedgekeurd"
"aluminium","284","Al","2005-01-31","25.0","ug/l",,,"<","goedgekeurd"
"arseen","310","As","2005-01-31","10.0","ug/l",,,,"goedgekeurd"
"cadmium","441","Cd","2005-01-31","1.0","ug/l",,,,"goedgekeurd"
"chroom","517","Cr","2005-01-31","5.0","ug/l",,,,"goedgekeurd"
"sulfaat","1508","SO4","2005-01-31","6.0","mg/l",,,,"goedgekeurd"
"fosfor totaal","4188","Ptot","2005-01-31","3.0","mg/l",,,,"goedgekeurd"
"fosfaat","1334","PO4","2005-01-31","1.99","mg/l",,,,"goedgekeurd"
"Geleidendheid","3548","GELDHD","2005-01-31","600.0","mS/m",,,,"goedgekeurd"
,,,,,,,,,
