"BRO-ID","kwaliteitsregime","in registratie sinds","tijdstip veldonderzoek","pomptype","buis",,,,
"GAR000000059908","IMBRO/A","2025-04-11T01:01:13+02:00","2004-01-08T11:00:00+01:00","onbekend","2",,,,
,,,,,,,,,
"parameter","sikb-id","aquo-code","analysemeetwaarde","eenheid meetwaarde","status kwaliteitscontrole",,,,
"Temperatuur","1522","T","9.2","Cel","goedgekeurd",,,,
,,,,,,,,,
"parameter","sikb-id","aquo-code","analysedatum","analysemeetwaarde","eenheid meerwaarde","rapportagegrens","eenheid rapportagegres","limietsymbool","status kwaliteitscontrole"
"stikstof Kjeldahl","4064","NKj","2004-01-08","12.7","mg/l",,,,"goedgekeurd"
"mangaan","1128","Mn","2004-01-08","340.0","ug/l",,,,"goedgekeurd"
"zink","1693","Zn","2004-01-08","384.0","ug/l",,,,"goedgekeurd"
"lood","1116","Pb","2004-01-08","5.0","ug/l",,,"<","goedgekeurd"
"nikkel","1267","Ni","2004-01-08","5.0","ug/l",,,"<","goedgekeurd"
"koper","971","Cu","2004-01-08","2.5","ug/l",,,"<","goedgekeurd"
"chroom","517","Cr","2004-01-08","2.5","ug/l",,,"<","goedgekeurd"
"cadmium","441","Cd","2004-01-08","0.4","ug/l",,,"<","goedgekeurd"
"arseen","310","As","2004-01-08","30.0","ug/l",,,,"goedgekeurd"
"aluminium","284","Al","2004-01-08","5.0","ug/l",,,"<","goedgekeurd"
"nitraat","1270","NO3","2004-01-08","0.05","mg/l",,,"<","goedgekeurd"
"waterstofcarbonaat","374","HCO3","2004-01-08","1160.0","mg/l",,,,"goedgekeurd"
"sulfaat","1508","SO4","2004-01-08","37.0","mg/l",,,,"goedgekeurd"
"Zuurgraad","1398","pH","2004-01-08","7.5","1",,,,"goedgekeurd"
"chloride","508","Cl","2004-01-08","1650.0","mg/l",,,,"goedgekeurd"
"ammonium","289","NH4","2004-01-08","16.16","mg/l",,,,"goedgekeurd"
"natrium","1262","Na","2004-01-08","695.0","mg/l",,,,"goedgekeurd"
"kalium","920","K","2004-01-08","112.0","mg/l",,,,"goedgekeurd"
"calcium","447","Ca","2004-01-08","189.0","mg/l",,,,"goedgekeurd"
"magnesium","1125","Mg","2004-01-08","228.0","mg/l",,,,"goedgekeurd"
"ijzer","879","Fe","2004-01-08","23800.0","ug/l",,,,"goedgekeurd"
"fosfor totaal","4188","Ptot","2004-01-08","0.47","mg/l",,,,"goedgekeurd"
"fosfaat","1334","PO4","2004-01-08","0.32","mg/l",,,,"goedgekeurd"
"Geleidendheid","3548","GELDHD","2004-01-08","611.0","mS/m",,,,"goedgekeurd"
,,,,,,,,,
