"BRO-ID","kwaliteitsregime","in registratie sinds","tijdstip veldonderzoek","pomptype","buis",,,,
"GAR000000059782","IMBRO/A","2025-04-11T00:48:52+02:00","2003-01-15T11:00:00+01:00","onbekend","3",,,,
,,,,,,,,,
"parameter","sikb-id","aquo-code","analysemeetwaarde","eenheid meetwaarde","status kwaliteitscontrole",,,,
"Temperatuur","1522","T","9.2","Cel","goedgekeurd",,,,
,,,,,,,,,
"parameter","sikb-id","aquo-code","analysedatum","analysemeetwaarde","eenheid meerwaarde","rapportagegrens","eenheid rapportagegres","limietsymbool","status kwaliteitscontrole"
"ijzer","879","Fe","2003-01-15","7600.0","ug/l",,,,"goedgekeurd"
"lood","1116","Pb","2003-01-15","5.0","ug/l",,,"<","goedgekeurd"
"nikkel","1267","Ni","2003-01-15","5.0","ug/l",,,"<","goedgekeurd"
"koper","971","Cu","2003-01-15","2.5","ug/l",,,"<","goedgekeurd"
"chroom","517","Cr","2003-01-15","2.5","ug/l",,,"<","goedgekeurd"
"cadmium","441","Cd","2003-01-15","0.4","ug/l",,,"<","goedgekeurd"
"arseen","310","As","2003-01-15","2.5","ug/l",,,"<","goedgekeurd"
"aluminium","284","Al","2003-01-15","5.0","ug/l",,,"<","goedgekeurd"
"nitraat","1270","NO3","2003-01-15","0.1","mg/l",,,"<","goedgekeurd"
"waterstofcarbonaat","374","HCO3","2003-01-15","520.0","mg/l",,,,"onbeslist"
"sulfaat","1508","SO4","2003-01-15","1070.0","mg/l",,,,"goedgekeurd"
"chloride","508","Cl","2003-01-15","10400.0","mg/l",,,,"goedgekeurd"
"mangaan","1128","Mn","2003-01-15","90.0","ug/l",,,,"goedgekeurd"
"magnesium","1125","Mg","2003-01-15","473.0","mg/l",,,,"goedgekeurd"
"calcium","447","Ca","2003-01-15","324.0","mg/l",,,,"goedgekeurd"
"kalium","920","K","2003-01-15","249.0","mg/l",,,,"goedgekeurd"
"natrium","1262","Na","2003-01-15","6110.0","mg/l",,,,"goedgekeurd"
"Zuurgraad","1398","pH","2003-01-15","7.3","1",,,,"goedgekeurd"
"ammonium","289","NH4","2003-01-15","4.8","mg/l",,,,"goedgekeurd"
"zink","1693","Zn","2003-01-15","22.0","ug/l",,,,"goedgekeurd"
"stikstof Kjeldahl","4064","NKj","2003-01-15","4.2","mg/l",,,,"onbeslist"
"fosfor totaal","4188","Ptot","2003-01-15","1.0","mg/l",,,,"goedgekeurd"
"Geleidendheid","3548","GELDHD","2003-01-15","3140.0","mS/m",,,,"goedgekeurd"
"fosfaat","1334","PO4","2003-01-15","0.005","mg/l",,,"<","goedgekeurd"
,,,,,,,,,
