"BRO-ID","kwaliteitsregime","in registratie sinds","tijdstip veldonderzoek","pomptype","buis",,,,
"GAR000000059791","IMBRO/A","2025-04-11T00:49:53+02:00","1994-11-01T11:00:00+01:00","onbekend","1",,,,
,,,,,,,,,
"parameter","sikb-id","aquo-code","analysedatum","analysemeetwaarde","eenheid meerwaarde","rapportagegrens","eenheid rapportagegres","limietsymbool","status kwaliteitscontrole"
"Geleidendheid","3548","GELDHD","1994-11-01","326.0","mS/m",,,,"goedgekeurd"
"kalium","920","K","1994-11-01","100.0","mg/l",,,,"goedgekeurd"
"sulfaat","1508","SO4","1994-11-01","150.0","mg/l",,,,"goedgekeurd"
"Zuurgraad","1398","pH","1994-11-01","7.0","1",,,,"goedgekeurd"
"waterstofcarbonaat","374","HCO3","1994-11-01","1200.0","mg/l",,,,"goedgekeurd"
"natrium","1262","Na","1994-11-01","410.0","mg/l",,,,"goedgekeurd"
"chloride","508","Cl","1994-11-01","900.0","mg/l",,,,"goedgekeurd"
"ammonium","289","NH4","1994-11-01","18.11","mg/l",,,,"goedgekeurd"
"mangaan","1128","Mn","1994-11-01","200.0","ug/l",,,,"goedgekeurd"
"ijzer","879","Fe","1994-11-01","7600.0","ug/l",,,,"goedgekeurd"
"magnesium","1125","Mg","1994-11-01","180.0","mg/l",,,,"goedgekeurd"
"calcium","447","Ca","1994-11-01","135.0","mg/l",,,,"goedgekeurd"
"fosfaat","1334","PO4","1994-11-01","0.52","mg/l",,,,"goedgekeurd"
,,,,,,,,,
