"BRO-ID","kwaliteitsregime","in registratie sinds","tijdstip veldonderzoek","pomptype","buis",,,,
"GAR000000057605","IMBRO/A","2025-04-10T21:28:09+02:00","1996-01-08T11:00:00+01:00","onbekend","2",,,,
,,,,,,,,,
"parameter","sikb-id","aquo-code","analysemeetwaarde","eenheid meetwaarde","status kwaliteitscontrole",,,,
"Temperatuur","1522","T","10.0","Cel","goedgekeurd",,,,
,,,,,,,,,
"parameter","sikb-id","aquo-code","analysedatum","analysemeetwaarde","eenheid meerwaarde","rapportagegrens","eenheid rapportagegres","limietsymbool","status kwaliteitscontrole"
"zink","1693","Zn","1996-01-08","7.5","ug/l",,,"<","goedgekeurd"
"mangaan","1128","Mn","1996-01-08","400.0","ug/l",,,,"goedgekeurd"
"ammonium","289","NH4","1996-01-08","0.71","mg/l",,,,"goedgekeurd"
"chloride","508","Cl","1996-01-08","1600.0","mg/l",,,,"goedgekeurd"
"sulfaat","1508","SO4","1996-01-08","118.0","mg/l",,,,"goedgekeurd"
"waterstofcarbonaat","374","HCO3","1996-01-08","1400.0","mg/l",,,,"goedgekeurd"
"nitraat","1270","NO3","1996-01-08","2.0","mg/l",,,"<","goedgekeurd"
"aluminium","284","Al","1996-01-08","400.0","ug/l",,,,"goedgekeurd"
"arseen","310","As","1996-01-08","80.0","ug/l",,,,"goedgekeurd"
"cadmium","441","Cd","1996-01-08","0.5","ug/l",,,"<","goedgekeurd"
"chroom","517","Cr","1996-01-08","48.0","ug/l",,,,"goedgekeurd"
"koper","971","Cu","1996-01-08","5.0","ug/l",,,"<","goedgekeurd"
"nikkel","1267","Ni","1996-01-08","5.0","ug/l",,,"<","goedgekeurd"
"stikstof Kjeldahl","4064","NKj","1996-01-08","3.7","mg/l",,,,"goedgekeurd"
"calcium","447","Ca","1996-01-08","43.0","mg/l",,,,"goedgekeurd"
"lood","1116","Pb","1996-01-08","5.0","ug/l",,,"<","goedgekeurd"
"ijzer","879","Fe","1996-01-08","6100.0","ug/l",,,,"goedgekeurd"
"magnesium","1125","Mg","1996-01-08","68.0","mg/l",,,,"goedgekeurd"
"Zuurgraad","1398","pH","1996-01-08","7.4","1",,,,"goedgekeurd"
"natrium","1262","Na","1996-01-08","1420.0","mg/l",,,,"goedgekeurd"
"kalium","920","K","1996-01-08","60.0","mg/l",,,,"goedgekeurd"
"fosfor totaal","4188","Ptot","1996-01-08","7.0","mg/l",,,,"goedgekeurd"
"fosfaat","1334","PO4","1996-01-08","5.21","mg/l",,,,"goedgekeurd"
"Geleidendheid","3548","GELDHD","1996-01-08","660.0","mS/m",,,,"goedgekeurd"
,,,,,,,,,
