"BRO-ID","kwaliteitsregime","in registratie sinds","tijdstip veldonderzoek","pomptype","buis",,,,
"GAR000000061283","IMBRO/A","2025-04-11T03:07:27+02:00","1993-01-01T11:00:00+01:00","onbekend","1",,,,
,,,,,,,,,
"parameter","sikb-id","aquo-code","analysedatum","analysemeetwaarde","eenheid meerwaarde","rapportagegrens","eenheid rapportagegres","limietsymbool","status kwaliteitscontrole"
"chloride","508","Cl","1993-01-01","50.0","mg/l",,,,"goedgekeurd"
"chloride","508","Cl","1993-01-01","50.0","mg/l",,,,"goedgekeurd"
,,,,,,,,,
