"BRO-ID","kwaliteitsregime","in registratie sinds","tijdstip veldonderzoek","pomptype","buis",,,,
"GAR000000060702","IMBRO/A","2025-04-11T02:14:33+02:00","1993-06-21T12:00:00+02:00","onbekend","1",,,,
,,,,,,,,,
"parameter","sikb-id","aquo-code","analysedatum","analysemeetwaarde","eenheid meerwaarde","rapportagegrens","eenheid rapportagegres","limietsymbool","status kwaliteitscontrole"
"chloride","508","Cl","1993-06-21","125.0","mg/l",,,,"goedgekeurd"
"chloride","508","Cl","1993-06-21","125.0","mg/l",,,,"goedgekeurd"
,,,,,,,,,
