"BRO-ID","kwaliteitsregime","in registratie sinds","tijdstip veldonderzoek","pomptype","buis",,,,
"GAR000000061222","IMBRO/A","2025-04-11T03:00:55+02:00","1997-06-06T12:00:00+02:00","onbekend","1",,,,
,,,,,,,,,
"parameter","sikb-id","aquo-code","analysedatum","analysemeetwaarde","eenheid meerwaarde","rapportagegrens","eenheid rapportagegres","limietsymbool","status kwaliteitscontrole"
"chloride","508","Cl","1997-06-06","55.0","mg/l",,,,"goedgekeurd"
"chloride","508","Cl","1997-06-06","55.0","mg/l",,,,"goedgekeurd"
,,,,,,,,,
