"BRO-ID","kwaliteitsregime","in registratie sinds","tijdstip veldonderzoek","pomptype","buis",,,,
"GAR000000056872","IMBRO/A","2025-04-10T20:22:35+02:00","2016-01-12T11:00:00+01:00","onbekend","2",,,,
,,,,,,,,,
"parameter","sikb-id","aquo-code","analysemeetwaarde","eenheid meetwaarde","status kwaliteitscontrole",,,,
"zuurstof","1701","O2","0.01","mg/l","goedgekeurd",,,,
"Zuurgraad","1398","pH","7.8","1","goedgekeurd",,,,
"Temperatuur","1522","T","11.4","Cel","goedgekeurd",,,,
"Geleidendheid","3548","GELDHD","288.0","mS/m","goedgekeurd",,,,
,,,,,,,,,
"parameter","sikb-id","aquo-code","analysedatum","analysemeetwaarde","eenheid meerwaarde","rapportagegrens","eenheid rapportagegres","limietsymbool","status kwaliteitscontrole"
"zilver","1692","Ag","2016-01-12","50.0","ug/l",,,"<","goedgekeurd"
"mangaan","1128","Mn","2016-01-12","27.0","ug/l",,,,"goedgekeurd"
"arseen","310","As","2016-01-12","3.5","ug/l",,,,"goedgekeurd"
"aluminium","284","Al","2016-01-12","62.0","ug/l",,,,"goedgekeurd"
"fluoride","1853","F","2016-01-12","0.52","mg/l",,,,"goedgekeurd"
"nitriet","1273","NO2","2016-01-12","0.13","mg/l",,,,"goedgekeurd"
"nitraat","1270","NO3","2016-01-12","0.26","mg/l",,,,"goedgekeurd"
"waterstofcarbonaat","374","HCO3","2016-01-12","1100.0","mg/l",,,,"goedgekeurd"
"sulfaat","1508","SO4","2016-01-12","480.0","mg/l",,,,"goedgekeurd"
"barium","333","Ba","2016-01-12","54.0","ug/l",,,,"goedgekeurd"
"ammonium","289","NH4","2016-01-12","0.73","mg/l",,,,"goedgekeurd"
"beryllium","362","Be","2016-01-12","50.0","ug/l",,,"<","goedgekeurd"
"ijzer","879","Fe","2016-01-12","2800.0","ug/l",,,,"goedgekeurd"
"magnesium","1125","Mg","2016-01-12","15.0","mg/l",,,,"goedgekeurd"
"calcium","447","Ca","2016-01-12","11.0","mg/l",,,,"goedgekeurd"
"kalium","920","K","2016-01-12","14.0","mg/l",,,,"goedgekeurd"
"natrium","1262","Na","2016-01-12","820.0","mg/l",,,,"goedgekeurd"
"Zuurgraad","1398","pH","2016-01-12","7.7","1",,,,"goedgekeurd"
"Temperatuur","1522","T","2016-01-12","17.6","Cel",,,,"goedgekeurd"
"fosfaat","1334","PO4","2016-01-12","15.63","mg/l",,,,"goedgekeurd"
"chloride","508","Cl","2016-01-12","200.0","mg/l",,,,"goedgekeurd"
"antimoon","301","Sb","2016-01-12","50.0","ug/l",,,"<","goedgekeurd"
"zirkonium","1695","Zr","2016-01-12","50.0","ug/l",,,"<","goedgekeurd"
"zink","1693","Zn","2016-01-12","31.0","ug/l",,,,"goedgekeurd"
"wolfraam","1685","W","2016-01-12","50.0","ug/l",,,"<","goedgekeurd"
"vanadium","1642","V","2016-01-12","100.0","ug/l",,,,"goedgekeurd"
"uranium","1637","U","2016-01-12","50.0","ug/l",,,"<","goedgekeurd"
"thallium","1553","Tl","2016-01-12","50.0","ug/l",,,"<","goedgekeurd"
"titaan","1565","Ti","2016-01-12","51.0","ug/l",,,,"goedgekeurd"
"thorium","1563","Th","2016-01-12","50.0","ug/l",,,"<","goedgekeurd"
"tellurium","1520","Te","2016-01-12","50.0","ug/l",,,"<","goedgekeurd"
"strontium","1501","Sr","2016-01-12","100.0","ug/l",,,,"goedgekeurd"
"boor","386","B","2016-01-12","2300.0","ug/l",,,,"goedgekeurd"
"seleen","1476","Se","2016-01-12","50.0","ug/l",,,"<","goedgekeurd"
"rubidium","1987","Rb","2016-01-12","50.0","ug/l",,,"<","goedgekeurd"
"lood","1116","Pb","2016-01-12","1.0","ug/l",,,"<","goedgekeurd"
"nikkel","1267","Ni","2016-01-12","1.0","ug/l",,,"<","goedgekeurd"
"molybdeen","1243","Mo","2016-01-12","50.0","ug/l",,,"<","goedgekeurd"
"lithium","1115","Li","2016-01-12","50.0","ug/l",,,"<","goedgekeurd"
"kwik","1097","Hg","2016-01-12","0.03","ug/l",,,"<","goedgekeurd"
"koper","971","Cu","2016-01-12","0.5","ug/l",,,"<","goedgekeurd"
"cesium","468","Cs","2016-01-12","21.0","ug/l",,,,"goedgekeurd"
"kobalt","527","Co","2016-01-12","50.0","ug/l",,,"<","goedgekeurd"
"cadmium","441","Cd","2016-01-12","0.1","ug/l",,,"<","goedgekeurd"
"bromide","391","Br","2016-01-12","1.6","mg/l",,,,"goedgekeurd"
"tin","1564","Sn","2016-01-12","50.0","ug/l",,,"<","goedgekeurd"
"Geleidendheid","3548","GELDHD","2016-01-12","318.0","mS/m",,,,"goedgekeurd"
,,,,,,,,,
