"BRO-ID","kwaliteitsregime","in registratie sinds","tijdstip veldonderzoek","pomptype","buis",,,,
"GAR000000057024","IMBRO/A","2025-04-10T20:35:07+02:00","2004-01-15T11:00:00+01:00","onbekend","2",,,,
,,,,,,,,,
"parameter","sikb-id","aquo-code","analysemeetwaarde","eenheid meetwaarde","status kwaliteitscontrole",,,,
"Temperatuur","1522","T","8.3","Cel","goedgekeurd",,,,
,,,,,,,,,
"parameter","sikb-id","aquo-code","analysedatum","analysemeetwaarde","eenheid meerwaarde","rapportagegrens","eenheid rapportagegres","limietsymbool","status kwaliteitscontrole"
"mangaan","1128","Mn","2004-01-15","40.0","ug/l",,,,"goedgekeurd"
"magnesium","1125","Mg","2004-01-15","20.0","mg/l",,,,"goedgekeurd"
"calcium","447","Ca","2004-01-15","16.0","mg/l",,,,"goedgekeurd"
"kalium","920","K","2004-01-15","16.0","mg/l",,,,"goedgekeurd"
"natrium","1262","Na","2004-01-15","877.0","mg/l",,,,"goedgekeurd"
"Zuurgraad","1398","pH","2004-01-15","7.6","1",,,,"goedgekeurd"
"sulfaat","1508","SO4","2004-01-15","409.0","mg/l",,,,"goedgekeurd"
"stikstof Kjeldahl","4064","NKj","2004-01-15","3.3","mg/l",,,,"goedgekeurd"
"chloride","508","Cl","2004-01-15","416.0","mg/l",,,,"goedgekeurd"
"zink","1693","Zn","2004-01-15","10.0","ug/l",,,"<","goedgekeurd"
"lood","1116","Pb","2004-01-15","5.0","ug/l",,,"<","goedgekeurd"
"nikkel","1267","Ni","2004-01-15","5.0","ug/l",,,"<","goedgekeurd"
"koper","971","Cu","2004-01-15","2.5","ug/l",,,"<","goedgekeurd"
"chroom","517","Cr","2004-01-15","39.0","ug/l",,,,"goedgekeurd"
"cadmium","441","Cd","2004-01-15","0.4","ug/l",,,"<","goedgekeurd"
"arseen","310","As","2004-01-15","7.0","ug/l",,,,"goedgekeurd"
"aluminium","284","Al","2004-01-15","60.0","ug/l",,,,"goedgekeurd"
"nitraat","1270","NO3","2004-01-15","0.05","mg/l",,,"<","goedgekeurd"
"waterstofcarbonaat","374","HCO3","2004-01-15","1300.0","mg/l",,,,"goedgekeurd"
"ijzer","879","Fe","2004-01-15","4270.0","ug/l",,,,"goedgekeurd"
"ammonium","289","NH4","2004-01-15","0.7","mg/l",,,,"goedgekeurd"
"fosfor totaal","4188","Ptot","2004-01-15","1.7","mg/l",,,,"goedgekeurd"
"Geleidendheid","3548","GELDHD","2004-01-15","369.0","mS/m",,,,"goedgekeurd"
"fosfaat","1334","PO4","2004-01-15","1.53","mg/l",,,,"goedgekeurd"
,,,,,,,,,
