"BRO-ID","kwaliteitsregime","in registratie sinds","tijdstip veldonderzoek","pomptype","buis",,,,
"GAR000000057410","IMBRO/A","2025-04-10T21:09:55+02:00","2001-11-29T11:00:00+01:00","onbekend","2",,,,
,,,,,,,,,
"parameter","sikb-id","aquo-code","analysemeetwaarde","eenheid meetwaarde","status kwaliteitscontrole",,,,
"Temperatuur","1522","T","10.6","Cel","goedgekeurd",,,,
,,,,,,,,,
"parameter","sikb-id","aquo-code","analysedatum","analysemeetwaarde","eenheid meerwaarde","rapportagegrens","eenheid rapportagegres","limietsymbool","status kwaliteitscontrole"
"stikstof Kjeldahl","4064","NKj","2001-11-29","2.2","mg/l",,,,"goedgekeurd"
"zink","1693","Zn","2001-11-29","24.0","ug/l",,,,"goedgekeurd"
"lood","1116","Pb","2001-11-29","5.0","ug/l",,,"<","goedgekeurd"
"nikkel","1267","Ni","2001-11-29","5.0","ug/l",,,"<","goedgekeurd"
"koper","971","Cu","2001-11-29","2.5","ug/l",,,"<","goedgekeurd"
"chroom","517","Cr","2001-11-29","41.0","ug/l",,,,"goedgekeurd"
"cadmium","441","Cd","2001-11-29","0.4","ug/l",,,"<","goedgekeurd"
"arseen","310","As","2001-11-29","12.0","ug/l",,,,"goedgekeurd"
"aluminium","284","Al","2001-11-29","80.0","ug/l",,,,"goedgekeurd"
"magnesium","1125","Mg","2001-11-29","25.0","mg/l",,,,"goedgekeurd"
"Zuurgraad","1398","pH","2001-11-29","7.7","1",,,,"goedgekeurd"
"natrium","1262","Na","2001-11-29","900.0","mg/l",,,,"goedgekeurd"
"nitraat","1270","NO3","2001-11-29","0.5","mg/l",,,"<","goedgekeurd"
"calcium","447","Ca","2001-11-29","20.0","mg/l",,,,"goedgekeurd"
"ijzer","879","Fe","2001-11-29","3900.0","ug/l",,,,"goedgekeurd"
"mangaan","1128","Mn","2001-11-29","50.0","ug/l",,,,"goedgekeurd"
"ammonium","289","NH4","2001-11-29","0.13","mg/l",,,"<","onbeslist"
"chloride","508","Cl","2001-11-29","430.0","mg/l",,,,"goedgekeurd"
"sulfaat","1508","SO4","2001-11-29","320.0","mg/l",,,,"goedgekeurd"
"waterstofcarbonaat","374","HCO3","2001-11-29","1300.0","mg/l",,,,"goedgekeurd"
"kalium","920","K","2001-11-29","18.0","mg/l",,,,"goedgekeurd"
"fosfor totaal","4188","Ptot","2001-11-29","1.4","mg/l",,,,"goedgekeurd"
"Geleidendheid","3548","GELDHD","2001-11-29","380.0","mS/m",,,,"goedgekeurd"
"fosfaat","1334","PO4","2001-11-29","1.3","mg/l",,,,"goedgekeurd"
,,,,,,,,,
