"BRO-ID","kwaliteitsregime","in registratie sinds","tijdstip veldonderzoek","pomptype","buis",,,,
"GAR000000058201","IMBRO/A","2025-04-10T22:19:49+02:00","2003-01-13T11:00:00+01:00","onbekend","1",,,,
,,,,,,,,,
"parameter","sikb-id","aquo-code","analysemeetwaarde","eenheid meetwaarde","status kwaliteitscontrole",,,,
"Temperatuur","1522","T","8.0","Cel","goedgekeurd",,,,
,,,,,,,,,
"parameter","sikb-id","aquo-code","analysedatum","analysemeetwaarde","eenheid meerwaarde","rapportagegrens","eenheid rapportagegres","limietsymbool","status kwaliteitscontrole"
"magnesium","1125","Mg","2003-01-13","837.0","mg/l",,,,"goedgekeurd"
"nikkel","1267","Ni","2003-01-13","5.0","ug/l",,,"<","goedgekeurd"
"koper","971","Cu","2003-01-13","2.5","ug/l",,,"<","goedgekeurd"
"chroom","517","Cr","2003-01-13","6.0","ug/l",,,,"goedgekeurd"
"cadmium","441","Cd","2003-01-13","0.4","ug/l",,,"<","goedgekeurd"
"arseen","310","As","2003-01-13","9.0","ug/l",,,,"goedgekeurd"
"aluminium","284","Al","2003-01-13","5.0","ug/l",,,"<","goedgekeurd"
"nitraat","1270","NO3","2003-01-13","0.1","mg/l",,,"<","goedgekeurd"
"waterstofcarbonaat","374","HCO3","2003-01-13","1830.0","mg/l",,,,"goedgekeurd"
"sulfaat","1508","SO4","2003-01-13","836.0","mg/l",,,,"goedgekeurd"
"chloride","508","Cl","2003-01-13","14100.0","mg/l",,,,"goedgekeurd"
"ammonium","289","NH4","2003-01-13","16.7","mg/l",,,,"goedgekeurd"
"ijzer","879","Fe","2003-01-13","20.0","ug/l",,,,"goedgekeurd"
"stikstof Kjeldahl","4064","NKj","2003-01-13","16.0","mg/l",,,,"goedgekeurd"
"calcium","447","Ca","2003-01-13","336.0","mg/l",,,,"goedgekeurd"
"kalium","920","K","2003-01-13","275.0","mg/l",,,,"goedgekeurd"
"natrium","1262","Na","2003-01-13","7190.0","mg/l",,,,"goedgekeurd"
"Zuurgraad","1398","pH","2003-01-13","7.2","1",,,,"goedgekeurd"
"mangaan","1128","Mn","2003-01-13","240.0","ug/l",,,,"goedgekeurd"
"lood","1116","Pb","2003-01-13","5.0","ug/l",,,"<","goedgekeurd"
"zink","1693","Zn","2003-01-13","10.0","ug/l",,,"<","goedgekeurd"
"fosfor totaal","4188","Ptot","2003-01-13","2.6","mg/l",,,,"goedgekeurd"
"fosfaat","1334","PO4","2003-01-13","2.49","mg/l",,,,"goedgekeurd"
"Geleidendheid","3548","GELDHD","2003-01-13","1430.0","mS/m",,,,"onbeslist"
,,,,,,,,,
