"BRO-ID","kwaliteitsregime","in registratie sinds","tijdstip veldonderzoek","pomptype","buis",,,,
"GAR000000035984","IMBRO/A","2023-01-13T22:21:52+01:00","1991-04-22T13:00:00+02:00","onderwaterpomp","1",,,,
,,,,,,,,,
"parameter","sikb-id","aquo-code","analysedatum","analysemeetwaarde","eenheid meerwaarde","rapportagegrens","eenheid rapportagegres","limietsymbool","status kwaliteitscontrole"
"aluminium","284","Al","1991-04-22","30.39","ug/l",,,,"goedgekeurd"
"arseen","310","As","1991-04-22","3.75","ug/l",,,,"goedgekeurd"
"barium","333","Ba","1991-04-22","102.05","ug/l",,,,"goedgekeurd"
"chloride","508","Cl","1991-04-22","33.11","mg/l",,,,"goedgekeurd"
"chroom","517","Cr","1991-04-22","0.52","ug/l",,,"<","goedgekeurd"
"koper","971","Cu","1991-04-22","0.63","ug/l",,,"<","goedgekeurd"
"Geleidendheid","3548","GELDHD","1991-04-22","86.44","mS/m",,,,"goedgekeurd"
"Zuurgraad","1398","pH","1991-04-22","7.12","1",,,,"goedgekeurd"
"waterstofcarbonaat","374","HCO3","1991-04-22","314.15","mg/l",,,,"goedgekeurd"
"fosfor totaal","4188","Ptot","1991-04-22","0.09","mg/l",,,,"goedgekeurd"
"sulfaat","1508","SO4","1991-04-22","128.64","mg/l",,,,"goedgekeurd"
"strontium","1501","Sr","1991-04-22","435.43","ug/l",,,,"goedgekeurd"
"ijzer","879","Fe","1991-04-22","5310.0","ug/l",,,,"goedgekeurd"
"kalium","920","K","1991-04-22","24.03","mg/l",,,,"goedgekeurd"
"magnesium","1125","Mg","1991-04-22","8.38","mg/l",,,,"goedgekeurd"
"mangaan","1128","Mn","1991-04-22","350.0","ug/l",,,,"goedgekeurd"
"ammonium","289","NH4","1991-04-22","0.51","mg/l",,,,"goedgekeurd"
"natrium","1262","Na","1991-04-22","14.58","mg/l",,,,"goedgekeurd"
"nikkel","1267","Ni","1991-04-22","4.11","ug/l",,,,"goedgekeurd"
"lood","1116","Pb","1991-04-22","2.07","ug/l",,,"<","goedgekeurd"
"zink","1693","Zn","1991-04-22","6.54","ug/l",,,"<","goedgekeurd"
"calcium","447","Ca","1991-04-22","148.43","mg/l",,,,"goedgekeurd"
"koolstof organisch","1318","Corg","1991-04-22","8.67","mg/l",,,,"goedgekeurd"
"nitraat","1270","NO3","1991-04-22","0.03","mg/l",,,"<","goedgekeurd"
"cadmium","441","Cd","1991-04-22","0.11","ug/l",,,"<","goedgekeurd"
,,,,,,,,,
