"BRO-ID","kwaliteitsregime","in registratie sinds","tijdstip veldonderzoek","pomptype","buis",,,,
"GAR000000036050","IMBRO/A","2023-01-13T22:25:31+01:00","1997-05-13T13:00:00+02:00","onderwaterpomp","1",,,,
,,,,,,,,,
"parameter","sikb-id","aquo-code","analysemeetwaarde","eenheid meetwaarde","status kwaliteitscontrole",,,,
"Geleidendheid","3548","GELDHD","129.1","mS/m","goedgekeurd",,,,
"waterstofcarbonaat","374","HCO3","393.93","mg/l","goedgekeurd",,,,
"Temperatuur","1522","T","9.8","Cel","goedgekeurd",,,,
"Zuurgraad","1398","pH","6.96","1","goedgekeurd",,,,
,,,,,,,,,
"parameter","sikb-id","aquo-code","analysedatum","analysemeetwaarde","eenheid meerwaarde","rapportagegrens","eenheid rapportagegres","limietsymbool","status kwaliteitscontrole"
"aluminium","284","Al","1997-05-13","53.96","ug/l",,,,"goedgekeurd"
"arseen","310","As","1997-05-13","1.573","ug/l",,,,"goedgekeurd"
"barium","333","Ba","1997-05-13","182.374","ug/l",,,,"goedgekeurd"
"chloride","508","Cl","1997-05-13","85.612","mg/l",,,,"goedgekeurd"
"chroom","517","Cr","1997-05-13","0.702","ug/l",,,"<","goedgekeurd"
"koper","971","Cu","1997-05-13","0.782","ug/l",,,,"goedgekeurd"
"fosfor totaal","4188","Ptot","1997-05-13","0.062","mg/l",,,"<","goedgekeurd"
"sulfaat","1508","SO4","1997-05-13","220.458","mg/l",,,,"goedgekeurd"
"strontium","1501","Sr","1997-05-13","588.806","ug/l",,,,"goedgekeurd"
"ijzer","879","Fe","1997-05-13","3167.0","ug/l",,,,"goedgekeurd"
"kalium","920","K","1997-05-13","45.2","mg/l",,,,"goedgekeurd"
"magnesium","1125","Mg","1997-05-13","13.735","mg/l",,,,"goedgekeurd"
"mangaan","1128","Mn","1997-05-13","542.0","ug/l",,,,"goedgekeurd"
"ammonium","289","NH4","1997-05-13","0.518","mg/l",,,,"goedgekeurd"
"natrium","1262","Na","1997-05-13","53.705","mg/l",,,,"goedgekeurd"
"nikkel","1267","Ni","1997-05-13","7.947","ug/l",,,,"goedgekeurd"
"zink","1693","Zn","1997-05-13","6.539","ug/l",,,"<","goedgekeurd"
"boor","386","B","1997-05-13","99.452","ug/l",,,,"goedgekeurd"
"calcium","447","Ca","1997-05-13","190.42","mg/l",,,,"goedgekeurd"
"nitraat","1270","NO3","1997-05-13","0.504","mg/l",,,,"goedgekeurd"
"cadmium","441","Cd","1997-05-13","0.079","ug/l",,,,"goedgekeurd"
,,,,,,,,,
