"BRO-ID","kwaliteitsregime","in registratie sinds","tijdstip veldonderzoek","pomptype","buis",,,,
"GAR000000036013","IMBRO/A","2023-01-13T22:23:41+01:00","1984-03-27T13:00:00+02:00","onderwaterpomp","1",,,,
,,,,,,,,,
"parameter","sikb-id","aquo-code","analysedatum","analysemeetwaarde","eenheid meerwaarde","rapportagegrens","eenheid rapportagegres","limietsymbool","status kwaliteitscontrole"
"chloride","508","Cl","1984-03-27","110.0","mg/l",,,,"goedgekeurd"
"Geleidendheid","3548","GELDHD","1984-03-27","132.2","mS/m",,,,"goedgekeurd"
"Zuurgraad","1398","pH","1984-03-27","7.44","1",,,,"goedgekeurd"
"waterstofcarbonaat","374","HCO3","1984-03-27","347.0","mg/l",,,,"goedgekeurd"
"fosfor totaal","4188","Ptot","1984-03-27","0.03","mg/l",,,,"goedgekeurd"
"sulfaat","1508","SO4","1984-03-27","240.0","mg/l",,,,"goedgekeurd"
"kalium","920","K","1984-03-27","20.0","mg/l",,,,"goedgekeurd"
"magnesium","1125","Mg","1984-03-27","19.6","mg/l",,,,"goedgekeurd"
"ammonium","289","NH4","1984-03-27","0.45","mg/l",,,,"goedgekeurd"
"natrium","1262","Na","1984-03-27","69.0","mg/l",,,,"goedgekeurd"
"siliciumdioxide","4656","SiO2","1984-03-27","3.8","mg/l",,,,"goedgekeurd"
"koolstof organisch","1318","Corg","1984-03-27","9.8","mg/l",,,,"goedgekeurd"
"calcium","447","Ca","1984-03-27","200.0","mg/l",,,,"goedgekeurd"
"nitraat","1270","NO3","1984-03-27","1.3","mg/l",,,,"goedgekeurd"
"fosfaat","1334","PO4","1984-03-27","0.03","mg/l",,,,"goedgekeurd"
,,,,,,,,,
