"BRO-ID","kwaliteitsregime","in registratie sinds","tijdstip veldonderzoek","pomptype","buis",,,,
"GAR000000035917","IMBRO/A","2023-01-13T22:18:13+01:00","1989-05-08T13:00:00+02:00","onderwaterpomp","2",,,,
,,,,,,,,,
"parameter","sikb-id","aquo-code","analysedatum","analysemeetwaarde","eenheid meerwaarde","rapportagegrens","eenheid rapportagegres","limietsymbool","status kwaliteitscontrole"
"chloride","508","Cl","1989-05-08","66.6","mg/l",,,,"goedgekeurd"
"Geleidendheid","3548","GELDHD","1989-05-08","108.59","mS/m",,,,"goedgekeurd"
"Zuurgraad","1398","pH","1989-05-08","7.24","1",,,,"goedgekeurd"
"waterstofcarbonaat","374","HCO3","1989-05-08","320.0","mg/l",,,,"goedgekeurd"
"fosfor totaal","4188","Ptot","1989-05-08","0.19","mg/l",,,,"goedgekeurd"
"sulfaat","1508","SO4","1989-05-08","207.0","mg/l",,,,"goedgekeurd"
"ijzer","879","Fe","1989-05-08","7670.0","ug/l",,,,"goedgekeurd"
"kalium","920","K","1989-05-08","10.6","mg/l",,,,"goedgekeurd"
"magnesium","1125","Mg","1989-05-08","9.46","mg/l",,,,"goedgekeurd"
"ammonium","289","NH4","1989-05-08","3.23","mg/l",,,,"goedgekeurd"
"natrium","1262","Na","1989-05-08","36.4","mg/l",,,,"goedgekeurd"
"calcium","447","Ca","1989-05-08","181.0","mg/l",,,,"goedgekeurd"
"nitraat","1270","NO3","1989-05-08","0.28","mg/l",,,"<","goedgekeurd"
"fosfaat","1334","PO4","1989-05-08","0.1","mg/l",,,,"goedgekeurd"
,,,,,,,,,
