"BRO-ID","kwaliteitsregime","in registratie sinds","tijdstip veldonderzoek","pomptype","buis",,,,
"GAR000000035918","IMBRO/A","2023-01-13T22:18:16+01:00","1996-02-28T12:00:00+01:00","onderwaterpomp","2",,,,
,,,,,,,,,
"parameter","sikb-id","aquo-code","analysemeetwaarde","eenheid meetwaarde","status kwaliteitscontrole",,,,
"Geleidendheid","3548","GELDHD","104.9","mS/m","goedgekeurd",,,,
"waterstofcarbonaat","374","HCO3","358.88","mg/l","goedgekeurd",,,,
"Temperatuur","1522","T","10.3","Cel","goedgekeurd",,,,
"Zuurgraad","1398","pH","7.22","1","goedgekeurd",,,,
,,,,,,,,,
"parameter","sikb-id","aquo-code","analysedatum","analysemeetwaarde","eenheid meerwaarde","rapportagegrens","eenheid rapportagegres","limietsymbool","status kwaliteitscontrole"
"aluminium","284","Al","1996-02-28","26.98","ug/l",,,,"goedgekeurd"
"arseen","310","As","1996-02-28","0.375","ug/l",,,,"goedgekeurd"
"barium","333","Ba","1996-02-28","60.151","ug/l",,,,"goedgekeurd"
"chloride","508","Cl","1996-02-28","44.206","mg/l",,,,"goedgekeurd"
"chroom","517","Cr","1996-02-28","0.702","ug/l",,,"<","goedgekeurd"
"koper","971","Cu","1996-02-28","0.699","ug/l",,,"<","goedgekeurd"
"fosfor totaal","4188","Ptot","1996-02-28","0.164","mg/l",,,,"goedgekeurd"
"sulfaat","1508","SO4","1996-02-28","190.199","mg/l",,,,"goedgekeurd"
"strontium","1501","Sr","1996-02-28","650.14","ug/l",,,,"goedgekeurd"
"ijzer","879","Fe","1996-02-28","6970.0","ug/l",,,,"goedgekeurd"
"kalium","920","K","1996-02-28","7.194","mg/l",,,,"goedgekeurd"
"magnesium","1125","Mg","1996-02-28","9.457","mg/l",,,,"goedgekeurd"
"mangaan","1128","Mn","1996-02-28","307.0","ug/l",,,,"goedgekeurd"
"ammonium","289","NH4","1996-02-28","2.662","mg/l",,,,"goedgekeurd"
"natrium","1262","Na","1996-02-28","29.105","mg/l",,,,"goedgekeurd"
"nikkel","1267","Ni","1996-02-28","1.262","ug/l",,,,"goedgekeurd"
"zink","1693","Zn","1996-02-28","13.078","ug/l",,,,"goedgekeurd"
"calcium","447","Ca","1996-02-28","176.424","mg/l",,,,"goedgekeurd"
"nitraat","1270","NO3","1996-02-28","0.042","mg/l",,,,"goedgekeurd"
"cadmium","441","Cd","1996-02-28","0.056","ug/l",,,"<","goedgekeurd"
,,,,,,,,,
