"BRO-ID","kwaliteitsregime","in registratie sinds","tijdstip veldonderzoek","pomptype","buis",,,,
"GAR000000035861","IMBRO/A","2023-01-13T22:14:13+01:00","2005-05-10T13:00:00+02:00","onderwaterpomp","1",,,,
,,,,,,,,,
"parameter","sikb-id","aquo-code","analysemeetwaarde","eenheid meetwaarde","status kwaliteitscontrole",,,,
"zuurstof","1701","O2","0.15","mg/l","goedgekeurd",,,,
"Geleidendheid","3548","GELDHD","108.9","mS/m","goedgekeurd",,,,
"waterstofcarbonaat","374","HCO3","431.85","mg/l","goedgekeurd",,,,
"Temperatuur","1522","T","9.9","Cel","goedgekeurd",,,,
"Zuurgraad","1398","pH","7.01","1","goedgekeurd",,,,
,,,,,,,,,
"parameter","sikb-id","aquo-code","analysedatum","analysemeetwaarde","eenheid meerwaarde","rapportagegrens","eenheid rapportagegres","limietsymbool","status kwaliteitscontrole"
"aluminium","284","Al","2005-05-10","2.8","ug/l",,,,"goedgekeurd"
"arseen","310","As","2005-05-10","0.68","ug/l",,,,"goedgekeurd"
"barium","333","Ba","2005-05-10","142.0","ug/l",,,,"goedgekeurd"
"chloride","508","Cl","2005-05-10","65.0","mg/l",,,,"goedgekeurd"
"chroom","517","Cr","2005-05-10","0.32","ug/l",,,,"goedgekeurd"
"koper","971","Cu","2005-05-10","0.89","ug/l",,,,"goedgekeurd"
"Geleidendheid","3548","GELDHD","2005-05-10","116.1","mS/m",,,,"goedgekeurd"
"Zuurgraad","1398","pH","2005-05-10","7.0","1",,,,"goedgekeurd"
"fosfor totaal","4188","Ptot","2005-05-10","0.016","mg/l",,,,"goedgekeurd"
"sulfaat","1508","SO4","2005-05-10","154.0","mg/l",,,,"goedgekeurd"
"strontium","1501","Sr","2005-05-10","416.0","ug/l",,,,"goedgekeurd"
"kobalt","527","Co","2005-05-10","0.47","ug/l",,,,"goedgekeurd"
"ijzer","879","Fe","2005-05-10","1000.0","ug/l",,,,"goedgekeurd"
"kalium","920","K","2005-05-10","57.5","mg/l",,,,"goedgekeurd"
"magnesium","1125","Mg","2005-05-10","10.5","mg/l",,,,"goedgekeurd"
"mangaan","1128","Mn","2005-05-10","312.0","ug/l",,,,"goedgekeurd"
"ammonium","289","NH4","2005-05-10","0.3","mg/l",,,,"goedgekeurd"
"natrium","1262","Na","2005-05-10","38.2","mg/l",,,,"goedgekeurd"
"nikkel","1267","Ni","2005-05-10","2.9","ug/l",,,,"goedgekeurd"
"lood","1116","Pb","2005-05-10","0.05","ug/l",,,"<","goedgekeurd"
"zink","1693","Zn","2005-05-10","8.0","ug/l",,,,"goedgekeurd"
"vanadium","1642","V","2005-05-10","0.66","ug/l",,,,"goedgekeurd"
"calcium","447","Ca","2005-05-10","158.0","mg/l",,,,"goedgekeurd"
"koolstof organisch","1318","Corg","2005-05-10","9.7","mg/l",,,,"goedgekeurd"
"nitraat","1270","NO3","2005-05-10","0.09","mg/l",,,,"goedgekeurd"
"cadmium","441","Cd","2005-05-10","0.031","ug/l",,,,"goedgekeurd"
,,,,,,,,,
