"BRO-ID","kwaliteitsregime","in registratie sinds","tijdstip veldonderzoek","pomptype","buis",,,,
"GAR000000035877","IMBRO/A","2023-01-13T22:15:25+01:00","1986-05-21T13:00:00+02:00","onderwaterpomp","2",,,,
,,,,,,,,,
"parameter","sikb-id","aquo-code","analysedatum","analysemeetwaarde","eenheid meerwaarde","rapportagegrens","eenheid rapportagegres","limietsymbool","status kwaliteitscontrole"
"chloride","508","Cl","1986-05-21","66.0","mg/l",,,,"goedgekeurd"
"Geleidendheid","3548","GELDHD","1986-05-21","106.78","mS/m",,,,"goedgekeurd"
"Zuurgraad","1398","pH","1986-05-21","7.31","1",,,,"goedgekeurd"
"waterstofcarbonaat","374","HCO3","1986-05-21","304.0","mg/l",,,,"goedgekeurd"
"fosfor totaal","4188","Ptot","1986-05-21","0.19","mg/l",,,,"goedgekeurd"
"sulfaat","1508","SO4","1986-05-21","199.0","mg/l",,,,"goedgekeurd"
"kalium","920","K","1986-05-21","10.8","mg/l",,,,"goedgekeurd"
"magnesium","1125","Mg","1986-05-21","9.1","mg/l",,,,"goedgekeurd"
"ammonium","289","NH4","1986-05-21","0.01","mg/l",,,"<","goedgekeurd"
"natrium","1262","Na","1986-05-21","36.0","mg/l",,,,"goedgekeurd"
"calcium","447","Ca","1986-05-21","180.0","mg/l",,,,"goedgekeurd"
"koolstof organisch","1318","Corg","1986-05-21","9.48","mg/l",,,,"goedgekeurd"
"nitraat","1270","NO3","1986-05-21","2.73","mg/l",,,,"goedgekeurd"
,,,,,,,,,
