"BRO-ID","kwaliteitsregime","in registratie sinds","tijdstip veldonderzoek","pomptype","buis",,,,
"GAR000000035980","IMBRO/A","2023-01-13T22:21:40+01:00","2016-03-16T12:00:00+01:00","onderwaterpomp","2",,,,
,,,,,,,,,
"parameter","sikb-id","aquo-code","analysemeetwaarde","eenheid meetwaarde","status kwaliteitscontrole",,,,
"zuurstof","1701","O2","0.0","mg/l","goedgekeurd",,,,
"Geleidendheid","3548","GELDHD","74.0","mS/m","goedgekeurd",,,,
"Zuurgraad","1398","pH","6.01","1","goedgekeurd",,,,
"Temperatuur","1522","T","11.3","Cel","goedgekeurd",,,,
"waterstofcarbonaat","374","HCO3","365.7","mg/l","goedgekeurd",,,,
,,,,,,,,,
"parameter","sikb-id","aquo-code","analysedatum","analysemeetwaarde","eenheid meerwaarde","rapportagegrens","eenheid rapportagegres","limietsymbool","status kwaliteitscontrole"
"aluminium","284","Al","2016-03-16","10.0","ug/l",,,"<","goedgekeurd"
"arseen","310","As","2016-03-16","1.3","ug/l",,,,"goedgekeurd"
"barium","333","Ba","2016-03-16","63.0","ug/l",,,,"goedgekeurd"
"chloride","508","Cl","2016-03-16","30.01","mg/l",,,,"goedgekeurd"
"chroom","517","Cr","2016-03-16","0.5","ug/l",,,"<","goedgekeurd"
"koper","971","Cu","2016-03-16","0.5","ug/l",,,"<","goedgekeurd"
"Geleidendheid","3548","GELDHD","2016-03-16","84.0","mS/m",,,,"goedgekeurd"
"Zuurgraad","1398","pH","2016-03-16","7.4","1",,,,"goedgekeurd"
"fosfor totaal","4188","Ptot","2016-03-16","0.16","mg/l",,,,"goedgekeurd"
"sulfaat","1508","SO4","2016-03-16","92.93","mg/l",,,,"goedgekeurd"
"strontium","1501","Sr","2016-03-16","585.0","ug/l",,,,"goedgekeurd"
"ijzer","879","Fe","2016-03-16","5400.0","ug/l",,,,"goedgekeurd"
"kalium","920","K","2016-03-16","12.8","mg/l",,,,"goedgekeurd"
"magnesium","1125","Mg","2016-03-16","10.08","mg/l",,,,"goedgekeurd"
"mangaan","1128","Mn","2016-03-16","288.0","ug/l",,,,"goedgekeurd"
"ammonium","289","NH4","2016-03-16","2.298","mg/l",,,,"goedgekeurd"
"natrium","1262","Na","2016-03-16","20.8","mg/l",,,,"goedgekeurd"
"nikkel","1267","Ni","2016-03-16","0.6","ug/l",,,,"goedgekeurd"
"lood","1116","Pb","2016-03-16","0.2","ug/l",,,"<","goedgekeurd"
"zink","1693","Zn","2016-03-16","4.0","ug/l",,,"<","goedgekeurd"
"calcium","447","Ca","2016-03-16","134.3","mg/l",,,,"goedgekeurd"
"koolstof organisch","1318","Corg","2016-03-16","8.7","mg/l",,,,"goedgekeurd"
"nitraat","1270","NO3","2016-03-16","0.07","mg/l",,,"<","goedgekeurd"
"cadmium","441","Cd","2016-03-16","0.05","ug/l",,,"<","goedgekeurd"
,,,,,,,,,
