"BRO-ID","kwaliteitsregime","in registratie sinds","tijdstip veldonderzoek","pomptype","buis",,,,
"GAR000000052364","IMBRO/A","2025-04-10T13:27:27+02:00","1997-12-02T11:00:00+01:00","onbekend","2",,,,
,,,,,,,,,
"parameter","sikb-id","aquo-code","analysemeetwaarde","eenheid meetwaarde","status kwaliteitscontrole",,,,
"Temperatuur","1522","T","10.5","Cel","goedgekeurd",,,,
,,,,,,,,,
"parameter","sikb-id","aquo-code","analysedatum","analysemeetwaarde","eenheid meerwaarde","rapportagegrens","eenheid rapportagegres","limietsymbool","status kwaliteitscontrole"
"fosfor totaal","4188","Ptot","1997-12-02","0.25","mg/l",,,,"goedgekeurd"
"kalium","920","K","1997-12-02","44.96","mg/l",,,,"goedgekeurd"
"aluminium","284","Al","1997-12-02","5.0","ug/l",,,"<","goedgekeurd"
"natrium","1262","Na","1997-12-02","35.63","mg/l",,,,"goedgekeurd"
"calcium","447","Ca","1997-12-02","62.33","mg/l",,,,"goedgekeurd"
"magnesium","1125","Mg","1997-12-02","47.23","mg/l",,,,"goedgekeurd"
"ammonium","289","NH4","1997-12-02","4.83","mg/l",,,,"goedgekeurd"
"Zuurgraad","1398","pH","1997-12-02","7.2","1",,,,"goedgekeurd"
"ijzer","879","Fe","1997-12-02","9300.0","ug/l",,,,"goedgekeurd"
"mangaan","1128","Mn","1997-12-02","160.0","ug/l",,,,"goedgekeurd"
"chloride","508","Cl","1997-12-02","51.0","mg/l",,,,"goedgekeurd"
"sulfaat","1508","SO4","1997-12-02","68.0","mg/l",,,,"goedgekeurd"
"waterstofcarbonaat","374","HCO3","1997-12-02","420.0","mg/l",,,,"goedgekeurd"
"nitraat","1270","NO3","1997-12-02","2.0","mg/l",,,"<","goedgekeurd"
"arseen","310","As","1997-12-02","5.0","ug/l",,,"<","goedgekeurd"
"lood","1116","Pb","1997-12-02","5.0","ug/l",,,"<","goedgekeurd"
"cadmium","441","Cd","1997-12-02","0.5","ug/l",,,"<","goedgekeurd"
"nikkel","1267","Ni","1997-12-02","5.0","ug/l",,,"<","goedgekeurd"
"chroom","517","Cr","1997-12-02","2.5","ug/l",,,"<","goedgekeurd"
"zink","1693","Zn","1997-12-02","5.0","ug/l",,,"<","goedgekeurd"
"stikstof Kjeldahl","4064","NKj","1997-12-02","5.9","mg/l",,,,"goedgekeurd"
"koper","971","Cu","1997-12-02","2.5","ug/l",,,"<","goedgekeurd"
"fosfaat","1334","PO4","1997-12-02","0.1","mg/l",,,,"goedgekeurd"
"Geleidendheid","3548","GELDHD","1997-12-02","91.8","mS/m",,,,"goedgekeurd"
,,,,,,,,,
