"BRO-ID","kwaliteitsregime","in registratie sinds","tijdstip veldonderzoek","pomptype","buis",,,,
"GAR000000052266","IMBRO/A","2025-04-10T13:18:33+02:00","1990-06-27T12:00:00+02:00","onbekend","2",,,,
,,,,,,,,,
"parameter","sikb-id","aquo-code","analysedatum","analysemeetwaarde","eenheid meerwaarde","rapportagegrens","eenheid rapportagegres","limietsymbool","status kwaliteitscontrole"
"ijzer","879","Fe","1990-06-27","3800.0","ug/l",,,,"goedgekeurd"
"nikkel","1267","Ni","1990-06-27","6.0","ug/l",,,,"goedgekeurd"
"kwik","1097","Hg","1990-06-27","0.05","ug/l",,,,"goedgekeurd"
"koper","971","Cu","1990-06-27","0.5","ug/l",,,,"goedgekeurd"
"chroom","517","Cr","1990-06-27","0.5","ug/l",,,,"goedgekeurd"
"cadmium","441","Cd","1990-06-27","0.03","ug/l",,,,"goedgekeurd"
"arseen","310","As","1990-06-27","1.9","ug/l",,,,"goedgekeurd"
"fosfaat","1334","PO4","1990-06-27","0.76","mg/l",,,,"goedgekeurd"
"fosfor totaal","4188","Ptot","1990-06-27","1.38","mg/l",,,,"onbeslist"
"nitraat","1270","NO3","1990-06-27","0.88","mg/l",,,,"goedgekeurd"
"waterstofcarbonaat","374","HCO3","1990-06-27","435.0","mg/l",,,,"goedgekeurd"
"sulfaat","1508","SO4","1990-06-27","70.0","mg/l",,,,"goedgekeurd"
"chloride","508","Cl","1990-06-27","44.0","mg/l",,,,"goedgekeurd"
"zink","1693","Zn","1990-06-27","10.0","ug/l",,,,"goedgekeurd"
"Geleidendheid","3548","GELDHD","1990-06-27","63.0","mS/m",,,,"goedgekeurd"
"ammonium","289","NH4","1990-06-27","2.01","mg/l",,,,"goedgekeurd"
"mangaan","1128","Mn","1990-06-27","170.0","ug/l",,,,"goedgekeurd"
"Zuurgraad","1398","pH","1990-06-27","7.09","1",,,,"goedgekeurd"
"natrium","1262","Na","1990-06-27","38.0","mg/l",,,,"goedgekeurd"
"kalium","920","K","1990-06-27","45.0","mg/l",,,,"goedgekeurd"
"calcium","447","Ca","1990-06-27","58.0","mg/l",,,,"goedgekeurd"
"magnesium","1125","Mg","1990-06-27","6.0","mg/l",,,,"onbeslist"
"lood","1116","Pb","1990-06-27","0.3","ug/l",,,,"goedgekeurd"
,,,,,,,,,
