"BRO-ID","kwaliteitsregime","in registratie sinds","tijdstip veldonderzoek","pomptype","buis",,,,
"GAR000000052391","IMBRO/A","2025-04-10T13:30:05+02:00","2001-01-25T11:00:00+01:00","onbekend","3",,,,
,,,,,,,,,
"parameter","sikb-id","aquo-code","analysemeetwaarde","eenheid meetwaarde","status kwaliteitscontrole",,,,
"Temperatuur","1522","T","8.0","Cel","goedgekeurd",,,,
,,,,,,,,,
"parameter","sikb-id","aquo-code","analysedatum","analysemeetwaarde","eenheid meerwaarde","rapportagegrens","eenheid rapportagegres","limietsymbool","status kwaliteitscontrole"
"fosfor totaal","4188","Ptot","2001-01-25","1.4","mg/l",,,,"goedgekeurd"
"stikstof Kjeldahl","4064","NKj","2001-01-25","3.5","mg/l",,,,"goedgekeurd"
"mangaan","1128","Mn","2001-01-25","80.0","ug/l",,,,"goedgekeurd"
"zink","1693","Zn","2001-01-25","10.0","ug/l",,,"<","goedgekeurd"
"lood","1116","Pb","2001-01-25","5.0","ug/l",,,"<","goedgekeurd"
"nikkel","1267","Ni","2001-01-25","5.0","ug/l",,,"<","goedgekeurd"
"koper","971","Cu","2001-01-25","2.5","ug/l",,,"<","goedgekeurd"
"chroom","517","Cr","2001-01-25","2.5","ug/l",,,"<","goedgekeurd"
"cadmium","441","Cd","2001-01-25","0.4","ug/l",,,"<","goedgekeurd"
"arseen","310","As","2001-01-25","2.5","ug/l",,,"<","goedgekeurd"
"aluminium","284","Al","2001-01-25","20.0","ug/l",,,,"goedgekeurd"
"nitraat","1270","NO3","2001-01-25","0.5","mg/l",,,"<","goedgekeurd"
"waterstofcarbonaat","374","HCO3","2001-01-25","280.0","mg/l",,,,"goedgekeurd"
"sulfaat","1508","SO4","2001-01-25","86.0","mg/l",,,,"goedgekeurd"
"chloride","508","Cl","2001-01-25","39.0","mg/l",,,,"goedgekeurd"
"ammonium","289","NH4","2001-01-25","2.4","mg/l",,,,"goedgekeurd"
"ijzer","879","Fe","2001-01-25","6300.0","ug/l",,,,"goedgekeurd"
"natrium","1262","Na","2001-01-25","110.0","mg/l",,,,"goedgekeurd"
"Zuurgraad","1398","pH","2001-01-25","7.5","1",,,,"goedgekeurd"
"magnesium","1125","Mg","2001-01-25","6.3","mg/l",,,,"goedgekeurd"
"calcium","447","Ca","2001-01-25","33.0","mg/l",,,,"goedgekeurd"
"fosfaat","1334","PO4","2001-01-25","1.4","mg/l",,,,"goedgekeurd"
"Geleidendheid","3548","GELDHD","2001-01-25","92.0","mS/m",,,,"goedgekeurd"
,,,,,,,,,
