"BRO-ID","kwaliteitsregime","in registratie sinds","tijdstip veldonderzoek","pomptype","buis",,,,
"GAR000000052143","IMBRO/A","2025-04-10T13:06:55+02:00","1991-04-23T12:00:00+02:00","onbekend","3",,,,
,,,,,,,,,
"parameter","sikb-id","aquo-code","analysedatum","analysemeetwaarde","eenheid meerwaarde","rapportagegrens","eenheid rapportagegres","limietsymbool","status kwaliteitscontrole"
"natrium","1262","Na","1991-04-23","100.0","mg/l",,,,"goedgekeurd"
"calcium","447","Ca","1991-04-23","35.0","mg/l",,,,"goedgekeurd"
"chloride","508","Cl","1991-04-23","49.0","mg/l",,,,"goedgekeurd"
"sulfaat","1508","SO4","1991-04-23","81.0","mg/l",,,,"goedgekeurd"
"waterstofcarbonaat","374","HCO3","1991-04-23","360.0","mg/l",,,,"goedgekeurd"
,,,,,,,,,
