"BRO-ID","kwaliteitsregime","in registratie sinds","tijdstip veldonderzoek","pomptype","buis",,,,
"GAR000000036244","IMBRO/A","2023-01-13T22:43:42+01:00","2007-10-03T13:00:00+02:00","onderwaterpomp","3",,,,
,,,,,,,,,
"parameter","sikb-id","aquo-code","analysemeetwaarde","eenheid meetwaarde","status kwaliteitscontrole",,,,
"zuurstof","1701","O2","0.0","mg/l","goedgekeurd",,,,
"Geleidendheid","3548","GELDHD","3880.0","mS/m","goedgekeurd",,,,
"waterstofcarbonaat","374","HCO3","736.48","mg/l","goedgekeurd",,,,
"Temperatuur","1522","T","11.6","Cel","goedgekeurd",,,,
"Zuurgraad","1398","pH","6.81","1","goedgekeurd",,,,
,,,,,,,,,
"parameter","sikb-id","aquo-code","analysedatum","analysemeetwaarde","eenheid meerwaarde","rapportagegrens","eenheid rapportagegres","limietsymbool","status kwaliteitscontrole"
"aluminium","284","Al","2007-10-03","500.0","ug/l",,,"<","goedgekeurd"
"arseen","310","As","2007-10-03","4.0","ug/l",,,"<","goedgekeurd"
"barium","333","Ba","2007-10-03","135.069","ug/l",,,,"goedgekeurd"
"chloride","508","Cl","2007-10-03","13338.25","mg/l",,,,"goedgekeurd"
"chroom","517","Cr","2007-10-03","14.0","ug/l",,,"<","goedgekeurd"
"koper","971","Cu","2007-10-03","2.051","ug/l",,,,"goedgekeurd"
"Geleidendheid","3548","GELDHD","2007-10-03","3850.0","mS/m",,,,"goedgekeurd"
"Zuurgraad","1398","pH","2007-10-03","6.88","1",,,,"goedgekeurd"
"waterstofcarbonaat","374","HCO3","2007-10-03","727.1","mg/l",,,,"goedgekeurd"
"fosfor totaal","4188","Ptot","2007-10-03","1.031","mg/l",,,,"goedgekeurd"
"sulfaat","1508","SO4","2007-10-03","1752.73","mg/l",,,,"goedgekeurd"
"ijzer","879","Fe","2007-10-03","13705.0","ug/l",,,,"goedgekeurd"
"magnesium","1125","Mg","2007-10-03","688.193","mg/l",,,,"goedgekeurd"
"mangaan","1128","Mn","2007-10-03","1295.3","ug/l",,,,"goedgekeurd"
"ammonium","289","NH4","2007-10-03","6.57","mg/l",,,,"goedgekeurd"
"natrium","1262","Na","2007-10-03","5151.62","mg/l",,,,"goedgekeurd"
"nikkel","1267","Ni","2007-10-03","10.0","ug/l",,,"<","goedgekeurd"
"lood","1116","Pb","2007-10-03","4.0","ug/l",,,"<","goedgekeurd"
"zink","1693","Zn","2007-10-03","33.816","ug/l",,,,"goedgekeurd"
"calcium","447","Ca","2007-10-03","679.322","mg/l",,,,"goedgekeurd"
"koolstof organisch","1318","Corg","2007-10-03","12.5","mg/l",,,,"goedgekeurd"
"nitraat","1270","NO3","2007-10-03","0.01","mg/l",,,"<","goedgekeurd"
"cadmium","441","Cd","2007-10-03","1.0","ug/l",,,"<","goedgekeurd"
,,,,,,,,,
