"BRO-ID","kwaliteitsregime","in registratie sinds","tijdstip veldonderzoek","pomptype","buis",,,,
"GAR000000055830","IMBRO/A","2025-04-10T18:47:38+02:00","1990-03-05T11:00:00+01:00","onbekend","2",,,,
,,,,,,,,,
"parameter","sikb-id","aquo-code","analysedatum","analysemeetwaarde","eenheid meerwaarde","rapportagegrens","eenheid rapportagegres","limietsymbool","status kwaliteitscontrole"
"calcium","447","Ca","1990-03-05","700.0","mg/l",,,,"goedgekeurd"
"magnesium","1125","Mg","1990-03-05","1320.0","mg/l",,,,"goedgekeurd"
"chloride","508","Cl","1990-03-05","16815.0","mg/l",,,,"goedgekeurd"
"sulfaat","1508","SO4","1990-03-05","2265.0","mg/l",,,,"goedgekeurd"
"kalium","920","K","1990-03-05","270.0","mg/l",,,,"goedgekeurd"
"waterstofcarbonaat","374","HCO3","1990-03-05","1306.0","mg/l",,,,"goedgekeurd"
"natrium","1262","Na","1990-03-05","12200.0","mg/l",,,,"goedgekeurd"
"Geleidendheid","3548","GELDHD","1990-03-05","1197.0","mS/m",,,,"goedgekeurd"
,,,,,,,,,
