"BRO-ID","kwaliteitsregime","in registratie sinds","tijdstip veldonderzoek","pomptype","buis",,,,
"GAR000000052373","IMBRO/A","2025-04-10T13:28:19+02:00","2005-01-20T11:00:00+01:00","onbekend","3",,,,
,,,,,,,,,
"parameter","sikb-id","aquo-code","analysemeetwaarde","eenheid meetwaarde","status kwaliteitscontrole",,,,
"Temperatuur","1522","T","11.2","Cel","goedgekeurd",,,,
,,,,,,,,,
"parameter","sikb-id","aquo-code","analysedatum","analysemeetwaarde","eenheid meerwaarde","rapportagegrens","eenheid rapportagegres","limietsymbool","status kwaliteitscontrole"
"stikstof Kjeldahl","4064","NKj","2005-01-20","15.5","mg/l",,,,"goedgekeurd"
"zink","1693","Zn","2005-01-20","28.0","ug/l",,,,"goedgekeurd"
"lood","1116","Pb","2005-01-20","18.0","ug/l",,,,"goedgekeurd"
"nikkel","1267","Ni","2005-01-20","4.0","ug/l",,,,"goedgekeurd"
"koper","971","Cu","2005-01-20","10.0","ug/l",,,,"goedgekeurd"
"chroom","517","Cr","2005-01-20","6.0","ug/l",,,,"goedgekeurd"
"arseen","310","As","2005-01-20","6.0","ug/l",,,,"goedgekeurd"
"aluminium","284","Al","2005-01-20","25.0","ug/l",,,"<","goedgekeurd"
"cadmium","441","Cd","2005-01-20","1.0","ug/l",,,,"goedgekeurd"
"nitriet","1273","NO2","2005-01-20","0.04","mg/l",,,,"goedgekeurd"
"waterstofcarbonaat","374","HCO3","2005-01-20","576.0","mg/l",,,,"goedgekeurd"
"sulfaat","1508","SO4","2005-01-20","1300.0","mg/l",,,,"goedgekeurd"
"chloride","508","Cl","2005-01-20","11000.0","mg/l",,,,"goedgekeurd"
"ammonium","289","NH4","2005-01-20","12.6","mg/l",,,,"goedgekeurd"
"mangaan","1128","Mn","2005-01-20","2200.0","ug/l",,,,"goedgekeurd"
"ijzer","879","Fe","2005-01-20","76230.0","ug/l",,,,"goedgekeurd"
"magnesium","1125","Mg","2005-01-20","550.0","mg/l",,,,"goedgekeurd"
"calcium","447","Ca","2005-01-20","1000.0","mg/l",,,,"goedgekeurd"
"kalium","920","K","2005-01-20","100.0","mg/l",,,,"goedgekeurd"
"natrium","1262","Na","2005-01-20","5500.0","mg/l",,,,"goedgekeurd"
"Zuurgraad","1398","pH","2005-01-20","6.5","1",,,,"goedgekeurd"
"nitraat","1270","NO3","2005-01-20","0.05","mg/l",,,,"goedgekeurd"
"fosfor totaal","4188","Ptot","2005-01-20","0.65","mg/l",,,,"goedgekeurd"
"Geleidendheid","3548","GELDHD","2005-01-20","3100.0","mS/m",,,,"goedgekeurd"
"fosfaat","1334","PO4","2005-01-20","0.4","mg/l",,,,"goedgekeurd"
,,,,,,,,,
