"BRO-ID","kwaliteitsregime","in registratie sinds","tijdstip veldonderzoek","pomptype","buis",,,,
"GAR000000052299","IMBRO/A","2025-04-10T13:21:29+02:00","2001-01-25T11:00:00+01:00","onbekend","1",,,,
,,,,,,,,,
"parameter","sikb-id","aquo-code","analysemeetwaarde","eenheid meetwaarde","status kwaliteitscontrole",,,,
"Temperatuur","1522","T","8.2","Cel","goedgekeurd",,,,
,,,,,,,,,
"parameter","sikb-id","aquo-code","analysedatum","analysemeetwaarde","eenheid meerwaarde","rapportagegrens","eenheid rapportagegres","limietsymbool","status kwaliteitscontrole"
"koper","971","Cu","2001-01-25","2.5","ug/l",,,"<","goedgekeurd"
"ammonium","289","NH4","2001-01-25","1.2","mg/l",,,,"goedgekeurd"
"chloride","508","Cl","2001-01-25","94.0","mg/l",,,,"goedgekeurd"
"sulfaat","1508","SO4","2001-01-25","1.0","mg/l",,,"<","goedgekeurd"
"waterstofcarbonaat","374","HCO3","2001-01-25","970.0","mg/l",,,,"goedgekeurd"
"nitraat","1270","NO3","2001-01-25","0.5","mg/l",,,"<","goedgekeurd"
"arseen","310","As","2001-01-25","18.0","ug/l",,,,"goedgekeurd"
"stikstof Kjeldahl","4064","NKj","2001-01-25","6.2","mg/l",,,,"goedgekeurd"
"mangaan","1128","Mn","2001-01-25","500.0","ug/l",,,,"goedgekeurd"
"chroom","517","Cr","2001-01-25","20.0","ug/l",,,,"goedgekeurd"
"aluminium","284","Al","2001-01-25","460.0","ug/l",,,,"goedgekeurd"
"nikkel","1267","Ni","2001-01-25","5.0","ug/l",,,"<","goedgekeurd"
"lood","1116","Pb","2001-01-25","5.0","ug/l",,,"<","goedgekeurd"
"zink","1693","Zn","2001-01-25","49.0","ug/l",,,,"goedgekeurd"
"cadmium","441","Cd","2001-01-25","0.4","ug/l",,,"<","goedgekeurd"
"Zuurgraad","1398","pH","2001-01-25","7.7","1",,,,"goedgekeurd"
"natrium","1262","Na","2001-01-25","400.0","mg/l",,,,"goedgekeurd"
"ijzer","879","Fe","2001-01-25","12000.0","ug/l",,,,"goedgekeurd"
"kalium","920","K","2001-01-25","15.0","mg/l",,,,"goedgekeurd"
"calcium","447","Ca","2001-01-25","23.0","mg/l",,,,"goedgekeurd"
"magnesium","1125","Mg","2001-01-25","12.0","mg/l",,,,"goedgekeurd"
"fosfor totaal","4188","Ptot","2001-01-25","2.0","mg/l",,,,"goedgekeurd"
"fosfaat","1334","PO4","2001-01-25","1.88","mg/l",,,,"goedgekeurd"
"Geleidendheid","3548","GELDHD","2001-01-25","170.0","mS/m",,,,"goedgekeurd"
,,,,,,,,,
