"BRO-ID","kwaliteitsregime","in registratie sinds","tijdstip veldonderzoek","pomptype","buis",,,,
"GAR000000051942","IMBRO/A","2025-04-10T12:48:08+02:00","1995-12-19T11:00:00+01:00","onbekend","2",,,,
,,,,,,,,,
"parameter","sikb-id","aquo-code","analysemeetwaarde","eenheid meetwaarde","status kwaliteitscontrole",,,,
"Temperatuur","1522","T","10.0","Cel","goedgekeurd",,,,
,,,,,,,,,
"parameter","sikb-id","aquo-code","analysedatum","analysemeetwaarde","eenheid meerwaarde","rapportagegrens","eenheid rapportagegres","limietsymbool","status kwaliteitscontrole"
"Zuurgraad","1398","pH","1995-12-19","6.6","1",,,,"goedgekeurd"
"aluminium","284","Al","1995-12-19","10.0","ug/l",,,,"goedgekeurd"
"stikstof Kjeldahl","4064","NKj","1995-12-19","9.0","mg/l",,,,"goedgekeurd"
"zink","1693","Zn","1995-12-19","28.0","ug/l",,,,"goedgekeurd"
"lood","1116","Pb","1995-12-19","5.0","ug/l",,,"<","goedgekeurd"
"nikkel","1267","Ni","1995-12-19","5.0","ug/l",,,"<","goedgekeurd"
"koper","971","Cu","1995-12-19","5.0","ug/l",,,"<","goedgekeurd"
"chroom","517","Cr","1995-12-19","5.0","ug/l",,,"<","goedgekeurd"
"ammonium","289","NH4","1995-12-19","7.65","mg/l",,,,"goedgekeurd"
"arseen","310","As","1995-12-19","11.0","ug/l",,,,"goedgekeurd"
"nitraat","1270","NO3","1995-12-19","2.0","mg/l",,,"<","goedgekeurd"
"waterstofcarbonaat","374","HCO3","1995-12-19","750.0","mg/l",,,,"goedgekeurd"
"sulfaat","1508","SO4","1995-12-19","635.0","mg/l",,,,"goedgekeurd"
"chloride","508","Cl","1995-12-19","5100.0","mg/l",,,,"goedgekeurd"
"mangaan","1128","Mn","1995-12-19","1000.0","ug/l",,,,"goedgekeurd"
"ijzer","879","Fe","1995-12-19","26000.0","ug/l",,,,"goedgekeurd"
"magnesium","1125","Mg","1995-12-19","215.0","mg/l",,,,"goedgekeurd"
"calcium","447","Ca","1995-12-19","493.0","mg/l",,,,"goedgekeurd"
"kalium","920","K","1995-12-19","45.0","mg/l",,,,"goedgekeurd"
"natrium","1262","Na","1995-12-19","2761.0","mg/l",,,,"goedgekeurd"
"cadmium","441","Cd","1995-12-19","0.5","ug/l",,,"<","goedgekeurd"
"fosfor totaal","4188","Ptot","1995-12-19","0.47","mg/l",,,,"goedgekeurd"
"fosfaat","1334","PO4","1995-12-19","0.04","mg/l",,,,"goedgekeurd"
"Geleidendheid","3548","GELDHD","1995-12-19","1700.0","mS/m",,,,"goedgekeurd"
,,,,,,,,,
