"BRO-ID","kwaliteitsregime","in registratie sinds","tijdstip veldonderzoek","pomptype","buis",,,,
"GAR000000035717","IMBRO/A","2023-01-13T22:06:49+01:00","1984-03-23T12:00:00+01:00","onderwaterpomp","3",,,,
,,,,,,,,,
"parameter","sikb-id","aquo-code","analysedatum","analysemeetwaarde","eenheid meerwaarde","rapportagegrens","eenheid rapportagegres","limietsymbool","status kwaliteitscontrole"
"chloride","508","Cl","1984-03-23","14800.0","mg/l",,,,"goedgekeurd"
"Geleidendheid","3548","GELDHD","1984-03-23","4011.3","mS/m",,,,"goedgekeurd"
"Zuurgraad","1398","pH","1984-03-23","7.06","1",,,,"goedgekeurd"
"waterstofcarbonaat","374","HCO3","1984-03-23","236.0","mg/l",,,,"goedgekeurd"
"fosfor totaal","4188","Ptot","1984-03-23","1.1","mg/l",,,,"goedgekeurd"
"sulfaat","1508","SO4","1984-03-23","2000.0","mg/l",,,,"goedgekeurd"
"magnesium","1125","Mg","1984-03-23","1180.0","mg/l",,,,"goedgekeurd"
"ammonium","289","NH4","1984-03-23","6.5","mg/l",,,,"goedgekeurd"
"siliciumdioxide","4656","SiO2","1984-03-23","7.0","mg/l",,,,"goedgekeurd"
"koolstof organisch","1318","Corg","1984-03-23","0.1","mg/l",,,"<","goedgekeurd"
"nitraat","1270","NO3","1984-03-23","0.1","mg/l",,,"<","goedgekeurd"
"fosfaat","1334","PO4","1984-03-23","0.1","mg/l",,,,"goedgekeurd"
,,,,,,,,,
