"BRO-ID","kwaliteitsregime","in registratie sinds","tijdstip veldonderzoek","pomptype","buis",,,,
"GAR000000035995","IMBRO/A","2023-01-13T22:22:36+01:00","1984-03-23T12:00:00+01:00","onderwaterpomp","1",,,,
,,,,,,,,,
"parameter","sikb-id","aquo-code","analysedatum","analysemeetwaarde","eenheid meerwaarde","rapportagegrens","eenheid rapportagegres","limietsymbool","status kwaliteitscontrole"
"chloride","508","Cl","1984-03-23","11400.0","mg/l",,,,"goedgekeurd"
"Geleidendheid","3548","GELDHD","1984-03-23","3050.85","mS/m",,,,"goedgekeurd"
"Zuurgraad","1398","pH","1984-03-23","7.47","1",,,,"goedgekeurd"
"waterstofcarbonaat","374","HCO3","1984-03-23","389.0","mg/l",,,,"goedgekeurd"
"fosfor totaal","4188","Ptot","1984-03-23","1.7","mg/l",,,,"goedgekeurd"
"sulfaat","1508","SO4","1984-03-23","1500.0","mg/l",,,,"goedgekeurd"
"kalium","920","K","1984-03-23","230.0","mg/l",,,,"goedgekeurd"
"magnesium","1125","Mg","1984-03-23","750.0","mg/l",,,,"goedgekeurd"
"ammonium","289","NH4","1984-03-23","2.0","mg/l",,,,"goedgekeurd"
"natrium","1262","Na","1984-03-23","6300.0","mg/l",,,,"goedgekeurd"
"siliciumdioxide","4656","SiO2","1984-03-23","12.4","mg/l",,,,"goedgekeurd"
"koolstof organisch","1318","Corg","1984-03-23","1.2","mg/l",,,,"goedgekeurd"
"calcium","447","Ca","1984-03-23","270.0","mg/l",,,,"goedgekeurd"
"nitraat","1270","NO3","1984-03-23","0.1","mg/l",,,"<","goedgekeurd"
"fosfaat","1334","PO4","1984-03-23","1.9","mg/l",,,,"goedgekeurd"
,,,,,,,,,
