"BRO-ID","kwaliteitsregime","in registratie sinds","tijdstip veldonderzoek","pomptype","buis",,,,
"GAR000000035784","IMBRO/A","2023-01-13T22:10:10+01:00","1989-04-28T13:00:00+02:00","onderwaterpomp","3",,,,
,,,,,,,,,
"parameter","sikb-id","aquo-code","analysedatum","analysemeetwaarde","eenheid meerwaarde","rapportagegrens","eenheid rapportagegres","limietsymbool","status kwaliteitscontrole"
"chloride","508","Cl","1989-04-28","14188.0","mg/l",,,,"goedgekeurd"
"Geleidendheid","3548","GELDHD","1989-04-28","3954.8","mS/m",,,,"goedgekeurd"
"Zuurgraad","1398","pH","1989-04-28","7.11","1",,,,"goedgekeurd"
"waterstofcarbonaat","374","HCO3","1989-04-28","245.0","mg/l",,,,"goedgekeurd"
"fosfor totaal","4188","Ptot","1989-04-28","1.15","mg/l",,,,"goedgekeurd"
"sulfaat","1508","SO4","1989-04-28","1981.0","mg/l",,,,"goedgekeurd"
"ijzer","879","Fe","1989-04-28","6870.0","ug/l",,,,"goedgekeurd"
"kalium","920","K","1989-04-28","236.03","mg/l",,,,"goedgekeurd"
"magnesium","1125","Mg","1989-04-28","942.1","mg/l",,,,"goedgekeurd"
"ammonium","289","NH4","1989-04-28","5.47","mg/l",,,,"goedgekeurd"
"natrium","1262","Na","1989-04-28","7971.0","mg/l",,,,"goedgekeurd"
"calcium","447","Ca","1989-04-28","346.0","mg/l",,,,"goedgekeurd"
"nitraat","1270","NO3","1989-04-28","0.28","mg/l",,,"<","goedgekeurd"
"fosfaat","1334","PO4","1989-04-28","0.92","mg/l",,,,"goedgekeurd"
,,,,,,,,,
