"BRO-ID","kwaliteitsregime","in registratie sinds","tijdstip veldonderzoek","pomptype","buis",,,,
"GAR000000035671","IMBRO/A","2023-01-13T22:04:41+01:00","1994-02-03T12:00:00+01:00","onderwaterpomp","1",,,,
,,,,,,,,,
"parameter","sikb-id","aquo-code","analysemeetwaarde","eenheid meetwaarde","status kwaliteitscontrole",,,,
"Temperatuur","1522","T","11.5","Cel","goedgekeurd",,,,
"Geleidendheid","3548","GELDHD","3370.0","mS/m","goedgekeurd",,,,
"Zuurgraad","1398","pH","7.4","1","goedgekeurd",,,,
,,,,,,,,,
"parameter","sikb-id","aquo-code","analysedatum","analysemeetwaarde","eenheid meerwaarde","rapportagegrens","eenheid rapportagegres","limietsymbool","status kwaliteitscontrole"
"aluminium","284","Al","1994-02-03","13.49","ug/l",,,"<","goedgekeurd"
"barium","333","Ba","1994-02-03","231.264","ug/l",,,,"goedgekeurd"
"chloride","508","Cl","1994-02-03","11673.891","mg/l",,,,"goedgekeurd"
"koper","971","Cu","1994-02-03","0.635","ug/l",,,"<","goedgekeurd"
"fosfor totaal","4188","Ptot","1994-02-03","1.796","mg/l",,,,"goedgekeurd"
"sulfaat","1508","SO4","1994-02-03","1560.668","mg/l",,,,"goedgekeurd"
"strontium","1501","Sr","1994-02-03","5227.409","ug/l",,,,"goedgekeurd"
"ijzer","879","Fe","1994-02-03","212.0","ug/l",,,,"goedgekeurd"
"kalium","920","K","1994-02-03","260.758","mg/l",,,,"goedgekeurd"
"magnesium","1125","Mg","1994-02-03","848.37","mg/l",,,,"goedgekeurd"
"mangaan","1128","Mn","1994-02-03","967.0","ug/l",,,,"goedgekeurd"
"ammonium","289","NH4","1994-02-03","2.172","mg/l",,,,"goedgekeurd"
"natrium","1262","Na","1994-02-03","6832.95","mg/l",,,,"goedgekeurd"
"lood","1116","Pb","1994-02-03","2.093","ug/l",,,,"goedgekeurd"
"zink","1693","Zn","1994-02-03","130.78","ug/l",,,,"goedgekeurd"
"calcium","447","Ca","1994-02-03","332.997","mg/l",,,,"goedgekeurd"
"koolstof organisch","1318","Corg","1994-02-03","3.927","mg/l",,,,"goedgekeurd"
"nitraat","1270","NO3","1994-02-03","0.028","mg/l",,,,"goedgekeurd"
"cadmium","441","Cd","1994-02-03","0.472","ug/l",,,,"goedgekeurd"
,,,,,,,,,
