"BRO-ID","kwaliteitsregime","in registratie sinds","tijdstip veldonderzoek","pomptype","buis",,,,
"GAR000000035667","IMBRO/A","2023-01-13T22:04:30+01:00","1989-04-28T13:00:00+02:00","onderwaterpomp","1",,,,
,,,,,,,,,
"parameter","sikb-id","aquo-code","analysedatum","analysemeetwaarde","eenheid meerwaarde","rapportagegrens","eenheid rapportagegres","limietsymbool","status kwaliteitscontrole"
"chloride","508","Cl","1989-04-28","11223.0","mg/l",,,,"goedgekeurd"
"Geleidendheid","3548","GELDHD","1989-04-28","3265.54","mS/m",,,,"goedgekeurd"
"Zuurgraad","1398","pH","1989-04-28","7.52","1",,,,"goedgekeurd"
"waterstofcarbonaat","374","HCO3","1989-04-28","322.0","mg/l",,,,"goedgekeurd"
"fosfor totaal","4188","Ptot","1989-04-28","4.65","mg/l",,,,"goedgekeurd"
"sulfaat","1508","SO4","1989-04-28","1523.0","mg/l",,,,"goedgekeurd"
"ijzer","879","Fe","1989-04-28","220.0","ug/l",,,,"goedgekeurd"
"kalium","920","K","1989-04-28","256.02","mg/l",,,,"goedgekeurd"
"magnesium","1125","Mg","1989-04-28","757.6","mg/l",,,,"goedgekeurd"
"ammonium","289","NH4","1989-04-28","1.74","mg/l",,,,"goedgekeurd"
"natrium","1262","Na","1989-04-28","6343.0","mg/l",,,,"goedgekeurd"
"calcium","447","Ca","1989-04-28","284.0","mg/l",,,,"goedgekeurd"
"nitraat","1270","NO3","1989-04-28","0.28","mg/l",,,"<","goedgekeurd"
"fosfaat","1334","PO4","1989-04-28","1.53","mg/l",,,,"goedgekeurd"
,,,,,,,,,
