"BRO-ID","kwaliteitsregime","in registratie sinds","tijdstip veldonderzoek","pomptype","buis",,,,
"GAR000000035658","IMBRO/A","2023-01-13T22:04:05+01:00","1987-05-08T13:00:00+02:00","onderwaterpomp","1",,,,
,,,,,,,,,
"parameter","sikb-id","aquo-code","analysedatum","analysemeetwaarde","eenheid meerwaarde","rapportagegrens","eenheid rapportagegres","limietsymbool","status kwaliteitscontrole"
"chloride","508","Cl","1987-05-08","11700.0","mg/l",,,,"goedgekeurd"
"Geleidendheid","3548","GELDHD","1987-05-08","3254.24","mS/m",,,,"goedgekeurd"
"Zuurgraad","1398","pH","1987-05-08","7.5","1",,,,"goedgekeurd"
"waterstofcarbonaat","374","HCO3","1987-05-08","305.0","mg/l",,,,"goedgekeurd"
"fosfor totaal","4188","Ptot","1987-05-08","0.59","mg/l",,,,"goedgekeurd"
"sulfaat","1508","SO4","1987-05-08","1540.0","mg/l",,,,"goedgekeurd"
"kalium","920","K","1987-05-08","235.0","mg/l",,,,"goedgekeurd"
"magnesium","1125","Mg","1987-05-08","732.0","mg/l",,,,"goedgekeurd"
"ammonium","289","NH4","1987-05-08","1.84","mg/l",,,,"goedgekeurd"
"natrium","1262","Na","1987-05-08","6530.0","mg/l",,,,"goedgekeurd"
"calcium","447","Ca","1987-05-08","278.0","mg/l",,,,"goedgekeurd"
"koolstof organisch","1318","Corg","1987-05-08","3.77","mg/l",,,,"goedgekeurd"
"nitraat","1270","NO3","1987-05-08","0.3","mg/l",,,"<","goedgekeurd"
,,,,,,,,,
