"BRO-ID","kwaliteitsregime","in registratie sinds","tijdstip veldonderzoek","pomptype","buis",,,,
"GAR000000035711","IMBRO/A","2023-01-13T22:06:33+01:00","1981-04-21T13:00:00+02:00","onderwaterpomp","3",,,,
,,,,,,,,,
"parameter","sikb-id","aquo-code","analysedatum","analysemeetwaarde","eenheid meerwaarde","rapportagegrens","eenheid rapportagegres","limietsymbool","status kwaliteitscontrole"
"chloride","508","Cl","1981-04-21","14300.0","mg/l",,,,"goedgekeurd"
"Geleidendheid","3548","GELDHD","1981-04-21","3841.81","mS/m",,,,"goedgekeurd"
"Zuurgraad","1398","pH","1981-04-21","7.24","1",,,,"goedgekeurd"
"waterstofcarbonaat","374","HCO3","1981-04-21","227.0","mg/l",,,,"goedgekeurd"
"fosfor totaal","4188","Ptot","1981-04-21","1.1","mg/l",,,,"goedgekeurd"
"sulfaat","1508","SO4","1981-04-21","2400.0","mg/l",,,,"goedgekeurd"
"kalium","920","K","1981-04-21","220.0","mg/l",,,,"goedgekeurd"
"magnesium","1125","Mg","1981-04-21","910.0","mg/l",,,,"goedgekeurd"
"ammonium","289","NH4","1981-04-21","6.2","mg/l",,,,"goedgekeurd"
"natrium","1262","Na","1981-04-21","8400.0","mg/l",,,,"goedgekeurd"
"siliciumdioxide","4656","SiO2","1981-04-21","8.2","mg/l",,,,"goedgekeurd"
"koolstof organisch","1318","Corg","1981-04-21","4.0","mg/l",,,,"goedgekeurd"
"calcium","447","Ca","1981-04-21","360.0","mg/l",,,,"goedgekeurd"
"nitraat","1270","NO3","1981-04-21","0.1","mg/l",,,"<","goedgekeurd"
,,,,,,,,,
