"BRO-ID","kwaliteitsregime","in registratie sinds","tijdstip veldonderzoek","pomptype","buis",,,,
"GAR000000057883","IMBRO/A","2025-04-10T21:52:10+02:00","2001-01-19T11:00:00+01:00","onbekend","1",,,,
,,,,,,,,,
"parameter","sikb-id","aquo-code","analysemeetwaarde","eenheid meetwaarde","status kwaliteitscontrole",,,,
"Temperatuur","1522","T","6.6","Cel","goedgekeurd",,,,
,,,,,,,,,
"parameter","sikb-id","aquo-code","analysedatum","analysemeetwaarde","eenheid meerwaarde","rapportagegrens","eenheid rapportagegres","limietsymbool","status kwaliteitscontrole"
"nitraat","1270","NO3","2001-01-19","9.3","mg/l",,,,"goedgekeurd"
"stikstof Kjeldahl","4064","NKj","2001-01-19","1.5","mg/l",,,,"goedgekeurd"
"zink","1693","Zn","2001-01-19","10.0","ug/l",,,"<","goedgekeurd"
"lood","1116","Pb","2001-01-19","5.0","ug/l",,,"<","goedgekeurd"
"nikkel","1267","Ni","2001-01-19","5.0","ug/l",,,"<","goedgekeurd"
"koper","971","Cu","2001-01-19","2.5","ug/l",,,"<","goedgekeurd"
"chroom","517","Cr","2001-01-19","2.5","ug/l",,,"<","goedgekeurd"
"cadmium","441","Cd","2001-01-19","0.4","ug/l",,,"<","goedgekeurd"
"arseen","310","As","2001-01-19","2.5","ug/l",,,"<","goedgekeurd"
"aluminium","284","Al","2001-01-19","5.0","ug/l",,,"<","goedgekeurd"
"waterstofcarbonaat","374","HCO3","2001-01-19","220.0","mg/l",,,,"onbeslist"
"calcium","447","Ca","2001-01-19","230.0","mg/l",,,,"goedgekeurd"
"sulfaat","1508","SO4","2001-01-19","260.0","mg/l",,,,"goedgekeurd"
"ammonium","289","NH4","2001-01-19","0.55","mg/l",,,,"goedgekeurd"
"mangaan","1128","Mn","2001-01-19","450.0","ug/l",,,,"goedgekeurd"
"ijzer","879","Fe","2001-01-19","530.0","ug/l",,,,"goedgekeurd"
"magnesium","1125","Mg","2001-01-19","31.0","mg/l",,,,"goedgekeurd"
"chloride","508","Cl","2001-01-19","240.0","mg/l",,,,"goedgekeurd"
"kalium","920","K","2001-01-19","9.3","mg/l",,,,"goedgekeurd"
"natrium","1262","Na","2001-01-19","25.0","mg/l",,,,"goedgekeurd"
"Zuurgraad","1398","pH","2001-01-19","7.2","1",,,,"goedgekeurd"
"fosfor totaal","4188","Ptot","2001-01-19","0.17","mg/l",,,,"goedgekeurd"
"Geleidendheid","3548","GELDHD","2001-01-19","130.0","mS/m",,,,"goedgekeurd"
"fosfaat","1334","PO4","2001-01-19","0.03","mg/l",,,,"goedgekeurd"
,,,,,,,,,
