"BRO-ID","kwaliteitsregime","in registratie sinds","tijdstip veldonderzoek","pomptype","buis",,,,
"GAR000000057832","IMBRO/A","2025-04-10T21:47:54+02:00","1997-11-10T11:00:00+01:00","onbekend","2",,,,
,,,,,,,,,
"parameter","sikb-id","aquo-code","analysemeetwaarde","eenheid meetwaarde","status kwaliteitscontrole",,,,
"Temperatuur","1522","T","11.2","Cel","goedgekeurd",,,,
,,,,,,,,,
"parameter","sikb-id","aquo-code","analysedatum","analysemeetwaarde","eenheid meerwaarde","rapportagegrens","eenheid rapportagegres","limietsymbool","status kwaliteitscontrole"
"ammonium","289","NH4","1997-11-10","15.09","mg/l",,,,"goedgekeurd"
"natrium","1262","Na","1997-11-10","150.0","mg/l",,,,"goedgekeurd"
"aluminium","284","Al","1997-11-10","5.0","ug/l",,,"<","goedgekeurd"
"stikstof Kjeldahl","4064","NKj","1997-11-10","14.0","mg/l",,,,"goedgekeurd"
"lood","1116","Pb","1997-11-10","5.0","ug/l",,,"<","goedgekeurd"
"koper","971","Cu","1997-11-10","2.5","ug/l",,,"<","goedgekeurd"
"chroom","517","Cr","1997-11-10","2.5","ug/l",,,"<","goedgekeurd"
"arseen","310","As","1997-11-10","16.0","ug/l",,,,"goedgekeurd"
"Zuurgraad","1398","pH","1997-11-10","6.9","1",,,,"goedgekeurd"
"nitraat","1270","NO3","1997-11-10","2.0","mg/l",,,"<","goedgekeurd"
"waterstofcarbonaat","374","HCO3","1997-11-10","730.0","mg/l",,,,"goedgekeurd"
"sulfaat","1508","SO4","1997-11-10","24.0","mg/l",,,,"goedgekeurd"
"chloride","508","Cl","1997-11-10","310.0","mg/l",,,,"goedgekeurd"
"mangaan","1128","Mn","1997-11-10","550.0","ug/l",,,,"onbeslist"
"ijzer","879","Fe","1997-11-10","13000.0","ug/l",,,,"goedgekeurd"
"magnesium","1125","Mg","1997-11-10","40.0","mg/l",,,,"goedgekeurd"
"calcium","447","Ca","1997-11-10","155.0","mg/l",,,,"goedgekeurd"
"kalium","920","K","1997-11-10","21.0","mg/l",,,,"goedgekeurd"
"cadmium","441","Cd","1997-11-10","0.5","ug/l",,,"<","goedgekeurd"
"zink","1693","Zn","1997-11-10","150.0","ug/l",,,,"goedgekeurd"
"nikkel","1267","Ni","1997-11-10","5.0","ug/l",,,"<","goedgekeurd"
"fosfor totaal","4188","Ptot","1997-11-10","1.6","mg/l",,,,"goedgekeurd"
"Geleidendheid","3548","GELDHD","1997-11-10","204.0","mS/m",,,,"goedgekeurd"
"fosfaat","1334","PO4","1997-11-10","0.07","mg/l",,,,"goedgekeurd"
,,,,,,,,,
