"BRO-ID","kwaliteitsregime","in registratie sinds","tijdstip veldonderzoek","pomptype","buis",,,,
"GAR000000051476","IMBRO/A","2025-03-21T10:44:10+01:00","2022-03-07T11:00:00+01:00","peristaltischePomp","2",,,,
,,,,,,,,,
"parameter","sikb-id","aquo-code","analysedatum","analysemeetwaarde","eenheid meerwaarde","rapportagegrens","eenheid rapportagegres","limietsymbool","status kwaliteitscontrole"
"fosfor totaal","4188","Ptot","2022-03-07","1.74","mg/l","1.74","mg/l",,"goedgekeurd"
"seleen","1476","Se","2022-03-07","5.0","ug/l","5.0","ug/l","<","goedgekeurd"
"aluminium","284","Al","2022-03-07","10.0","ug/l","10.0","ug/l","<","goedgekeurd"
"ammonium","289","NH4","2022-03-07","16.22","mg/l","16.22","mg/l",,"goedgekeurd"
"antimoon","301","Sb","2022-03-07","0.41","ug/l","0.41","ug/l",,"goedgekeurd"
"koolstof organisch","1318","Corg","2022-03-07","11.92","mg/l","11.92","mg/l",,"onbeslist"
"nitriet","1273","NO2","2022-03-07","0.01","mg/l","0.01","mg/l","<","goedgekeurd"
"Geleidendheid","3548","GELDHD","2022-03-07","230.4","mS/m","230.4","mS/m",,"goedgekeurd"
"koper","971","Cu","2022-03-07","2.0","ug/l","2.0","ug/l","<","goedgekeurd"
"kalium","920","K","2022-03-07","23.8","mg/l","23.8","mg/l",,"goedgekeurd"
"kwik","1097","Hg","2022-03-07","0.03","ug/l","0.03","ug/l","<","goedgekeurd"
"natrium","1262","Na","2022-03-07","200.46","mg/l","200.46","mg/l",,"goedgekeurd"
"nikkel","1267","Ni","2022-03-07","0.43","ug/l","0.43","ug/l",,"goedgekeurd"
"nitraat","1270","NO3","2022-03-07","0.25","mg/l","0.25","mg/l",,"goedgekeurd"
"lithium","1115","Li","2022-03-07","26.02","ug/l","26.02","ug/l",,"goedgekeurd"
"lood","1116","Pb","2022-03-07","0.12","ug/l","0.12","ug/l","<","onbeslist"
"kobalt","527","Co","2022-03-07","2.0","ug/l","2.0","ug/l","<","goedgekeurd"
"waterstofcarbonaat","374","HCO3","2022-03-07","747.25","mg/l","747.25","mg/l",,"goedgekeurd"
"beryllium","362","Be","2022-03-07","2.0","ug/l","2.0","ug/l","<","goedgekeurd"
"chloride","508","Cl","2022-03-07","436.06","mg/l","436.06","mg/l",,"goedgekeurd"
"arseen","310","As","2022-03-07","4.03","ug/l","4.03","ug/l",,"goedgekeurd"
"barium","333","Ba","2022-03-07","161.78","ug/l","161.78","ug/l",,"goedgekeurd"
"ijzer","879","Fe","2022-03-07","16184.66","ug/l","16184.66","ug/l",,"goedgekeurd"
"molybdeen","1243","Mo","2022-03-07","3.66E-4","ug/l","3.66E-4","ug/l",,"onbeslist"
"uranium","1637","U","2022-03-07","1.0","ug/l","1.0","ug/l","<","goedgekeurd"
"vanadium","1642","V","2022-03-07","0.88","ug/l","0.88","ug/l",,"goedgekeurd"
"thallium","1553","Tl","2022-03-07","5.0","ug/l","5.0","ug/l","<","goedgekeurd"
"tin","1564","Sn","2022-03-07","10.0","ug/l","10.0","ug/l","<","goedgekeurd"
"titaan","1565","Ti","2022-03-07","2.0","ug/l","2.0","ug/l","<","goedgekeurd"
"fluoride","1853","F","2022-03-07","0.18","mg/l","0.18","mg/l",,"goedgekeurd"
"Zuurgraad","1398","pH","2022-03-07","6.92","1","6.92","1",,"goedgekeurd"
"strontium","1501","Sr","2022-03-07","899.45","ug/l","899.45","ug/l",,"goedgekeurd"
"sulfaat","1508","SO4","2022-03-07","5.0","mg/l","5.0","mg/l","<","goedgekeurd"
"mangaan","1128","Mn","2022-03-07","746.13","ug/l","746.13","ug/l",,"goedgekeurd"
"magnesium","1125","Mg","2022-03-07","44.83","mg/l","44.83","mg/l",,"goedgekeurd"
"calcium","447","Ca","2022-03-07","179.2","mg/l","179.2","mg/l",,"goedgekeurd"
"cadmium","441","Cd","2022-03-07","0.1","ug/l","0.1","ug/l","<","goedgekeurd"
"boor","386","B","2022-03-07","419.01","ug/l","419.01","ug/l",,"goedgekeurd"
"bromide","391","Br","2022-03-07","1.43","mg/l","1.43","mg/l",,"goedgekeurd"
"tellurium","1520","Te","2022-03-07","2.0","ug/l","2.0","ug/l","<","goedgekeurd"
"Temperatuur","1522","T","2022-03-07","19.4","Cel","19.4","Cel",,"goedgekeurd"
"chroom","517","Cr","2022-03-07","1.17","ug/l","1.17","ug/l",,"goedgekeurd"
"zirkonium","1695","Zr","2022-03-07","12.0","ug/l","12.0","ug/l","<","goedgekeurd"
"zink","1693","Zn","2022-03-07","14.08","ug/l","14.08","ug/l",,"goedgekeurd"
"wolfraam","1685","W","2022-03-07","1.0","ug/l","1.0","ug/l","<","goedgekeurd"
"zilver","1692","Ag","2022-03-07","5.0","ug/l","5.0","ug/l","<","goedgekeurd"
,,,,,,,,,
