"BRO-ID","kwaliteitsregime","in registratie sinds","tijdstip veldonderzoek","pomptype","buis",,,,
"GAR000000058396","IMBRO/A","2025-04-10T22:39:30+02:00","2001-01-19T11:00:00+01:00","onbekend","1",,,,
,,,,,,,,,
"parameter","sikb-id","aquo-code","analysemeetwaarde","eenheid meetwaarde","status kwaliteitscontrole",,,,
"Temperatuur","1522","T","6.6","Cel","goedgekeurd",,,,
,,,,,,,,,
"parameter","sikb-id","aquo-code","analysedatum","analysemeetwaarde","eenheid meerwaarde","rapportagegrens","eenheid rapportagegres","limietsymbool","status kwaliteitscontrole"
"fosfaat","1334","PO4","2001-01-19","0.39","mg/l",,,,"goedgekeurd"
"ijzer","879","Fe","2001-01-19","9200.0","ug/l",,,,"goedgekeurd"
"calcium","447","Ca","2001-01-19","190.0","mg/l",,,,"goedgekeurd"
"kalium","920","K","2001-01-19","67.0","mg/l",,,,"goedgekeurd"
"natrium","1262","Na","2001-01-19","1300.0","mg/l",,,,"goedgekeurd"
"Zuurgraad","1398","pH","2001-01-19","7.3","1",,,,"goedgekeurd"
"chloride","508","Cl","2001-01-19","2600.0","mg/l",,,,"goedgekeurd"
"sulfaat","1508","SO4","2001-01-19","1.0","mg/l",,,"<","goedgekeurd"
"ammonium","289","NH4","2001-01-19","27.0","mg/l",,,,"goedgekeurd"
"magnesium","1125","Mg","2001-01-19","180.0","mg/l",,,,"goedgekeurd"
"stikstof Kjeldahl","4064","NKj","2001-01-19","21.0","mg/l",,,,"goedgekeurd"
"zink","1693","Zn","2001-01-19","10.0","ug/l",,,"<","goedgekeurd"
"lood","1116","Pb","2001-01-19","5.0","ug/l",,,"<","goedgekeurd"
"nikkel","1267","Ni","2001-01-19","5.0","ug/l",,,"<","goedgekeurd"
"koper","971","Cu","2001-01-19","2.5","ug/l",,,"<","goedgekeurd"
"chroom","517","Cr","2001-01-19","2.5","ug/l",,,"<","goedgekeurd"
"cadmium","441","Cd","2001-01-19","0.4","ug/l",,,"<","goedgekeurd"
"arseen","310","As","2001-01-19","2.5","ug/l",,,"<","goedgekeurd"
"aluminium","284","Al","2001-01-19","5.0","ug/l",,,"<","goedgekeurd"
"nitraat","1270","NO3","2001-01-19","0.5","mg/l",,,"<","goedgekeurd"
"waterstofcarbonaat","374","HCO3","2001-01-19","1100.0","mg/l",,,,"goedgekeurd"
"mangaan","1128","Mn","2001-01-19","900.0","ug/l",,,,"goedgekeurd"
"fosfor totaal","4188","Ptot","2001-01-19","1.2","mg/l",,,,"goedgekeurd"
"Geleidendheid","3548","GELDHD","2001-01-19","540.0","mS/m",,,,"onbeslist"
"Geleidendheid","3548","GELDHD","2001-01-19","850.0","mS/m",,,,"goedgekeurd"
,,,,,,,,,
