"BRO-ID","kwaliteitsregime","in registratie sinds","tijdstip veldonderzoek","pomptype","buis",,,,
"GAR000000052190","IMBRO/A","2025-04-10T13:11:26+02:00","1996-11-19T11:00:00+01:00","onbekend","2",,,,
,,,,,,,,,
"parameter","sikb-id","aquo-code","analysemeetwaarde","eenheid meetwaarde","status kwaliteitscontrole",,,,
"Temperatuur","1522","T","10.6","Cel","goedgekeurd",,,,
,,,,,,,,,
"parameter","sikb-id","aquo-code","analysedatum","analysemeetwaarde","eenheid meerwaarde","rapportagegrens","eenheid rapportagegres","limietsymbool","status kwaliteitscontrole"
"mangaan","1128","Mn","1996-11-19","200.0","ug/l",,,,"goedgekeurd"
"sulfaat","1508","SO4","1996-11-19","140.0","mg/l",,,,"goedgekeurd"
"waterstofcarbonaat","374","HCO3","1996-11-19","530.0","mg/l",,,,"goedgekeurd"
"nitraat","1270","NO3","1996-11-19","2.0","mg/l",,,"<","goedgekeurd"
"aluminium","284","Al","1996-11-19","20.0","ug/l",,,,"goedgekeurd"
"arseen","310","As","1996-11-19","5.0","ug/l",,,"<","goedgekeurd"
"cadmium","441","Cd","1996-11-19","0.5","ug/l",,,"<","goedgekeurd"
"chroom","517","Cr","1996-11-19","5.0","ug/l",,,"<","goedgekeurd"
"koper","971","Cu","1996-11-19","5.0","ug/l",,,"<","goedgekeurd"
"nikkel","1267","Ni","1996-11-19","5.0","ug/l",,,"<","goedgekeurd"
"lood","1116","Pb","1996-11-19","5.0","ug/l",,,"<","goedgekeurd"
"stikstof Kjeldahl","4064","NKj","1996-11-19","6.6","mg/l",,,,"goedgekeurd"
"zink","1693","Zn","1996-11-19","23.0","ug/l",,,,"goedgekeurd"
"ijzer","879","Fe","1996-11-19","5300.0","ug/l",,,,"goedgekeurd"
"chloride","508","Cl","1996-11-19","39.0","mg/l",,,,"goedgekeurd"
"ammonium","289","NH4","1996-11-19","5.43","mg/l",,,,"goedgekeurd"
"Zuurgraad","1398","pH","1996-11-19","7.0","1",,,,"goedgekeurd"
"natrium","1262","Na","1996-11-19","182.0","mg/l",,,,"goedgekeurd"
"kalium","920","K","1996-11-19","6.4","mg/l",,,,"goedgekeurd"
"calcium","447","Ca","1996-11-19","81.0","mg/l",,,,"goedgekeurd"
"magnesium","1125","Mg","1996-11-19","22.0","mg/l",,,,"goedgekeurd"
"fosfor totaal","4188","Ptot","1996-11-19","0.71","mg/l",,,,"goedgekeurd"
"fosfaat","1334","PO4","1996-11-19","0.3","mg/l",,,,"goedgekeurd"
"Geleidendheid","3548","GELDHD","1996-11-19","118.0","mS/m",,,,"goedgekeurd"
,,,,,,,,,
