"BRO-ID","kwaliteitsregime","in registratie sinds","tijdstip veldonderzoek","pomptype","buis",,,,
"GAR000000052538","IMBRO/A","2025-04-10T13:45:46+02:00","2001-11-26T11:00:00+01:00","onbekend","3",,,,
,,,,,,,,,
"parameter","sikb-id","aquo-code","analysemeetwaarde","eenheid meetwaarde","status kwaliteitscontrole",,,,
"Temperatuur","1522","T","11.2","Cel","goedgekeurd",,,,
,,,,,,,,,
"parameter","sikb-id","aquo-code","analysedatum","analysemeetwaarde","eenheid meerwaarde","rapportagegrens","eenheid rapportagegres","limietsymbool","status kwaliteitscontrole"
"lood","1116","Pb","2001-11-26","5.0","ug/l",,,"<","goedgekeurd"
"stikstof Kjeldahl","4064","NKj","2001-11-26","2.6","mg/l",,,,"goedgekeurd"
"zink","1693","Zn","2001-11-26","10.0","ug/l",,,"<","goedgekeurd"
"nikkel","1267","Ni","2001-11-26","5.0","ug/l",,,"<","goedgekeurd"
"ijzer","879","Fe","2001-11-26","1000.0","ug/l",,,,"goedgekeurd"
"arseen","310","As","2001-11-26","2.5","ug/l",,,"<","goedgekeurd"
"aluminium","284","Al","2001-11-26","20.0","ug/l",,,,"goedgekeurd"
"nitraat","1270","NO3","2001-11-26","0.89","mg/l",,,,"goedgekeurd"
"sulfaat","1508","SO4","2001-11-26","140.0","mg/l",,,,"goedgekeurd"
"chloride","508","Cl","2001-11-26","450.0","mg/l",,,,"goedgekeurd"
"ammonium","289","NH4","2001-11-26","2.3","mg/l",,,,"goedgekeurd"
"cadmium","441","Cd","2001-11-26","0.4","ug/l",,,"<","goedgekeurd"
"mangaan","1128","Mn","2001-11-26","120.0","ug/l",,,,"goedgekeurd"
"waterstofcarbonaat","374","HCO3","2001-11-26","490.0","mg/l",,,,"goedgekeurd"
"magnesium","1125","Mg","2001-11-26","17.0","mg/l",,,,"goedgekeurd"
"calcium","447","Ca","2001-11-26","50.0","mg/l",,,,"goedgekeurd"
"chroom","517","Cr","2001-11-26","5.0","ug/l",,,,"goedgekeurd"
"koper","971","Cu","2001-11-26","2.5","ug/l",,,"<","goedgekeurd"
"Zuurgraad","1398","pH","2001-11-26","7.8","1",,,,"goedgekeurd"
"natrium","1262","Na","2001-11-26","480.0","mg/l",,,,"goedgekeurd"
"kalium","920","K","2001-11-26","4.7","mg/l",,,,"goedgekeurd"
"fosfor totaal","4188","Ptot","2001-11-26","1.0","mg/l",,,,"goedgekeurd"
"Geleidendheid","3548","GELDHD","2001-11-26","260.0","mS/m",,,,"goedgekeurd"
"fosfaat","1334","PO4","2001-11-26","1.2","mg/l",,,,"goedgekeurd"
,,,,,,,,,
