"BRO-ID","kwaliteitsregime","in registratie sinds","tijdstip veldonderzoek","pomptype","buis",,,,
"GAR000000058429","IMBRO/A","2025-04-10T22:42:24+02:00","2004-01-16T11:00:00+01:00","onbekend","2",,,,
,,,,,,,,,
"parameter","sikb-id","aquo-code","analysemeetwaarde","eenheid meetwaarde","status kwaliteitscontrole",,,,
"Temperatuur","1522","T","10.5","Cel","goedgekeurd",,,,
,,,,,,,,,
"parameter","sikb-id","aquo-code","analysedatum","analysemeetwaarde","eenheid meerwaarde","rapportagegrens","eenheid rapportagegres","limietsymbool","status kwaliteitscontrole"
"ammonium","289","NH4","2004-01-16","58.34","mg/l",,,,"goedgekeurd"
"waterstofcarbonaat","374","HCO3","2004-01-16","3410.0","mg/l",,,,"goedgekeurd"
"sulfaat","1508","SO4","2004-01-16","6.0","mg/l",,,,"goedgekeurd"
"stikstof Kjeldahl","4064","NKj","2004-01-16","50.6","mg/l",,,,"goedgekeurd"
"zink","1693","Zn","2004-01-16","10.0","ug/l",,,"<","goedgekeurd"
"lood","1116","Pb","2004-01-16","5.0","ug/l",,,"<","goedgekeurd"
"nikkel","1267","Ni","2004-01-16","5.0","ug/l",,,"<","goedgekeurd"
"koper","971","Cu","2004-01-16","2.5","ug/l",,,"<","goedgekeurd"
"chroom","517","Cr","2004-01-16","6.0","ug/l",,,,"goedgekeurd"
"cadmium","441","Cd","2004-01-16","0.4","ug/l",,,"<","goedgekeurd"
"arseen","310","As","2004-01-16","16.0","ug/l",,,,"goedgekeurd"
"kalium","920","K","2004-01-16","371.0","mg/l",,,,"goedgekeurd"
"aluminium","284","Al","2004-01-16","5.0","ug/l",,,"<","goedgekeurd"
"natrium","1262","Na","2004-01-16","6920.0","mg/l",,,,"goedgekeurd"
"nitraat","1270","NO3","2004-01-16","0.05","mg/l",,,"<","goedgekeurd"
"calcium","447","Ca","2004-01-16","142.0","mg/l",,,,"goedgekeurd"
"magnesium","1125","Mg","2004-01-16","813.0","mg/l",,,,"goedgekeurd"
"ijzer","879","Fe","2004-01-16","4500.0","ug/l",,,,"goedgekeurd"
"mangaan","1128","Mn","2004-01-16","380.0","ug/l",,,,"goedgekeurd"
"chloride","508","Cl","2004-01-16","12700.0","mg/l",,,,"goedgekeurd"
"Zuurgraad","1398","pH","2004-01-16","7.7","1",,,,"goedgekeurd"
"fosfor totaal","4188","Ptot","2004-01-16","16.6","mg/l",,,,"goedgekeurd"
"Geleidendheid","3548","GELDHD","2004-01-16","3380.0","mS/m",,,,"goedgekeurd"
"fosfaat","1334","PO4","2004-01-16","17.14","mg/l",,,,"goedgekeurd"
,,,,,,,,,
