"BRO-ID","kwaliteitsregime","in registratie sinds","tijdstip veldonderzoek","pomptype","buis",,,,
"GAR000000059380","IMBRO/A","2025-04-11T00:08:08+02:00","2003-01-15T11:00:00+01:00","onbekend","1",,,,
,,,,,,,,,
"parameter","sikb-id","aquo-code","analysemeetwaarde","eenheid meetwaarde","status kwaliteitscontrole",,,,
"Temperatuur","1522","T","7.3","Cel","goedgekeurd",,,,
,,,,,,,,,
"parameter","sikb-id","aquo-code","analysedatum","analysemeetwaarde","eenheid meerwaarde","rapportagegrens","eenheid rapportagegres","limietsymbool","status kwaliteitscontrole"
"nikkel","1267","Ni","2003-01-15","5.0","ug/l",,,"<","goedgekeurd"
"lood","1116","Pb","2003-01-15","5.0","ug/l",,,"<","goedgekeurd"
"zink","1693","Zn","2003-01-15","10.0","ug/l",,,"<","goedgekeurd"
"stikstof Kjeldahl","4064","NKj","2003-01-15","4.4","mg/l",,,,"goedgekeurd"
"chroom","517","Cr","2003-01-15","2.5","ug/l",,,"<","goedgekeurd"
"cadmium","441","Cd","2003-01-15","0.4","ug/l",,,"<","goedgekeurd"
"ammonium","289","NH4","2003-01-15","4.9","mg/l",,,,"goedgekeurd"
"Zuurgraad","1398","pH","2003-01-15","6.7","1",,,,"goedgekeurd"
"natrium","1262","Na","2003-01-15","4760.0","mg/l",,,,"goedgekeurd"
"kalium","920","K","2003-01-15","75.5","mg/l",,,,"goedgekeurd"
"calcium","447","Ca","2003-01-15","683.0","mg/l",,,,"goedgekeurd"
"magnesium","1125","Mg","2003-01-15","512.0","mg/l",,,,"goedgekeurd"
"koper","971","Cu","2003-01-15","2.5","ug/l",,,"<","goedgekeurd"
"mangaan","1128","Mn","2003-01-15","1100.0","ug/l",,,,"goedgekeurd"
"chloride","508","Cl","2003-01-15","8800.0","mg/l",,,,"goedgekeurd"
"sulfaat","1508","SO4","2003-01-15","868.0","mg/l",,,,"goedgekeurd"
"waterstofcarbonaat","374","HCO3","2003-01-15","740.0","mg/l",,,,"goedgekeurd"
"nitraat","1270","NO3","2003-01-15","0.1","mg/l",,,"<","goedgekeurd"
"aluminium","284","Al","2003-01-15","5.0","ug/l",,,"<","goedgekeurd"
"arseen","310","As","2003-01-15","5.0","ug/l",,,,"goedgekeurd"
"ijzer","879","Fe","2003-01-15","1200.0","ug/l",,,,"goedgekeurd"
"fosfor totaal","4188","Ptot","2003-01-15","1.4","mg/l",,,,"goedgekeurd"
"Geleidendheid","3548","GELDHD","2003-01-15","2700.0","mS/m",,,,"goedgekeurd"
"fosfaat","1334","PO4","2003-01-15","0.13","mg/l",,,,"goedgekeurd"
,,,,,,,,,
