"BRO-ID","kwaliteitsregime","in registratie sinds","tijdstip veldonderzoek","pomptype","buis",,,,
"GAR000000059189","IMBRO/A","2025-04-10T23:50:12+02:00","2017-11-16T11:00:00+01:00","onbekend","2",,,,
,,,,,,,,,
"parameter","sikb-id","aquo-code","analysemeetwaarde","eenheid meetwaarde","status kwaliteitscontrole",,,,
"Geleidendheid","3548","GELDHD","2430.0","mS/m","onbeslist",,,,
"Zuurgraad","1398","pH","6.9","1","goedgekeurd",,,,
"Troebelheid","2031","TROEBHD","2.0","[NTU]","goedgekeurd",,,,
"Temperatuur","1522","T","11.7","Cel","goedgekeurd",,,,
"zuurstof","1701","O2","0.01","mg/l","goedgekeurd",,,,
,,,,,,,,,
"parameter","sikb-id","aquo-code","analysedatum","analysemeetwaarde","eenheid meerwaarde","rapportagegrens","eenheid rapportagegres","limietsymbool","status kwaliteitscontrole"
"koolstof organisch","1318","Corg","2017-11-16","14.0","mg/l",,,,"goedgekeurd"
"kwik","1097","Hg","2017-11-16","0.03","ug/l",,,"<","goedgekeurd"
"koper","971","Cu","2017-11-16","0.5","ug/l",,,"<","goedgekeurd"
"kobalt","527","Co","2017-11-16","50.0","ug/l",,,"<","goedgekeurd"
"boor","386","B","2017-11-16","960.0","ug/l",,,,"goedgekeurd"
"cadmium","441","Cd","2017-11-16","0.1","ug/l",,,"<","goedgekeurd"
"bromide","391","Br","2017-11-16","29.0","mg/l",,,,"goedgekeurd"
"lithium","1115","Li","2017-11-16","86.0","ug/l",,,,"goedgekeurd"
"tellurium","1520","Te","2017-11-16","50.0","ug/l",,,"<","goedgekeurd"
"beryllium","362","Be","2017-11-16","50.0","ug/l",,,"<","goedgekeurd"
"chroom","517","Cr","2017-11-16","0.86","ug/l",,,,"goedgekeurd"
"lood","1116","Pb","2017-11-16","1.0","ug/l",,,"<","goedgekeurd"
"molybdeen","1243","Mo","2017-11-16","50.0","ug/l",,,"<","goedgekeurd"
"nikkel","1267","Ni","2017-11-16","1.0","ug/l",,,"<","goedgekeurd"
"rubidium","1987","Rb","2017-11-16","50.0","ug/l",,,"<","goedgekeurd"
"strontium","1501","Sr","2017-11-16","5200.0","ug/l",,,,"goedgekeurd"
"thallium","1553","Tl","2017-11-16","50.0","ug/l",,,"<","goedgekeurd"
"thorium","1563","Th","2017-11-16","50.0","ug/l",,,"<","goedgekeurd"
"titaan","1565","Ti","2017-11-16","50.0","ug/l",,,"<","goedgekeurd"
"barium","333","Ba","2017-11-16","490.0","ug/l",,,,"goedgekeurd"
"calcium","447","Ca","2017-11-16","670.0","mg/l",,,,"goedgekeurd"
"seleen","1476","Se","2017-11-16","50.0","ug/l",,,"<","goedgekeurd"
"chloride","508","Cl","2017-11-16","8600.0","mg/l",,,,"goedgekeurd"
"uranium","1637","U","2017-11-16","50.0","ug/l",,,"<","goedgekeurd"
"Geleidendheid","3548","GELDHD","2017-11-16","2570.0","mS/m",,,,"goedgekeurd"
"Zuurgraad","1398","pH","2017-11-16","6.8","1",,,,"goedgekeurd"
"Temperatuur","1522","T","2017-11-16","13.4","Cel",,,,"goedgekeurd"
"natrium","1262","Na","2017-11-16","4800.0","mg/l",,,,"goedgekeurd"
"kalium","920","K","2017-11-16","68.0","mg/l",,,,"goedgekeurd"
"magnesium","1125","Mg","2017-11-16","500.0","mg/l",,,,"goedgekeurd"
"aluminium","284","Al","2017-11-16","10.0","ug/l",,,"<","goedgekeurd"
"ammonium","289","NH4","2017-11-16","4.2","mg/l",,,,"goedgekeurd"
"mangaan","1128","Mn","2017-11-16","420.0","ug/l",,,,"goedgekeurd"
"arseen","310","As","2017-11-16","1.0","ug/l",,,"<","goedgekeurd"
"waterstofcarbonaat","374","HCO3","2017-11-16","660.0","mg/l",,,,"goedgekeurd"
"nitriet","1273","NO2","2017-11-16","0.01","mg/l",,,,"goedgekeurd"
"nitraat","1270","NO3","2017-11-16","0.05","mg/l",,,"<","goedgekeurd"
"sulfaat","1508","SO4","2017-11-16","830.0","mg/l",,,,"goedgekeurd"
"fosfaat","1334","PO4","2017-11-16","0.13","mg/l",,,,"goedgekeurd"
"fosfor totaal","4188","Ptot","2017-11-16","0.41","mg/l",,,,"goedgekeurd"
"fluoride","1853","F","2017-11-16","0.01","mg/l",,,"<","goedgekeurd"
"antimoon","301","Sb","2017-11-16","50.0","ug/l",,,"<","goedgekeurd"
"ijzer","879","Fe","2017-11-16","4500.0","ug/l",,,,"goedgekeurd"
"bromacil","390","bromcl","2017-11-16","0.01","ug/l",,,"<","goedgekeurd"
"2,4-dichloorfenoxypropionzuur","140","24DP","2017-11-16","0.04","ug/l",,,"<","goedgekeurd"
"chloordaan","2220","Cldn","2017-11-16","0.01","ug/l",,,"<","goedgekeurd"
"chloorbromuron","478","Clbmrn","2017-11-16","0.01","ug/l",,,"<","goedgekeurd"
"chlorantraniliprole","5175","chloratnlpl","2017-11-16","0.04","ug/l",,,"<","goedgekeurd"
"carbofuran","462","carbfrn","2017-11-16","0.03","ug/l",,,"<","goedgekeurd"
"carbetamide","3384","carbtAd","2017-11-16","0.03","ug/l",,,"<","goedgekeurd"
"carbendazim","460","carbdzm","2017-11-16","0.01","ug/l",,,"<","goedgekeurd"
"carbaryl","458","carbrl","2017-11-16","0.03","ug/l",,,"<","goedgekeurd"
"butocarboximsulfoxide","409","butcbOxmSO","2017-11-16","0.03","ug/l",,,"<","goedgekeurd"
"chloorprofam","492","Clpfm","2017-11-16","0.01","ug/l",,,"<","goedgekeurd"
"broomoxynil","394","BrOxnl","2017-11-16","0.1","ug/l",,,"<","goedgekeurd"
"ethylchloorpyrifos","494","C2yClprfs","2017-11-16","0.03","ug/l",,,"<","goedgekeurd"
"bifenthrin","376","biftn","2017-11-16","0.03","ug/l",,,"<","goedgekeurd"
"beta-endosulfan","365","bedsfn","2017-11-16","0.01","ug/l",,,"<","goedgekeurd"
"bentazon","340","bentzn","2017-11-16","0.06","ug/l",,,"<","goedgekeurd"
"benalaxyl","336","benlxl","2017-11-16","0.03","ug/l",,,"<","goedgekeurd"
"beflubutamide","3209","befbtAd","2017-11-16","0.03","ug/l",,,"<","goedgekeurd"
"azoxystrobin","3196","azoxsbn","2017-11-16","0.01","ug/l",,,"<","goedgekeurd"
"azamethifos","3195","azmtfs","2017-11-16","0.03","ug/l",,,"<","goedgekeurd"
"azaconazool","3192","azacnzl","2017-11-16","0.03","ug/l",,,"<","goedgekeurd"
"atrazine","325","atzne","2017-11-16","0.01","ug/l",,,"<","goedgekeurd"
"atraton","324","attn","2017-11-16","0.03","ug/l",,,"<","goedgekeurd"
"broompropylaat","400","Brpplt","2017-11-16","0.02","ug/l",,,"<","goedgekeurd"
"4,4'-dichloordifenyldichloorethaan","215","44DDD","2017-11-16","0.01","ug/l",,,"<","goedgekeurd"
"warfarin","4923","warfrn","2017-11-16","1.0","ug/l",,,"<","goedgekeurd"
"dichlobenil","603","Dcbnl","2017-11-16","0.03","ug/l",,,"<","goedgekeurd"
"dicamba","602","Dcba","2017-11-16","0.1","ug/l",,,"<","goedgekeurd"
"desmetryn","574","desmtn","2017-11-16","0.03","ug/l",,,"<","goedgekeurd"
"desisopropylatrazine","573","desiC3yatzne","2017-11-16","0.02","ug/l",,,"<","goedgekeurd"
"desethylterbutylazine","3614","desC2ytC4yaz","2017-11-16","0.02","ug/l",,,"<","goedgekeurd"
"desethylatrazine","571","desC2yatzne","2017-11-16","0.01","ug/l",,,"<","goedgekeurd"
"4,4'-dichloordifenyltrichloorethaan","217","44DDT","2017-11-16","0.01","ug/l",,,"<","goedgekeurd"
"2,4'-dichloordifenyltrichloorethaan","113","24DDT","2017-11-16","0.01","ug/l",,,"<","goedgekeurd"
"chloorfenvinfos","487","Clfvfs","2017-11-16","0.05","ug/l",,,"<","goedgekeurd"
"2,4'-dichloordifenyldichlooretheen","112","24DDE","2017-11-16","0.01","ug/l",,,"<","goedgekeurd"
"antrachinon","300","antcnn","2017-11-16","0.05","ug/l",,,"<","goedgekeurd"
"2,4'-dichloordifenyldichloorethaan","111","24DDD","2017-11-16","0.01","ug/l",,,"<","goedgekeurd"
"cyprodinil","3538","cypdnl","2017-11-16","0.01","ug/l",,,"<","goedgekeurd"
"cyanazine","534","CNazne","2017-11-16","0.02","ug/l",,,"<","goedgekeurd"
"clothianidine","3472","clotandne","2017-11-16","0.01","ug/l",,,"<","goedgekeurd"
"clopyralid","526","cloprld","2017-11-16","0.02","ug/l",,,"<","goedgekeurd"
"clofibrinezuur","2464","clofbnzr","2017-11-16","40.0","ug/l",,,"<","goedgekeurd"
"cis-heptachloorepoxide","272","cHpClepO","2017-11-16","0.01","ug/l",,,"<","goedgekeurd"
"cis-chloordaan","522","cCldn","2017-11-16","0.01","ug/l",,,"<","goedgekeurd"
"chloridazon","507","Clidzn","2017-11-16","0.01","ug/l",,,"<","goedgekeurd"
"chloortoluron","503","Cltlrn","2017-11-16","0.01","ug/l",,,"<","goedgekeurd"
"4,4'-dichloordifenyldichlooretheen","216","44DDE","2017-11-16","0.01","ug/l",,,"<","goedgekeurd"
"2,3,6-trichloorfenol","89","236TClFol","2017-11-16","0.02","ug/l",,,"<","goedgekeurd"
"2,6-dichloorfenol","136","26DClFol","2017-11-16","0.05","ug/l",,,"<","goedgekeurd"
"2,6-dichloorbenzamide","135","26DClBenAd","2017-11-16","0.03","ug/l",,,"<","goedgekeurd"
"2,5-dichloorfenol","127","25DClFol","2017-11-16","0.05","ug/l",,,"<","goedgekeurd"
"2,4-dinitrofenol","669","24DNO2Fol","2017-11-16","0.4","ug/l",,,"<","goedgekeurd"
"2,4-dimethylfenol","124","24DC1yFol","2017-11-16","0.1","ug/l",,,"<","goedgekeurd"
"2,4-dichloorfenol","115","24DClFol","2017-11-16","0.05","ug/l",,,"<","goedgekeurd"
"2,4-dichloorfenoxyazijnzuur","116","24D","2017-11-16","0.1","ug/l",,,"<","goedgekeurd"
"2,4,6-trichloorfenol","106","246TClFol","2017-11-16","0.02","ug/l",,,"<","goedgekeurd"
"2,4,5-trichloorfenoxyazijnzuur","102","245T","2017-11-16","0.1","ug/l",,,"<","goedgekeurd"
"aramit","5253","armt","2017-11-16","0.03","ug/l",,,"<","goedgekeurd"
"2,3-dichloorfenol","94","23DClFol","2017-11-16","0.05","ug/l",,,"<","goedgekeurd"
"2-hydroxyatrazine","2999","2HOxatzne","2017-11-16","0.02","ug/l",,,"<","goedgekeurd"
"2,3,5-trichloorfenol","86","235TClFol","2017-11-16","0.02","ug/l",,,"<","goedgekeurd"
"2,3,4-trichloorfenol","83","234TClFol","2017-11-16","0.02","ug/l",,,"<","goedgekeurd"
"1-(4-isopropylfenyl)ureum","4944","14iC3yFyurum","2017-11-16","0.02","ug/l",,,"<","goedgekeurd"
"1-(3,4-dichloorfenyl)-3-methylureum","2817","134DClFy3C1y","2017-11-16","0.03","ug/l",,,"<","goedgekeurd"
"som 16 polycyclische aromatische koolwaterstoffen (EPA)","1353","sPAK16","2017-11-16","0.24","ug/l",,,,"goedgekeurd"
"som 10 polycyclische aromatische koolwaterstoffen (VROM)","1352","sPAK10","2017-11-16","0.11","ug/l",,,,"goedgekeurd"
"VERVALLEN; oxytetracycline >> gebruik voortaan ID 7238","4336","OxT4ccne","2017-11-16","0.1","ug/l",,,"<","goedgekeurd"
"som xyleen-isomeren","1686","sxyln","2017-11-16","0.1","ug/l",,,,"goedgekeurd"
"som monocyclische aromatische koolwaterstoffen (BTEX)","401","sMAK","2017-11-16","1.1","ug/l",,,,"goedgekeurd"
"hexaan","860","C6a","2017-11-16","0.5","ug/l",,,"<","goedgekeurd"
"2,4,5-trichloorfenol","101","245TClFol","2017-11-16","0.02","ug/l",,,"<","goedgekeurd"
"4-chloorfenoxyazijnzuur","2412","4CPA","2017-11-16","0.12","ug/l",,,"<","goedgekeurd"
"dicofol","629","Dcfl","2017-11-16","0.03","ug/l",,,"<","goedgekeurd"
"aminomethylfosfonzuur","292","AMPA","2017-11-16","0.01","ug/l",,,"<","goedgekeurd"
"aminocarb","3175","Aocb","2017-11-16","0.03","ug/l",,,"<","goedgekeurd"
"ametryn","285","amtn","2017-11-16","0.03","ug/l",,,"<","goedgekeurd"
"ametoctradin","5242","amttdn","2017-11-16","0.01","ug/l",,,"<","goedgekeurd"
"alfa-hexachloorcyclohexaan","271","aHCH","2017-11-16","0.04","ug/l",,,"<","goedgekeurd"
"alfa-endosulfan","269","aedsfn","2017-11-16","0.01","ug/l",,,"<","goedgekeurd"
"aldrin","268","aldn","2017-11-16","0.01","ug/l",,,"<","goedgekeurd"
"aldicarbsulfoxide","267","alDcSO","2017-11-16","0.03","ug/l",,,"<","goedgekeurd"
"alachloor","264","alCl","2017-11-16","0.02","ug/l",,,"<","goedgekeurd"
"2,6-xylidine","2944","26xyldne","2017-11-16","0.05","ug/l",,,"<","goedgekeurd"
"acetamiprid","3135","actmpd","2017-11-16","0.01","ug/l",,,"<","goedgekeurd"
"2-chloorfenol","146","2ClFol","2017-11-16","0.05","ug/l",,,"<","goedgekeurd"
"4-chloorfenol","229","4ClFol","2017-11-16","0.05","ug/l",,,"<","goedgekeurd"
"3-chloorfenol","198","3ClFol","2017-11-16","0.05","ug/l",,,"<","goedgekeurd"
"3,5-dichloorfenol","186","35DClFol","2017-11-16","0.05","ug/l",,,"<","goedgekeurd"
"3,4-dichloorfenol","179","34DClFol","2017-11-16","0.05","ug/l",,,"<","goedgekeurd"
"trimethacarb","4876","Tmtcb","2017-11-16","0.03","ug/l",,,"<","goedgekeurd"
"3,4,5-trichloorfenol","177","345TClFol","2017-11-16","0.02","ug/l",,,"<","goedgekeurd"
"2-nitrofenol","170","2NO2Fol","2017-11-16","2.0","ug/l",,,"<","goedgekeurd"
"2-methyl-4-chloorfenoxyboterzuur","226","MCPB","2017-11-16","0.1","ug/l",,,"<","goedgekeurd"
"2-methyl-4-chloorfenoxyazijnzuur","225","MCPA","2017-11-16","0.1","ug/l",,,"<","goedgekeurd"
"isopropylanthranilamide","3976","iC3yantnlAd","2017-11-16","0.03","ug/l",,,"<","goedgekeurd"
"aclonifen","3127","acnfn","2017-11-16","0.03","ug/l",,,"<","goedgekeurd"
"pirimicarb","1406","pirmcb","2017-11-16","0.01","ug/l",,,"<","goedgekeurd"
"dichlofluanide","605","Dcfande","2017-11-16","0.03","ug/l",,,"<","goedgekeurd"
"quinmerac","4543","quinmrc","2017-11-16","0.03","ug/l",,,"<","goedgekeurd"
"pyrimethanil","2303","pyrmtnl","2017-11-16","0.01","ug/l",,,"<","goedgekeurd"
"pyrazofos","1444","pyrazfs","2017-11-16","0.01","ug/l",,,"<","goedgekeurd"
"pyraclostrobin","4524","pyrcsbn","2017-11-16","0.01","ug/l",,,"<","goedgekeurd"
"prosulfocarb","2361","prosfcb","2017-11-16","0.03","ug/l",,,"<","goedgekeurd"
"prometryne","1421","promtne","2017-11-16","0.01","ug/l",,,"<","goedgekeurd"
"profam","1418","profm","2017-11-16","0.02","ug/l",,,"<","goedgekeurd"
"procymidon","1417","procmdn","2017-11-16","0.03","ug/l",,,"<","goedgekeurd"
"rimsulfuron","4570","rimsfrn","2017-11-16","0.01","ug/l",,,"<","goedgekeurd"
"ethylpirimifos","1407","C2yprmfs","2017-11-16","0.03","ug/l",,,"<","goedgekeurd"
"sebutylazine","1473","seC4yazne","2017-11-16","0.02","ug/l",,,"<","goedgekeurd"
"pentachloorfenol","1390","PeClFol","2017-11-16","0.02","ug/l",,,"<","goedgekeurd"
"pentachloorbenzeen","1387","PeClBen","2017-11-16","0.01","ug/l",,,"<","goedgekeurd"
"paraoxon-methyl","4350","paroonC1y","2017-11-16","0.03","ug/l",,,"<","goedgekeurd"
"paraoxon-ethyl","4351","paroonC2y","2017-11-16","0.03","ug/l",,,"<","goedgekeurd"
"oxamyl","1343","Oaml","2017-11-16","0.03","ug/l",,,"<","goedgekeurd"
"nicosulfuron","4254","nicsfrn","2017-11-16","0.01","ug/l",,,"<","goedgekeurd"
"monuron","1254","monrn","2017-11-16","0.01","ug/l",,,"<","goedgekeurd"
"monolinuron","1253","Mlnrn","2017-11-16","0.01","ug/l",,,"<","goedgekeurd"
"mevinfos","1191","mevfs","2017-11-16","0.01","ug/l",,,"<","goedgekeurd"
"metribuzin","1188","metbzn","2017-11-16","0.02","ug/l",,,"<","goedgekeurd"
"methylpirimifos","1408","C1yprmfs","2017-11-16","0.02","ug/l",,,"<","goedgekeurd"
"triadimefon","1586","Tadmfn","2017-11-16","0.01","ug/l",,,"<","goedgekeurd"
"tin","1564","Sn","2017-11-16","50.0","ug/l",,,"<","goedgekeurd"
"som 2,4- en 2,5-dichlooraniline","108","s2425DClAn","2017-11-16","0.05","ug/l",,,"<","goedgekeurd"
"dikegulac-natrium","5563","dikglNa","2017-11-16","0.05","ug/l",,,"<","goedgekeurd"
"dimethylsulfamide","5565","DC1ysAd","2017-11-16","0.03","ug/l",,,"<","goedgekeurd"
"prothioconazol-desthio","5252","protocnzdto","2017-11-16","0.02","ug/l",,,"<","goedgekeurd"
"trans-heptachloorepoxide","1581","tHpClepO","2017-11-16","0.01","ug/l",,,"<","goedgekeurd"
"glufosinaat","3877","glufsnt","2017-11-16","0.07","ug/l",,,"<","goedgekeurd"
"vinclozolin","1652","vinczln","2017-11-16","0.02","ug/l",,,"<","goedgekeurd"
"trifluraline","1612","Tfrlne","2017-11-16","0.01","ug/l",,,"<","goedgekeurd"
"pentachloornitrobenzeen (quintozeen)","1455","PeClNO2Ben","2017-11-16","0.01","ug/l",,,"<","goedgekeurd"
"triadimenol","2297","Tadmnl","2017-11-16","0.01","ug/l",,,"<","goedgekeurd"
"methoxyfenozide","3318","C1oxfnzde","2017-11-16","0.01","ug/l",,,"<","goedgekeurd"
"tolylfluanide","2235","tolfande","2017-11-16","0.02","ug/l",,,"<","goedgekeurd"
"tolclofos-methyl","1567","tolcfsC1y","2017-11-16","0.03","ug/l",,,"<","goedgekeurd"
"thiometon","1561","tomtn","2017-11-16","0.01","ug/l",,,"<","goedgekeurd"
"thiamethoxam","4864","thiamtxm","2017-11-16","0.02","ug/l",,,"<","goedgekeurd"
"thiacloprid","4863","thiacpd","2017-11-16","0.01","ug/l",,,"<","goedgekeurd"
"thiabendazol","4770","tabdzl","2017-11-16","0.03","ug/l",,,"<","goedgekeurd"
"terbutylazine","1525","terC4yazne","2017-11-16","0.01","ug/l",,,"<","goedgekeurd"
"tefluthrin","4825","teftn","2017-11-16","0.01","ug/l",,,"<","goedgekeurd"
"tebuconazol","2298","tebcnzl","2017-11-16","0.01","ug/l",,,"<","goedgekeurd"
"simazine","1480","simzne","2017-11-16","0.01","ug/l",,,"<","goedgekeurd"
"triclopyr","2450","Tcpr","2017-11-16","0.1","ug/l",,,"<","goedgekeurd"
"som dithiocarbamaten","681","sDtocbmt","2017-11-16","0.1","ug/l",,,"<","goedgekeurd"
"fenuron","2451","fenrn","2017-11-16","0.01","ug/l",,,"<","goedgekeurd"
"fenthion","760","fenton","2017-11-16","0.03","ug/l",,,"<","goedgekeurd"
"fenoxycarb","3768","fenOxcb","2017-11-16","0.01","ug/l",,,"<","goedgekeurd"
"fenitrothion","750","feNO2ton","2017-11-16","0.05","ug/l",,,"<","goedgekeurd"
"fenamifos","745","fenamfs","2017-11-16","0.03","ug/l",,,"<","goedgekeurd"
"ethyleendiaminetetraethaanzuur (EDTA)","730","EDTA","2017-11-16","0.5","ug/l",,,"<","goedgekeurd"
"ethofumesaat","721","etfmst","2017-11-16","0.02","ug/l",,,"<","goedgekeurd"
"ethidimuron","3727","etdmrn","2017-11-16","0.02","ug/l",,,"<","goedgekeurd"
"ethion","719","eton","2017-11-16","0.03","ug/l",,,"<","goedgekeurd"
"metoxuron","1187","metxrn","2017-11-16","0.01","ug/l",,,"<","goedgekeurd"
"diuron","683","Durn","2017-11-16","0.01","ug/l",,,"<","goedgekeurd"
"fludioxonil","3808","fludoxnl","2017-11-16","0.06","ug/l",,,"<","goedgekeurd"
"dinoseb","671","Dnsb","2017-11-16","0.06","ug/l",,,"<","goedgekeurd"
"4-dimethylaminosulfotoluidide","3650","DMST","2017-11-16","0.01","ug/l",,,"<","goedgekeurd"
"dimethenamide","3651","DmtAd","2017-11-16","0.01","ug/l",,,"<","goedgekeurd"
"dimethachloor","3652","DmtCl","2017-11-16","0.02","ug/l",,,"<","goedgekeurd"
"dimefuron","651","Dmfrn","2017-11-16","0.03","ug/l",,,"<","goedgekeurd"
"diflufenican","3624","Dffncn","2017-11-16","0.03","ug/l",,,"<","goedgekeurd"
"diflubenzuron","648","Dfbzrn","2017-11-16","0.12","ug/l",,,"<","goedgekeurd"
"difenoconazool","3627","Dfncnzl","2017-11-16","0.01","ug/l",,,"<","goedgekeurd"
"diethyltoluamide","2308","DEET","2017-11-16","0.03","ug/l",,,"<","goedgekeurd"
"dieldrin","633","dieldn","2017-11-16","0.01","ug/l",,,"<","goedgekeurd"
"epoxiconazool","3718","epxcnzl","2017-11-16","0.03","ug/l",,,"<","goedgekeurd"
"isodrin","907","idn","2017-11-16","0.01","ug/l",,,"<","goedgekeurd"
"beta-hexachloorcyclohexaan","366","bHCH","2017-11-16","0.04","ug/l",,,"<","goedgekeurd"
"methoxychloor","1159","C1oxCl","2017-11-16","0.01","ug/l",,,"<","goedgekeurd"
"methiocarb","2307","metocb","2017-11-16","0.01","ug/l",,,"<","goedgekeurd"
"methidathion","1155","metdton","2017-11-16","0.01","ug/l",,,"<","goedgekeurd"
"metazachloor","1152","mzCl","2017-11-16","0.01","ug/l",,,"<","goedgekeurd"
"metalaxyl","1149","mlxl","2017-11-16","0.01","ug/l",,,"<","goedgekeurd"
"metaflumizon","5254","mfmzn","2017-11-16","0.1","ug/l",,,"<","goedgekeurd"
"mecoprop","73","MCPP","2017-11-16","0.04","ug/l",,,"<","goedgekeurd"
"linuron","1114","linrn","2017-11-16","0.01","ug/l",,,"<","goedgekeurd"
"lenacil","1898","lencl","2017-11-16","0.01","ug/l",,,"<","goedgekeurd"
"fipronil","3786","fipnl","2017-11-16","0.01","ug/l",,,"<","goedgekeurd"
"isoproturon","913","iptrn","2017-11-16","0.01","ug/l",,,"<","goedgekeurd"
"florasulam","3829","flurslm","2017-11-16","0.01","ug/l",,,"<","goedgekeurd"
"indometacine","2471","indmtcne","2017-11-16","0.01","ug/l",,,"<","goedgekeurd"
"imidacloprid","2306","imdcpd","2017-11-16","0.02","ug/l",,,"<","goedgekeurd"
"hexazinon","871","Hxznn","2017-11-16","0.03","ug/l",,,"<","goedgekeurd"
"hexachloorbenzeen","861","HCB","2017-11-16","0.04","ug/l",,,"<","goedgekeurd"
"heptachloor","853","HpCl","2017-11-16","0.01","ug/l",,,"<","goedgekeurd"
"glyfosaat","840","glyfst","2017-11-16","0.03","ug/l",,,"<","goedgekeurd"
"gamma-hexachloorcyclohexaan (lindaan)","816","cHCH","2017-11-16","0.01","ug/l",,,"<","goedgekeurd"
"flutolanil","2305","flutlnl","2017-11-16","0.01","ug/l",,,"<","goedgekeurd"
"fluopyram","5245","fluoprm","2017-11-16","0.01","ug/l",,,"<","goedgekeurd"
"metolachloor","1185","metlCl","2017-11-16","0.01","ug/l",,,"<","goedgekeurd"
"kresoxim-methyl","4063","kresOxmC1y","2017-11-16","0.03","ug/l",,,"<","goedgekeurd"
"chlooramfenicol","2497","Clafncl","2017-11-16","0.01","ug/l",,,"<","goedgekeurd"
"cumeen","903","cumn","2017-11-16","0.2","ug/l",,,"<","goedgekeurd"
"cortison","3504","cortsn","2017-11-16","1.0","ug/l",,,"<","goedgekeurd"
"clozapine","3474","clozpne","2017-11-16","0.05","ug/l",,,"<","goedgekeurd"
"cloxacilline","2465","cloxclne","2017-11-16","1.0","ug/l",,,"<","goedgekeurd"
"clindamycine","3463","clindmcne","2017-11-16","1.0","ug/l",,,"<","goedgekeurd"
"claritromycine","3448","clartmcne","2017-11-16","0.05","ug/l",,,"<","goedgekeurd"
"cis-1,2-dichlooretheen","520","c12DClC2e","2017-11-16","0.1","ug/l",,,"<","goedgekeurd"
"chryseen","518","Chr","2017-11-16","0.01","ug/l",,,"<","goedgekeurd"
"chlooretheen (vinylchloride)","1654","ClC2e","2017-11-16","0.2","ug/l",,,"<","goedgekeurd"
"bis(2-ethylhexyl)ftalaat (DEHP)","382","DEHP","2017-11-16","0.5","ug/l",,,"<","goedgekeurd"
"chloorbenzeen","1246","ClBen","2017-11-16","0.2","ug/l",,,"<","goedgekeurd"
"cyclohexeen","5259","cycC6e","2017-11-16","0.05","ug/l",,,"<","goedgekeurd"
"cefuroxim","3398","cefrxm","2017-11-16","1.0","ug/l",,,"<","goedgekeurd"
"carbamazepine","3380","carbmzpne","2017-11-16","0.01","ug/l",,,"<","goedgekeurd"
"carbadox","5256","carbdx","2017-11-16","1.0","ug/l",,,"<","goedgekeurd"
"caffeine","442","caffine","2017-11-16","0.1","ug/l",,,"<","goedgekeurd"
"nonaan","1278","C9a","2017-11-16","0.5","ug/l",,,"<","goedgekeurd"
"octaan","1287","C8a","2017-11-16","0.5","ug/l",,,"<","goedgekeurd"
"heptaan","851","C7a","2017-11-16","0.5","ug/l",,,"<","goedgekeurd"
"pentaan","1384","C5a","2017-11-16","0.5","ug/l",,,"<","goedgekeurd"
"bisoprolol","3266","bispll","2017-11-16","0.03","ug/l",,,"<","goedgekeurd"
"dipropylftalaat","679","DC3yFt","2017-11-16","1.0","ug/l",,,"<","goedgekeurd"
"chloorethaan","1247","ClC2a","2017-11-16","0.5","ug/l",,,"<","goedgekeurd"
"dicyclohexylftalaat","3586","DccC6yFt","2017-11-16","1.0","ug/l",,,"<","goedgekeurd"
"dipentylftalaat","677","DC5yFt","2017-11-16","1.0","ug/l",,,"<","goedgekeurd"
"dioctylftalaat","674","DC8yFt","2017-11-16","1.0","ug/l",,,"<","goedgekeurd"
"dimetridazol","3653","DmTdzl","2017-11-16","1.0","ug/l",,,"<","goedgekeurd"
"dimethylftalaat","661","DC1yFt","2017-11-16","1.0","ug/l",,,"<","goedgekeurd"
"dimethyldisulfide","658","DC1yDS","2017-11-16","1.0","ug/l",,,"<","goedgekeurd"
"diisopropylether","583","DiC3yEtr","2017-11-16","0.5","ug/l",,,"<","goedgekeurd"
"diisobutylftalaat","577","DiC4yFt","2017-11-16","0.5","ug/l",,,"<","goedgekeurd"
"dihexylftalaat","650","DC6yFt","2017-11-16","0.2","ug/l",,,"<","goedgekeurd"
"diheptylftalaat","649","DC7yFt","2017-11-16","0.05","ug/l",,,"<","goedgekeurd"
"diethylftalaat","642","DC2yFt","2017-11-16","0.2","ug/l",,,"<","goedgekeurd"
"cyclofosfamide","2478","cycffAd","2017-11-16","1.0","ug/l",,,"<","goedgekeurd"
"dicyclopentadieen","632","DccPeDen","2017-11-16","0.5","ug/l",,,"<","goedgekeurd"
"cyclohexaan","540","cycC6a","2017-11-16","0.5","ug/l",,,"<","goedgekeurd"
"dicloxacilline","2467","Dcloxclne","2017-11-16","1.0","ug/l",,,"<","goedgekeurd"
"diclofenac","2466","Dclofnc","2017-11-16","0.01","ug/l",,,"<","goedgekeurd"
"dichloormethaan","619","DClC1a","2017-11-16","0.2","ug/l",,,"<","goedgekeurd"
"som dichlooretheen-isomeren","519","sDClC2e","2017-11-16","0.1","ug/l",,,,"goedgekeurd"
"dibutylftalaat","600","DC4yFt","2017-11-16","1.0","ug/l",,,"<","goedgekeurd"
"dibenzo(a,h)antraceen","593","DBahAnt","2017-11-16","0.01","ug/l",,,"<","goedgekeurd"
"dexamethason","3622","dexmtsn","2017-11-16","1.0","ug/l",,,"<","goedgekeurd"
"decaan","558","C10a","2017-11-16","0.5","ug/l",,,"<","goedgekeurd"
"dapson","2479","dapsn","2017-11-16","1.0","ug/l",,,"<","goedgekeurd"
"bezafibraat","2463","bezafbt","2017-11-16","0.01","ug/l",,,"<","goedgekeurd"
"diethylether","641","DC2yEtr","2017-11-16","0.2","mg/l",,,"<","goedgekeurd"
"1,1-dichloorpropaan","10","11DClC3a","2017-11-16","0.2","ug/l",,,"<","goedgekeurd"
"1,3-diethylbenzeen","5260","13DC2yBen","2017-11-16","0.2","ug/l",,,"<","goedgekeurd"
"1,3-dichloorpropaan","48","13DClC3a","2017-11-16","0.2","ug/l",,,"<","goedgekeurd"
"1,3,5-trimethylbenzeen","45","135TC1yBen","2017-11-16","0.2","ug/l",,,"<","goedgekeurd"
"1,3,5-trichloorbenzeen","44","135TClBen","2017-11-16","0.5","ug/l",,,"<","goedgekeurd"
"1,2-xyleen","1341","12xyln","2017-11-16","0.05","ug/l",,,"<","goedgekeurd"
"1,2-dichloorpropaan","38","12DClC3a","2017-11-16","0.1","ug/l",,,"<","goedgekeurd"
"1,2-dichloorethaan","36","12DClC2a","2017-11-16","0.05","ug/l",,,"<","goedgekeurd"
"1,2,4-trimethylbenzeen","33","124TC1yBen","2017-11-16","0.2","ug/l",,,"<","goedgekeurd"
"1,2,4-trichloorbenzeen","32","124TClBen","2017-11-16","0.5","ug/l",,,"<","goedgekeurd"
"bisfenol-A","76","bisFolA","2017-11-16","0.005","ug/l",,,"<","goedgekeurd"
"1,2,3-trichloorbenzeen","26","123TClBen","2017-11-16","0.5","ug/l",,,"<","goedgekeurd"
"1,4-diethylbenzeen","5261","14DC2yBen","2017-11-16","0.2","ug/l",,,"<","goedgekeurd"
"1,1-dichlooretheen","9","11DClC2e","2017-11-16","0.1","ug/l",,,"<","goedgekeurd"
"1,1-dichloorethaan","8","11DClC2a","2017-11-16","0.5","ug/l",,,"<","goedgekeurd"
"1,1,2-trichloorethaan","6","112TClC2a","2017-11-16","0.1","ug/l",,,"<","goedgekeurd"
"1,1,2,2-tetrachloorethaan","5","1122T4ClC2a","2017-11-16","0.5","ug/l",,,"<","goedgekeurd"
"1,1,1-trichloorethaan","4","111TClC2a","2017-11-16","0.05","ug/l",,,"<","goedgekeurd"
"zirkonium","1695","Zr","2017-11-16","50.0","ug/l",,,"<","goedgekeurd"
"zink","1693","Zn","2017-11-16","5.0","ug/l",,,"<","goedgekeurd"
"zilver","1692","Ag","2017-11-16","50.0","ug/l",,,"<","goedgekeurd"
"wolfraam","1685","W","2017-11-16","50.0","ug/l",,,"<","goedgekeurd"
"vanadium","1642","V","2017-11-16","2.0","ug/l",,,"<","goedgekeurd"
"1,2,3-trimethylbenzeen","29","123TC1yBen","2017-11-16","0.2","ug/l",,,"<","goedgekeurd"
"aminofenazon","2499","Aofnzn","2017-11-16","1.0","ug/l",,,"<","goedgekeurd"
"benzylbutylftalaat","361","benzC4yFt","2017-11-16","0.2","ug/l",,,"<","goedgekeurd"
"benzocaine","5255","benzcine","2017-11-16","1.0","ug/l",,,"<","goedgekeurd"
"benzo(b)fluorantheen","348","BbF","2017-11-16","0.02","ug/l",,,"<","goedgekeurd"
"benzo(k)fluorantheen","353","BkF","2017-11-16","0.01","ug/l",,,"<","goedgekeurd"
"benzo(ghi)peryleen","351","BghiPe","2017-11-16","0.02","ug/l",,,"<","goedgekeurd"
"benzo(a)pyreen","346","BaP","2017-11-16","0.01","ug/l",,,"<","goedgekeurd"
"benzo(a)antraceen","345","BaA","2017-11-16","0.01","ug/l",,,"<","goedgekeurd"
"benzeen","342","Ben","2017-11-16","0.2","ug/l",,,"<","goedgekeurd"
"valium","4913","valum","2017-11-16","1.0","ug/l",,,"<","goedgekeurd"
"atorvastatine","3189","atvttne","2017-11-16","1.0","ug/l",,,"<","goedgekeurd"
"1,3-difenylguanidine","5258","13DFygandne","2017-11-16","0.01","ug/l",,,"<","goedgekeurd"
"antraceen","299","Ant","2017-11-16","0.01","ug/l",,,"<","goedgekeurd"
"1,3-xyleen","1147","13xyln","2017-11-16","0.1","ug/l",,,"<","goedgekeurd"
"amidotrizoïnezuur","3165","amdTzinzr","2017-11-16","0.01","ug/l",,,"<","goedgekeurd"
"alfa-methylstyreen","273","aC1ysrn","2017-11-16","0.2","ug/l",,,"<","goedgekeurd"
"acetonitril","251","actntl","2017-11-16","1.0","mg/l",,,"<","goedgekeurd"
"acenaftyleen","248","AcNy","2017-11-16","0.05","ug/l",,,"<","goedgekeurd"
"acenafteen","247","AcNe","2017-11-16","0.05","ug/l",,,"<","goedgekeurd"
"4-methyl-2-pentanon (MIBK)","1175","4C1y2C5on","2017-11-16","1.0","ug/l",,,"<","goedgekeurd"
"2-ethoxy-2-methylpropaan","1852","2C2ox2C1yC3a","2017-11-16","1.0","ug/l",,,"<","goedgekeurd"
"17beta-estradiol","2314","17bestDol","2017-11-16","0.001","ug/l",,,"<","goedgekeurd"
"1,4-dioxaan","2841","14DOxan","2017-11-16","1.0","mg/l",,,"<","goedgekeurd"
"azitromycine","3198","aztmcne","2017-11-16","0.05","ug/l",,,"<","goedgekeurd"
"boscalid","3272","boscld","2017-11-16","0.03","ug/l",,,"<","goedgekeurd"
"salbutamol","4589","salbtml","2017-11-16","1.0","ug/l",,,"<","goedgekeurd"
"sulfaquinoxaline","4743","sulfqoxlne","2017-11-16","1.0","ug/l",,,"<","goedgekeurd"
"sulfapyridine","4742","sulfprdne","2017-11-16","0.03","ug/l",,,"<","goedgekeurd"
"sulfamethoxazol","2475","sulfmtoazl","2017-11-16","0.01","ug/l",,,"<","goedgekeurd"
"sulfamerazin","4740","sulfmrzn","2017-11-16","0.01","ug/l",,,"<","goedgekeurd"
"sulfadimidine","2494","sulfdmdne","2017-11-16","0.01","ug/l",,,"<","goedgekeurd"
"sulfadimethoxine","4738","sulfdmtoxne","2017-11-16","0.01","ug/l",,,"<","goedgekeurd"
"sulfadiazine","4737","sulfdazne","2017-11-16","1.0","ug/l",,,"<","goedgekeurd"
"sulfachloorpyridazine","4736","sulfClprdzne","2017-11-16","1.0","ug/l",,,"<","goedgekeurd"
"styreen","1503","styrn","2017-11-16","0.2","ug/l",,,"<","goedgekeurd"
"pentoxifylline","2488","poxflne","2017-11-16","0.01","ug/l",,,"<","goedgekeurd"
"salicylzuur","4590","salczr","2017-11-16","1.0","ug/l",,,"<","goedgekeurd"
"tetrachlooretheen (per)","1536","T4ClC2e","2017-11-16","0.1","ug/l",,,"<","goedgekeurd"
"roxitromycine","2492","roxtmcne","2017-11-16","1.0","ug/l",,,"<","goedgekeurd"
"ronidazol","4574","rondzl","2017-11-16","1.0","ug/l",,,"<","goedgekeurd"
"quetiapine","4539","quetpne","2017-11-16","1.0","ug/l",,,"<","goedgekeurd"
"pyreen","1445","Pyr","2017-11-16","0.01","ug/l",,,"<","goedgekeurd"
"propranolol","2491","propnll","2017-11-16","1.0","ug/l",,,"<","goedgekeurd"
"progesteron","2490","progtrn","2017-11-16","1.0","ug/l",,,"<","goedgekeurd"
"primidon","2489","primdn","2017-11-16","0.01","ug/l",,,"<","goedgekeurd"
"pipamperon","4461","pipprn","2017-11-16","0.05","ug/l",,,"<","goedgekeurd"
"perfluoroctaanzuur","4443","PFOA","2017-11-16","0.03","ug/l",,,"<","goedgekeurd"
"perfluoroctaansulfonzuur (lineair)","4445","PFOS","2017-11-16","0.005","ug/l",,,"<","goedgekeurd"
"sotalol","4675","sotll","2017-11-16","0.1","ug/l",,,"<","goedgekeurd"
"trichloormethaan (chloroform)","1711","TClC1a","2017-11-16","0.1","ug/l",,,"<","goedgekeurd"
"atenolol","3186","atnll","2017-11-16","0.1","ug/l",,,"<","goedgekeurd"
"dipyridamol","3675","Dpyrdml","2017-11-16","1.0","ug/l",,,"<","goedgekeurd"
"tylosine","4902","tylsne","2017-11-16","1.0","ug/l",,,"<","goedgekeurd"
"tris(2-ethylhexyl)fosfaat","4893","tris2C2yC6yP","2017-11-16","0.1","ug/l",,,"<","goedgekeurd"
"tris(2-butoxyethyl)fosfaat","4894","tris2C4oxC2y","2017-11-16","0.1","ug/l",,,"<","goedgekeurd"
"trimethylfosfaat","4790","TC1yPO4","2017-11-16","0.1","ug/l",,,"<","goedgekeurd"
"trimethoprim","2496","Tmtpm","2017-11-16","1.0","ug/l",,,"<","goedgekeurd"
"triisobutylfosfaat","1585","TiC4yPO4","2017-11-16","0.05","ug/l",,,"<","goedgekeurd"
"trifenylfosfaat","4848","TFyPO4","2017-11-16","0.1","ug/l",,,"<","goedgekeurd"
"triethylfosfaat","1609","TC2yPO4","2017-11-16","0.1","ug/l",,,"<","goedgekeurd"
"tamoxifen","4775","tamxfn","2017-11-16","0.05","ug/l",,,"<","goedgekeurd"
"tris(1-chloor-2-propyl)fosfaat","1603","TClC3yPO4","2017-11-16","0.05","ug/l",,,"<","goedgekeurd"
"terbutaline","4835","terbtlne","2017-11-16","1.0","ug/l",,,"<","goedgekeurd"
"trichlooretheen (tri)","1598","TClC2e","2017-11-16","0.1","ug/l",,,"<","goedgekeurd"
"tributylfosfaat","1591","TC4yPO4","2017-11-16","0.1","ug/l",,,"<","goedgekeurd"
"tribroommethaan","1590","TBrC1a","2017-11-16","0.2","ug/l",,,"<","goedgekeurd"
"tri(2-chloorethyl)fosfaat","1599","T2ClC2yPO4","2017-11-16","0.1","ug/l",,,"<","goedgekeurd"
"trans-1,2-dichlooretheen","1578","t12DClC2e","2017-11-16","0.1","ug/l",,,"<","goedgekeurd"
"tramadol","4891","tramdl","2017-11-16","1.0","ug/l",,,"<","goedgekeurd"
"tolfenaminezuur","2476","tolfAezr","2017-11-16","1.0","ug/l",,,"<","goedgekeurd"
"tetrahydrofuraan","1544","T4Hfrn","2017-11-16","0.1","ug/l",,,"<","goedgekeurd"
"tetrachloormethaan (tetra)","1538","T4ClC1a","2017-11-16","1.0","ug/l",,,"<","goedgekeurd"
"tiamuline","2495","tiamlne","2017-11-16","1.0","ug/l",,,"<","goedgekeurd"
"triclocarban","5189","Tccbn","2017-11-16","1.0","ug/l",,,"<","goedgekeurd"
"florfenicol","3794","florfncl","2017-11-16","1.0","ug/l",,,"<","goedgekeurd"
"indeno(1,2,3-cd)pyreen","882","InP","2017-11-16","0.02","ug/l",,,"<","goedgekeurd"
"indaan","880","inda","2017-11-16","0.2","ug/l",,,"<","goedgekeurd"
"ifosfamide","3984","iffAd","2017-11-16","1.0","ug/l",,,"<","goedgekeurd"
"ibuprofen","2470","ibpfn","2017-11-16","0.01","ug/l",,,"<","goedgekeurd"
"hydrochloorthiazide","3928","HCltazde","2017-11-16","1.0","ug/l",,,"<","goedgekeurd"
"hexachloorethaan","865","HxClC2a","2017-11-16","0.5","ug/l",,,"<","goedgekeurd"
"gemfibrozil","2469","gemfbzl","2017-11-16","0.01","ug/l",,,"<","goedgekeurd"
"gabapentine","3857","gabptne","2017-11-16","1.0","ug/l",,,"<","goedgekeurd"
"furosemide","3854","fursmde","2017-11-16","1.0","ug/l",,,"<","goedgekeurd"
"irbesartan","4023","irbstan","2017-11-16","1.0","ug/l",,,"<","goedgekeurd"
"fluorantheen","775","Flu","2017-11-16","0.01","ug/l",,,"<","goedgekeurd"
"furazolidon","3855","furzldn","2017-11-16","1.0","ug/l",,,"<","goedgekeurd"
"fenoterol","2483","fentrl","2017-11-16","1.0","ug/l",,,"<","goedgekeurd"
"fenoprofen","2468","fenpfn","2017-11-16","1.0","ug/l",,,"<","goedgekeurd"
"fenofibraat","2482","fenfbt","2017-11-16","0.01","ug/l",,,"<","goedgekeurd"
"fenazon (antipyrine)","2481","fenzn","2017-11-16","0.02","ug/l",,,"<","goedgekeurd"
"fenantreen","746","Fen","2017-11-16","0.01","ug/l",,,"<","goedgekeurd"
"ethylbenzeen","728","C2yBen","2017-11-16","1.0","ug/l",,,"<","goedgekeurd"
"paracetamol","4347","parctml","2017-11-16","0.01","ug/l",,,"<","goedgekeurd"
"tolueen","1568","Tol","2017-11-16","0.2","ug/l",,,"<","goedgekeurd"
"ethinylestradiol","2294","etnetDol","2017-11-16","0.001","ug/l",,,"<","goedgekeurd"
"erytromycine","2480","ertmcne","2017-11-16","1.0","ug/l",,,"<","goedgekeurd"
"fluoxetine","3819","fluoxtne","2017-11-16","0.05","ug/l",,,"<","goedgekeurd"
"methyl-tertiair-butylether","1163","C1yttC4yEtr","2017-11-16","0.2","ug/l",,,"<","goedgekeurd"
"oxazepam","4337","oxzpm","2017-11-16","1.0","ug/l",,,"<","goedgekeurd"
"oxacilline","2498","Oaclne","2017-11-16","1.0","ug/l",,,"<","goedgekeurd"
"oleandomycin","5257","oladmcn","2017-11-16","0.1","ug/l",,,"<","goedgekeurd"
"naproxen","2474","napxn","2017-11-16","0.02","ug/l",,,"<","goedgekeurd"
"fluoreen","777","Fle","2017-11-16","0.05","ug/l",,,"<","goedgekeurd"
"johexol","4040","johxl","2017-11-16","0.1","ug/l",,,"<","goedgekeurd"
"naftaleen","1259","Naf","2017-11-16","0.02","ug/l",,,"<","goedgekeurd"
"nafcilline","2473","nafclne","2017-11-16","1.0","ug/l",,,"<","goedgekeurd"
"metronidazol","4160","metndzl","2017-11-16","1.0","ug/l",,,"<","goedgekeurd"
"metoprolol","2485","metpll","2017-11-16","0.01","ug/l",,,"<","goedgekeurd"
"methylmethacrylaat","1177","C1ymtclt","2017-11-16","1.0","ug/l",,,"<","goedgekeurd"
"metformine","4157","metfmne","2017-11-16","0.5","ug/l",,,"<","goedgekeurd"
"levetiracetam","4088","levtrctm","2017-11-16","1.0","ug/l",,,"<","goedgekeurd"
"jotalaminezuur","4045","jotlmnzr","2017-11-16","0.01","ug/l",,,"<","goedgekeurd"
"jopromide","4042","jopmde","2017-11-16","0.01","ug/l",,,"<","goedgekeurd"
"joxitalaminezuur","4047","joxtlmnzr","2017-11-16","0.01","ug/l",,,"<","goedgekeurd"
"ketoprofen","2472","ketpfn","2017-11-16","1.0","ug/l",,,"<","goedgekeurd"
"lidocaïne","4093","lidcine","2017-11-16","0.01","ug/l",,,"<","goedgekeurd"
"jopamidol","4043","jopmdl","2017-11-16","0.01","ug/l",,,"<","goedgekeurd"
"lincomycine","2484","lincmcne","2017-11-16","1.0","ug/l",,,"<","goedgekeurd"
"jomeprol","4041","jompl","2017-11-16","0.01","ug/l",,,"<","goedgekeurd"
"mebendazol","4133","mebdzl","2017-11-16","1.0","ug/l",,,"<","goedgekeurd"
,,,,,,,,,
