"BRO-ID","kwaliteitsregime","in registratie sinds","tijdstip veldonderzoek","pomptype","buis",,,,
"GAR000000061475","IMBRO/A","2025-04-11T03:27:56+02:00","1997-11-24T11:00:00+01:00","onbekend","2",,,,
,,,,,,,,,
"parameter","sikb-id","aquo-code","analysemeetwaarde","eenheid meetwaarde","status kwaliteitscontrole",,,,
"Temperatuur","1522","T","10.6","Cel","goedgekeurd",,,,
,,,,,,,,,
"parameter","sikb-id","aquo-code","analysedatum","analysemeetwaarde","eenheid meerwaarde","rapportagegrens","eenheid rapportagegres","limietsymbool","status kwaliteitscontrole"
"kalium","920","K","1997-11-24","14.7","mg/l",,,,"goedgekeurd"
"waterstofcarbonaat","374","HCO3","1997-11-24","250.0","mg/l",,,,"goedgekeurd"
"sulfaat","1508","SO4","1997-11-24","1.0","mg/l",,,"<","goedgekeurd"
"chloride","508","Cl","1997-11-24","28.0","mg/l",,,,"goedgekeurd"
"mangaan","1128","Mn","1997-11-24","90.0","ug/l",,,,"goedgekeurd"
"cadmium","441","Cd","1997-11-24","0.5","ug/l",,,"<","goedgekeurd"
"magnesium","1125","Mg","1997-11-24","20.5","mg/l",,,,"goedgekeurd"
"chroom","517","Cr","1997-11-24","2.5","ug/l",,,"<","goedgekeurd"
"Zuurgraad","1398","pH","1997-11-24","7.7","1",,,,"goedgekeurd"
"ammonium","289","NH4","1997-11-24","2.22","mg/l",,,,"goedgekeurd"
"calcium","447","Ca","1997-11-24","38.1","mg/l",,,,"goedgekeurd"
"natrium","1262","Na","1997-11-24","16.3","mg/l",,,,"goedgekeurd"
"ijzer","879","Fe","1997-11-24","750.0","ug/l",,,,"goedgekeurd"
"aluminium","284","Al","1997-11-24","5.0","ug/l",,,"<","goedgekeurd"
"nitraat","1270","NO3","1997-11-24","2.0","mg/l",,,"<","goedgekeurd"
"stikstof Kjeldahl","4064","NKj","1997-11-24","1.9","mg/l",,,,"goedgekeurd"
"zink","1693","Zn","1997-11-24","64.0","ug/l",,,,"goedgekeurd"
"lood","1116","Pb","1997-11-24","5.0","ug/l",,,"<","goedgekeurd"
"nikkel","1267","Ni","1997-11-24","5.0","ug/l",,,"<","goedgekeurd"
"koper","971","Cu","1997-11-24","2.5","ug/l",,,"<","goedgekeurd"
"arseen","310","As","1997-11-24","5.0","ug/l",,,"<","goedgekeurd"
"fosfor totaal","4188","Ptot","1997-11-24","0.52","mg/l",,,,"goedgekeurd"
"Geleidendheid","3548","GELDHD","1997-11-24","45.6","mS/m",,,,"goedgekeurd"
"fosfaat","1334","PO4","1997-11-24","0.55","mg/l",,,,"goedgekeurd"
,,,,,,,,,
