"BRO-ID","kwaliteitsregime","in registratie sinds","tijdstip veldonderzoek","pomptype","buis",,,,
"GAR000000060901","IMBRO/A","2025-04-11T02:30:48+02:00","1994-12-14T11:00:00+01:00","onbekend","2",,,,
,,,,,,,,,
"parameter","sikb-id","aquo-code","analysedatum","analysemeetwaarde","eenheid meerwaarde","rapportagegrens","eenheid rapportagegres","limietsymbool","status kwaliteitscontrole"
"Geleidendheid","3548","GELDHD","1994-12-14","41.0","mS/m",,,,"goedgekeurd"
"ammonium","289","NH4","1994-12-14","1.61","mg/l",,,,"goedgekeurd"
"fosfaat","1334","PO4","1994-12-14","1.71","mg/l",,,,"goedgekeurd"
"fosfor totaal","4188","Ptot","1994-12-14","1.75","mg/l",,,,"goedgekeurd"
"waterstofcarbonaat","374","HCO3","1994-12-14","290.0","mg/l",,,,"goedgekeurd"
"chloride","508","Cl","1994-12-14","26.0","mg/l",,,,"goedgekeurd"
"mangaan","1128","Mn","1994-12-14","100.0","ug/l",,,,"goedgekeurd"
"ijzer","879","Fe","1994-12-14","600.0","ug/l",,,,"goedgekeurd"
"magnesium","1125","Mg","1994-12-14","23.0","mg/l",,,,"goedgekeurd"
"calcium","447","Ca","1994-12-14","54.0","mg/l",,,,"goedgekeurd"
"kalium","920","K","1994-12-14","12.0","mg/l",,,,"goedgekeurd"
"natrium","1262","Na","1994-12-14","30.0","mg/l",,,,"goedgekeurd"
"Zuurgraad","1398","pH","1994-12-14","6.9","1",,,,"goedgekeurd"
"sulfaat","1508","SO4","1994-12-14","38.42","mg/l",,,,"goedgekeurd"
,,,,,,,,,
