"BRO-ID","kwaliteitsregime","in registratie sinds","tijdstip veldonderzoek","pomptype","buis",,,,
"GAR000000052308","IMBRO/A","2025-04-10T13:22:18+02:00","1999-12-14T11:00:00+01:00","onbekend","2",,,,
,,,,,,,,,
"parameter","sikb-id","aquo-code","analysemeetwaarde","eenheid meetwaarde","status kwaliteitscontrole",,,,
"Temperatuur","1522","T","10.0","Cel","goedgekeurd",,,,
,,,,,,,,,
"parameter","sikb-id","aquo-code","analysedatum","analysemeetwaarde","eenheid meerwaarde","rapportagegrens","eenheid rapportagegres","limietsymbool","status kwaliteitscontrole"
"koper","971","Cu","1999-12-14","2.5","ug/l",,,"<","goedgekeurd"
"nikkel","1267","Ni","1999-12-14","5.0","ug/l",,,"<","goedgekeurd"
"lood","1116","Pb","1999-12-14","5.0","ug/l",,,"<","goedgekeurd"
"zink","1693","Zn","1999-12-14","20.0","ug/l",,,,"goedgekeurd"
"stikstof Kjeldahl","4064","NKj","1999-12-14","3.4","mg/l",,,,"goedgekeurd"
"cadmium","441","Cd","1999-12-14","1.0","ug/l",,,,"goedgekeurd"
"arseen","310","As","1999-12-14","5.0","ug/l",,,"<","goedgekeurd"
"calcium","447","Ca","1999-12-14","72.0","mg/l",,,,"goedgekeurd"
"Zuurgraad","1398","pH","1999-12-14","7.6","1",,,,"goedgekeurd"
"chroom","517","Cr","1999-12-14","2.5","ug/l",,,"<","goedgekeurd"
"kalium","920","K","1999-12-14","30.0","mg/l",,,,"goedgekeurd"
"magnesium","1125","Mg","1999-12-14","39.0","mg/l",,,,"goedgekeurd"
"ijzer","879","Fe","1999-12-14","1100.0","ug/l",,,,"goedgekeurd"
"mangaan","1128","Mn","1999-12-14","160.0","ug/l",,,,"goedgekeurd"
"ammonium","289","NH4","1999-12-14","1.9","mg/l",,,,"goedgekeurd"
"chloride","508","Cl","1999-12-14","34.0","mg/l",,,,"goedgekeurd"
"sulfaat","1508","SO4","1999-12-14","64.0","mg/l",,,,"goedgekeurd"
"waterstofcarbonaat","374","HCO3","1999-12-14","600.0","mg/l",,,,"goedgekeurd"
"nitraat","1270","NO3","1999-12-14","0.1","mg/l",,,"<","goedgekeurd"
"aluminium","284","Al","1999-12-14","25.0","ug/l",,,"<","goedgekeurd"
"natrium","1262","Na","1999-12-14","118.0","mg/l",,,,"goedgekeurd"
"fosfor totaal","4188","Ptot","1999-12-14","2.6","mg/l",,,,"goedgekeurd"
"fosfaat","1334","PO4","1999-12-14","2.4","mg/l",,,,"goedgekeurd"
"Geleidendheid","3548","GELDHD","1999-12-14","110.0","mS/m",,,,"goedgekeurd"
,,,,,,,,,
