"BRO-ID","kwaliteitsregime","in registratie sinds","tijdstip veldonderzoek","pomptype","buis",,,,
"GAR000000059399","IMBRO/A","2025-04-11T00:09:49+02:00","2000-01-04T11:00:00+01:00","onbekend","2",,,,
,,,,,,,,,
"parameter","sikb-id","aquo-code","analysemeetwaarde","eenheid meetwaarde","status kwaliteitscontrole",,,,
"Temperatuur","1522","T","10.8","Cel","goedgekeurd",,,,
,,,,,,,,,
"parameter","sikb-id","aquo-code","analysedatum","analysemeetwaarde","eenheid meerwaarde","rapportagegrens","eenheid rapportagegres","limietsymbool","status kwaliteitscontrole"
"fosfor totaal","4188","Ptot","2000-01-04","16.0","mg/l",,,,"goedgekeurd"
"Geleidendheid","3548","GELDHD","2000-01-04","1400.0","mS/m",,,,"goedgekeurd"
"fosfaat","1334","PO4","2000-01-04","14.0","mg/l",,,,"goedgekeurd"
"zink","1693","Zn","2000-01-04","25.0","ug/l",,,,"goedgekeurd"
"lood","1116","Pb","2000-01-04","5.0","ug/l",,,"<","goedgekeurd"
"nikkel","1267","Ni","2000-01-04","5.0","ug/l",,,"<","goedgekeurd"
"koper","971","Cu","2000-01-04","2.5","ug/l",,,"<","goedgekeurd"
"chroom","517","Cr","2000-01-04","2.5","ug/l",,,"<","goedgekeurd"
"cadmium","441","Cd","2000-01-04","4.0","ug/l",,,,"onbeslist"
"arseen","310","As","2000-01-04","140.0","ug/l",,,,"goedgekeurd"
"kalium","920","K","2000-01-04","125.0","mg/l",,,,"goedgekeurd"
"Zuurgraad","1398","pH","2000-01-04","8.0","1",,,,"goedgekeurd"
"stikstof Kjeldahl","4064","NKj","2000-01-04","4.7","mg/l",,,,"goedgekeurd"
"natrium","1262","Na","2000-01-04","2640.0","mg/l",,,,"goedgekeurd"
"aluminium","284","Al","2000-01-04","25.0","ug/l",,,"<","goedgekeurd"
"calcium","447","Ca","2000-01-04","79.0","mg/l",,,,"goedgekeurd"
"magnesium","1125","Mg","2000-01-04","205.0","mg/l",,,,"goedgekeurd"
"ijzer","879","Fe","2000-01-04","4600.0","ug/l",,,,"goedgekeurd"
"chloride","508","Cl","2000-01-04","4400.0","mg/l",,,,"goedgekeurd"
"nitraat","1270","NO3","2000-01-04","0.5","mg/l",,,"<","goedgekeurd"
"ammonium","289","NH4","2000-01-04","4.4","mg/l",,,,"goedgekeurd"
"mangaan","1128","Mn","2000-01-04","130.0","ug/l",,,,"goedgekeurd"
"waterstofcarbonaat","374","HCO3","2000-01-04","1100.0","mg/l",,,,"goedgekeurd"
"sulfaat","1508","SO4","2000-01-04","260.0","mg/l",,,,"goedgekeurd"
,,,,,,,,,
