"BRO-ID","kwaliteitsregime","in registratie sinds","tijdstip veldonderzoek","pomptype","buis",,,,
"GAR000000059404","IMBRO/A","2025-04-11T00:10:16+02:00","2003-01-21T11:00:00+01:00","onbekend","2",,,,
,,,,,,,,,
"parameter","sikb-id","aquo-code","analysemeetwaarde","eenheid meetwaarde","status kwaliteitscontrole",,,,
"Temperatuur","1522","T","9.8","Cel","goedgekeurd",,,,
,,,,,,,,,
"parameter","sikb-id","aquo-code","analysedatum","analysemeetwaarde","eenheid meerwaarde","rapportagegrens","eenheid rapportagegres","limietsymbool","status kwaliteitscontrole"
"fosfor totaal","4188","Ptot","2003-01-21","3.9","mg/l",,,,"goedgekeurd"
"Geleidendheid","3548","GELDHD","2003-01-21","1120.0","mS/m",,,,"goedgekeurd"
"fosfaat","1334","PO4","2003-01-21","3.87","mg/l",,,,"goedgekeurd"
"mangaan","1128","Mn","2003-01-21","80.0","ug/l",,,,"goedgekeurd"
"stikstof Kjeldahl","4064","NKj","2003-01-21","1.8","mg/l",,,,"onbeslist"
"zink","1693","Zn","2003-01-21","10.0","ug/l",,,"<","goedgekeurd"
"lood","1116","Pb","2003-01-21","5.0","ug/l",,,"<","goedgekeurd"
"nikkel","1267","Ni","2003-01-21","5.0","ug/l",,,"<","goedgekeurd"
"koper","971","Cu","2003-01-21","2.5","ug/l",,,"<","goedgekeurd"
"chroom","517","Cr","2003-01-21","2.5","ug/l",,,"<","goedgekeurd"
"arseen","310","As","2003-01-21","98.0","ug/l",,,,"goedgekeurd"
"nitraat","1270","NO3","2003-01-21","5.8","mg/l",,,,"goedgekeurd"
"waterstofcarbonaat","374","HCO3","2003-01-21","931.0","mg/l",,,,"goedgekeurd"
"sulfaat","1508","SO4","2003-01-21","164.0","mg/l",,,,"goedgekeurd"
"Zuurgraad","1398","pH","2003-01-21","8.4","1",,,,"goedgekeurd"
"aluminium","284","Al","2003-01-21","5.0","ug/l",,,"<","goedgekeurd"
"chloride","508","Cl","2003-01-21","3210.0","mg/l",,,,"goedgekeurd"
"ammonium","289","NH4","2003-01-21","1.2","mg/l",,,,"goedgekeurd"
"natrium","1262","Na","2003-01-21","2160.0","mg/l",,,,"goedgekeurd"
"kalium","920","K","2003-01-21","108.0","mg/l",,,,"goedgekeurd"
"calcium","447","Ca","2003-01-21","53.0","mg/l",,,,"goedgekeurd"
"magnesium","1125","Mg","2003-01-21","137.0","mg/l",,,,"goedgekeurd"
"ijzer","879","Fe","2003-01-21","150.0","ug/l",,,,"onbeslist"
"cadmium","441","Cd","2003-01-21","0.4","ug/l",,,"<","goedgekeurd"
,,,,,,,,,
