"BRO-ID","kwaliteitsregime","in registratie sinds","tijdstip veldonderzoek","pomptype","buis",,,,
"GAR000000059024","IMBRO/A","2025-04-10T23:34:39+02:00","1997-12-16T11:00:00+01:00","onbekend","2",,,,
,,,,,,,,,
"parameter","sikb-id","aquo-code","analysemeetwaarde","eenheid meetwaarde","status kwaliteitscontrole",,,,
"Temperatuur","1522","T","9.7","Cel","goedgekeurd",,,,
,,,,,,,,,
"parameter","sikb-id","aquo-code","analysedatum","analysemeetwaarde","eenheid meerwaarde","rapportagegrens","eenheid rapportagegres","limietsymbool","status kwaliteitscontrole"
"fosfor totaal","4188","Ptot","1997-12-16","6.2","mg/l",,,,"goedgekeurd"
"Geleidendheid","3548","GELDHD","1997-12-16","1010.0","mS/m",,,,"goedgekeurd"
"fosfaat","1334","PO4","1997-12-16","1.4","mg/l",,,,"goedgekeurd"
"Zuurgraad","1398","pH","1997-12-16","7.9","1",,,,"goedgekeurd"
"nikkel","1267","Ni","1997-12-16","5.0","ug/l",,,"<","goedgekeurd"
"koper","971","Cu","1997-12-16","2.5","ug/l",,,"<","goedgekeurd"
"chroom","517","Cr","1997-12-16","2.5","ug/l",,,"<","goedgekeurd"
"cadmium","441","Cd","1997-12-16","0.5","ug/l",,,"<","goedgekeurd"
"arseen","310","As","1997-12-16","110.0","ug/l",,,,"goedgekeurd"
"aluminium","284","Al","1997-12-16","5.0","ug/l",,,"<","goedgekeurd"
"nitraat","1270","NO3","1997-12-16","2.0","mg/l",,,"<","goedgekeurd"
"waterstofcarbonaat","374","HCO3","1997-12-16","940.0","mg/l",,,,"goedgekeurd"
"sulfaat","1508","SO4","1997-12-16","78.0","mg/l",,,,"goedgekeurd"
"chloride","508","Cl","1997-12-16","3000.0","mg/l",,,,"goedgekeurd"
"ijzer","879","Fe","1997-12-16","2400.0","ug/l",,,,"goedgekeurd"
"magnesium","1125","Mg","1997-12-16","96.0","mg/l",,,,"goedgekeurd"
"calcium","447","Ca","1997-12-16","37.0","mg/l",,,,"goedgekeurd"
"lood","1116","Pb","1997-12-16","5.0","ug/l",,,"<","goedgekeurd"
"kalium","920","K","1997-12-16","82.0","mg/l",,,,"goedgekeurd"
"natrium","1262","Na","1997-12-16","1750.0","mg/l",,,,"goedgekeurd"
"mangaan","1128","Mn","1997-12-16","74.0","ug/l",,,,"goedgekeurd"
"ammonium","289","NH4","1997-12-16","5.93","mg/l",,,,"goedgekeurd"
"zink","1693","Zn","1997-12-16","5.0","ug/l",,,"<","goedgekeurd"
"stikstof Kjeldahl","4064","NKj","1997-12-16","5.6","mg/l",,,,"goedgekeurd"
,,,,,,,,,
