"BRO-ID","kwaliteitsregime","in registratie sinds","tijdstip veldonderzoek","pomptype","buis",,,,
"GAR000000058792","IMBRO/A","2025-04-10T23:15:33+02:00","1993-11-08T11:00:00+01:00","onbekend","1",,,,
,,,,,,,,,
"parameter","sikb-id","aquo-code","analysedatum","analysemeetwaarde","eenheid meerwaarde","rapportagegrens","eenheid rapportagegres","limietsymbool","status kwaliteitscontrole"
"waterstofcarbonaat","374","HCO3","1993-11-08","840.0","mg/l",,,,"goedgekeurd"
"Zuurgraad","1398","pH","1993-11-08","6.8","1",,,,"goedgekeurd"
"natrium","1262","Na","1993-11-08","98.0","mg/l",,,,"goedgekeurd"
"kalium","920","K","1993-11-08","83.0","mg/l",,,,"goedgekeurd"
"calcium","447","Ca","1993-11-08","155.0","mg/l",,,,"goedgekeurd"
"magnesium","1125","Mg","1993-11-08","73.0","mg/l",,,,"goedgekeurd"
"ijzer","879","Fe","1993-11-08","8000.0","ug/l",,,,"goedgekeurd"
"mangaan","1128","Mn","1993-11-08","800.0","ug/l",,,,"goedgekeurd"
"ammonium","289","NH4","1993-11-08","2.01","mg/l",,,,"goedgekeurd"
"sulfaat","1508","SO4","1993-11-08","55.0","mg/l",,,,"goedgekeurd"
"fosfaat","1334","PO4","1993-11-08","0.79","mg/l",,,,"goedgekeurd"
"arseen","310","As","1993-11-08","45.0","ug/l",,,,"goedgekeurd"
"chloride","508","Cl","1993-11-08","140.0","mg/l",,,,"goedgekeurd"
"Geleidendheid","3548","GELDHD","1993-11-08","160.0","mS/m",,,,"goedgekeurd"
,,,,,,,,,
