"BRO-ID","kwaliteitsregime","in registratie sinds","tijdstip veldonderzoek","pomptype","buis",,,,
"GAR000000033901","IMBRO/A","2023-01-13T20:11:38+01:00","1985-05-15T13:00:00+02:00","onderwaterpomp","1",,,,
,,,,,,,,,
"parameter","sikb-id","aquo-code","analysedatum","analysemeetwaarde","eenheid meerwaarde","rapportagegrens","eenheid rapportagegres","limietsymbool","status kwaliteitscontrole"
"chloride","508","Cl","1985-05-15","749.0","mg/l",,,,"goedgekeurd"
"Geleidendheid","3548","GELDHD","1985-05-15","315.25","mS/m",,,,"goedgekeurd"
"Zuurgraad","1398","pH","1985-05-15","6.92","1",,,,"goedgekeurd"
"waterstofcarbonaat","374","HCO3","1985-05-15","516.0","mg/l",,,,"goedgekeurd"
"fosfor totaal","4188","Ptot","1985-05-15","0.99","mg/l",,,,"goedgekeurd"
"sulfaat","1508","SO4","1985-05-15","0.73","mg/l",,,,"goedgekeurd"
"kalium","920","K","1985-05-15","31.8","mg/l",,,,"goedgekeurd"
"magnesium","1125","Mg","1985-05-15","80.5","mg/l",,,,"goedgekeurd"
"ammonium","289","NH4","1985-05-15","12.2","mg/l",,,,"goedgekeurd"
"natrium","1262","Na","1985-05-15","258.0","mg/l",,,,"goedgekeurd"
"calcium","447","Ca","1985-05-15","197.0","mg/l",,,,"goedgekeurd"
"koolstof organisch","1318","Corg","1985-05-15","9.0","mg/l",,,,"goedgekeurd"
"nitraat","1270","NO3","1985-05-15","0.3","mg/l",,,"<","goedgekeurd"
,,,,,,,,,
