"BRO-ID","kwaliteitsregime","in registratie sinds","tijdstip veldonderzoek","pomptype","buis",,,,
"GAR000000033947","IMBRO/A","2023-01-13T20:14:33+01:00","2003-03-17T12:00:00+01:00","onderwaterpomp","3",,,,
,,,,,,,,,
"parameter","sikb-id","aquo-code","analysemeetwaarde","eenheid meetwaarde","status kwaliteitscontrole",,,,
"Geleidendheid","3548","GELDHD","1481.0","mS/m","goedgekeurd",,,,
"waterstofcarbonaat","374","HCO3","410.64","mg/l","goedgekeurd",,,,
"Temperatuur","1522","T","11.2","Cel","goedgekeurd",,,,
"Zuurgraad","1398","pH","6.69","1","goedgekeurd",,,,
,,,,,,,,,
"parameter","sikb-id","aquo-code","analysedatum","analysemeetwaarde","eenheid meerwaarde","rapportagegrens","eenheid rapportagegres","limietsymbool","status kwaliteitscontrole"
"aluminium","284","Al","2003-03-17","107.92","ug/l",,,"<","goedgekeurd"
"arseen","310","As","2003-03-17","0.292","ug/l",,,,"goedgekeurd"
"barium","333","Ba","2003-03-17","1671.581","ug/l",,,,"goedgekeurd"
"chloride","508","Cl","2003-03-17","4976.967","mg/l",,,,"goedgekeurd"
"chroom","517","Cr","2003-03-17","0.416","ug/l",,,"<","goedgekeurd"
"koper","971","Cu","2003-03-17","0.572","ug/l",,,,"goedgekeurd"
"fosfor totaal","4188","Ptot","2003-03-17","0.709","mg/l",,,,"goedgekeurd"
"sulfaat","1508","SO4","2003-03-17","69.163","mg/l",,,,"goedgekeurd"
"strontium","1501","Sr","2003-03-17","6023.437","ug/l",,,,"goedgekeurd"
"ijzer","879","Fe","2003-03-17","38627.0","ug/l",,,,"goedgekeurd"
"kalium","920","K","2003-03-17","68.073","mg/l",,,,"goedgekeurd"
"magnesium","1125","Mg","2003-03-17","699.08","mg/l",,,,"goedgekeurd"
"mangaan","1128","Mn","2003-03-17","1919.0","ug/l",,,,"goedgekeurd"
"ammonium","289","NH4","2003-03-17","16.854","mg/l",,,,"goedgekeurd"
"natrium","1262","Na","2003-03-17","1103.198","mg/l",,,,"goedgekeurd"
"nikkel","1267","Ni","2003-03-17","1.056","ug/l",,,,"goedgekeurd"
"zink","1693","Zn","2003-03-17","16.674","ug/l",,,,"goedgekeurd"
"calcium","447","Ca","2003-03-17","990.016","mg/l",,,,"goedgekeurd"
"nitraat","1270","NO3","2003-03-17","0.028","mg/l",,,"<","goedgekeurd"
"cadmium","441","Cd","2003-03-17","0.056","ug/l",,,"<","goedgekeurd"
,,,,,,,,,
