"BRO-ID","kwaliteitsregime","in registratie sinds","tijdstip veldonderzoek","pomptype","buis",,,,
"GAR000000033931","IMBRO/A","2023-01-13T20:13:29+01:00","1986-05-22T13:00:00+02:00","onderwaterpomp","3",,,,
,,,,,,,,,
"parameter","sikb-id","aquo-code","analysedatum","analysemeetwaarde","eenheid meerwaarde","rapportagegrens","eenheid rapportagegres","limietsymbool","status kwaliteitscontrole"
"chloride","508","Cl","1986-05-22","4710.0","mg/l",,,,"goedgekeurd"
"Geleidendheid","3548","GELDHD","1986-05-22","1355.93","mS/m",,,,"goedgekeurd"
"Zuurgraad","1398","pH","1986-05-22","6.68","1",,,,"goedgekeurd"
"waterstofcarbonaat","374","HCO3","1986-05-22","262.0","mg/l",,,,"goedgekeurd"
"fosfor totaal","4188","Ptot","1986-05-22","0.06","mg/l",,,"<","goedgekeurd"
"sulfaat","1508","SO4","1986-05-22","7.84","mg/l",,,,"goedgekeurd"
"kalium","920","K","1986-05-22","58.6","mg/l",,,,"goedgekeurd"
"magnesium","1125","Mg","1986-05-22","616.0","mg/l",,,,"goedgekeurd"
"ammonium","289","NH4","1986-05-22","11.2","mg/l",,,,"goedgekeurd"
"natrium","1262","Na","1986-05-22","870.0","mg/l",,,,"goedgekeurd"
"calcium","447","Ca","1986-05-22","991.0","mg/l",,,,"goedgekeurd"
"koolstof organisch","1318","Corg","1986-05-22","4.46","mg/l",,,,"goedgekeurd"
"nitraat","1270","NO3","1986-05-22","0.3","mg/l",,,"<","goedgekeurd"
,,,,,,,,,
