"BRO-ID","kwaliteitsregime","in registratie sinds","tijdstip veldonderzoek","pomptype","buis",,,,
"GAR000000043398","IMBRO","2024-07-02T11:35:29+02:00","2021-03-24T12:00:00+01:00","onderwaterpomp","1",,,,
,,,,,,,,,
"parameter","sikb-id","aquo-code","analysemeetwaarde","eenheid meetwaarde","status kwaliteitscontrole",,,,
"Temperatuur","1522","T","12.3","Cel","goedgekeurd",,,,
"waterstofcarbonaat","374","HCO3","553.95","mg/l","goedgekeurd",,,,
"Geleidendheid","3548","GELDHD","379.0","mS/m","goedgekeurd",,,,
"zuurstof","1701","O2","0.3","mg/l","goedgekeurd",,,,
"Zuurgraad","1398","pH","6.74","1","goedgekeurd",,,,
,,,,,,,,,
"parameter","sikb-id","aquo-code","analysedatum","analysemeetwaarde","eenheid meerwaarde","rapportagegrens","eenheid rapportagegres","limietsymbool","status kwaliteitscontrole"
"Zuurgraad","1398","pH","2021-03-24","6.71","1",,,,"goedgekeurd"
"aluminium","284","Al","2021-03-24","10.0","ug/l","10.0","ug/l","<","goedgekeurd"
"ammonium","289","NH4","2021-03-24","11.958","mg/l",,,,"goedgekeurd"
"arseen","310","As","2021-03-24","0.2","ug/l","0.2","ug/l","<","goedgekeurd"
"barium","333","Ba","2021-03-24","77.047","ug/l",,,,"goedgekeurd"
"cadmium","441","Cd","2021-03-24","0.05","ug/l","0.05","ug/l","<","goedgekeurd"
"calcium","447","Ca","2021-03-24","222.975","mg/l",,,,"goedgekeurd"
"chloride","508","Cl","2021-03-24","908.185","mg/l",,,,"goedgekeurd"
"chroom","517","Cr","2021-03-24","0.992","ug/l",,,,"goedgekeurd"
"ijzer","879","Fe","2021-03-24","4061.0","ug/l",,,,"goedgekeurd"
"kalium","920","K","2021-03-24","39.102","mg/l",,,,"goedgekeurd"
"koper","971","Cu","2021-03-24","0.5","ug/l","0.5","ug/l","<","goedgekeurd"
"lood","1116","Pb","2021-03-24","0.2","ug/l","0.2","ug/l","<","goedgekeurd"
"magnesium","1125","Mg","2021-03-24","93.653","mg/l",,,,"goedgekeurd"
"mangaan","1128","Mn","2021-03-24","606.0","ug/l",,,,"goedgekeurd"
"natrium","1262","Na","2021-03-24","356.07","mg/l",,,,"goedgekeurd"
"nikkel","1267","Ni","2021-03-24","0.5","ug/l","0.5","ug/l","<","goedgekeurd"
"nitraat","1270","NO3","2021-03-24","0.029","mg/l","0.13","mg/l","<","goedgekeurd"
"strontium","1501","Sr","2021-03-24","1192.205","ug/l",,,,"goedgekeurd"
"sulfaat","1508","SO4","2021-03-24","1.0","mg/l","1.0","mg/l","<","goedgekeurd"
"zink","1693","Zn","2021-03-24","4.0","ug/l","4.0","ug/l","<","goedgekeurd"
,,,,,,,,,
