"BRO-ID","kwaliteitsregime","in registratie sinds","tijdstip veldonderzoek","pomptype","buis",,,,
"GAR000000033648","IMBRO/A","2023-01-13T19:54:33+01:00","1992-04-23T13:00:00+02:00","onderwaterpomp","1",,,,
,,,,,,,,,
"parameter","sikb-id","aquo-code","analysedatum","analysemeetwaarde","eenheid meerwaarde","rapportagegrens","eenheid rapportagegres","limietsymbool","status kwaliteitscontrole"
"aluminium","284","Al","1992-04-23","38.55","ug/l",,,,"goedgekeurd"
"arseen","310","As","1992-04-23","0.07","ug/l",,,"<","goedgekeurd"
"barium","333","Ba","1992-04-23","60.93","ug/l",,,,"goedgekeurd"
"chloride","508","Cl","1992-04-23","766.32","mg/l",,,,"goedgekeurd"
"koper","971","Cu","1992-04-23","0.64","ug/l",,,"<","goedgekeurd"
"Geleidendheid","3548","GELDHD","1992-04-23","324.29","mS/m",,,,"goedgekeurd"
"Zuurgraad","1398","pH","1992-04-23","6.95","1",,,,"goedgekeurd"
"waterstofcarbonaat","374","HCO3","1992-04-23","535.76","mg/l",,,,"goedgekeurd"
"sulfaat","1508","SO4","1992-04-23","0.19","mg/l",,,"<","goedgekeurd"
"strontium","1501","Sr","1992-04-23","1060.19","ug/l",,,,"goedgekeurd"
"ijzer","879","Fe","1992-04-23","3130.0","ug/l",,,,"goedgekeurd"
"kalium","920","K","1992-04-23","31.87","mg/l",,,,"goedgekeurd"
"magnesium","1125","Mg","1992-04-23","81.46","mg/l",,,,"goedgekeurd"
"mangaan","1128","Mn","1992-04-23","610.0","ug/l",,,,"goedgekeurd"
"ammonium","289","NH4","1992-04-23","11.76","mg/l",,,,"goedgekeurd"
"natrium","1262","Na","1992-04-23","262.87","mg/l",,,,"goedgekeurd"
"nikkel","1267","Ni","1992-04-23","0.59","ug/l",,,"<","goedgekeurd"
"lood","1116","Pb","1992-04-23","0.23","ug/l",,,,"goedgekeurd"
"zink","1693","Zn","1992-04-23","9.38","ug/l",,,,"goedgekeurd"
"calcium","447","Ca","1992-04-23","200.61","mg/l",,,,"goedgekeurd"
"koolstof organisch","1318","Corg","1992-04-23","9.46","mg/l",,,,"goedgekeurd"
"nitraat","1270","NO3","1992-04-23","0.03","mg/l",,,,"goedgekeurd"
"cadmium","441","Cd","1992-04-23","0.02","ug/l",,,,"goedgekeurd"
,,,,,,,,,
