"BRO-ID","kwaliteitsregime","in registratie sinds","tijdstip veldonderzoek","pomptype","buis",,,,
"GAR000000033903","IMBRO/A","2023-01-13T20:11:46+01:00","1988-04-17T13:00:00+02:00","onderwaterpomp","1",,,,
,,,,,,,,,
"parameter","sikb-id","aquo-code","analysedatum","analysemeetwaarde","eenheid meerwaarde","rapportagegrens","eenheid rapportagegres","limietsymbool","status kwaliteitscontrole"
"chloride","508","Cl","1988-04-17","785.0","mg/l",,,,"goedgekeurd"
"Geleidendheid","3548","GELDHD","1988-04-17","315.25","mS/m",,,,"goedgekeurd"
"Zuurgraad","1398","pH","1988-04-17","7.03","1",,,,"goedgekeurd"
"waterstofcarbonaat","374","HCO3","1988-04-17","519.0","mg/l",,,,"goedgekeurd"
"fosfor totaal","4188","Ptot","1988-04-17","1.02","mg/l",,,,"goedgekeurd"
"sulfaat","1508","SO4","1988-04-17","1.7","mg/l",,,,"goedgekeurd"
"kalium","920","K","1988-04-17","33.15","mg/l",,,,"goedgekeurd"
"magnesium","1125","Mg","1988-04-17","87.68","mg/l",,,,"goedgekeurd"
"ammonium","289","NH4","1988-04-17","11.62","mg/l",,,,"goedgekeurd"
"natrium","1262","Na","1988-04-17","280.4","mg/l",,,,"goedgekeurd"
"calcium","447","Ca","1988-04-17","212.0","mg/l",,,,"goedgekeurd"
"nitraat","1270","NO3","1988-04-17","0.28","mg/l",,,"<","goedgekeurd"
,,,,,,,,,
