"BRO-ID","kwaliteitsregime","in registratie sinds","tijdstip veldonderzoek","pomptype","buis",,,,
"GAR000000059622","IMBRO/A","2025-04-11T00:30:09+02:00","1997-12-16T11:00:00+01:00","onbekend","1",,,,
,,,,,,,,,
"parameter","sikb-id","aquo-code","analysemeetwaarde","eenheid meetwaarde","status kwaliteitscontrole",,,,
"Temperatuur","1522","T","9.3","Cel","goedgekeurd",,,,
,,,,,,,,,
"parameter","sikb-id","aquo-code","analysedatum","analysemeetwaarde","eenheid meerwaarde","rapportagegrens","eenheid rapportagegres","limietsymbool","status kwaliteitscontrole"
"lood","1116","Pb","1997-12-16","5.0","ug/l",,,"<","goedgekeurd"
"stikstof Kjeldahl","4064","NKj","1997-12-16","1.6","mg/l",,,,"goedgekeurd"
"nikkel","1267","Ni","1997-12-16","5.0","ug/l",,,"<","goedgekeurd"
"zink","1693","Zn","1997-12-16","13.0","ug/l",,,,"goedgekeurd"
"chloride","508","Cl","1997-12-16","71.0","mg/l",,,,"goedgekeurd"
"Zuurgraad","1398","pH","1997-12-16","7.0","1",,,,"goedgekeurd"
"kalium","920","K","1997-12-16","2.6","mg/l",,,,"goedgekeurd"
"magnesium","1125","Mg","1997-12-16","6.1","mg/l",,,,"goedgekeurd"
"ijzer","879","Fe","1997-12-16","3400.0","ug/l",,,,"goedgekeurd"
"ammonium","289","NH4","1997-12-16","0.1","mg/l",,,"<","goedgekeurd"
"sulfaat","1508","SO4","1997-12-16","13.0","mg/l",,,,"goedgekeurd"
"waterstofcarbonaat","374","HCO3","1997-12-16","560.0","mg/l",,,,"goedgekeurd"
"nitraat","1270","NO3","1997-12-16","2.0","mg/l",,,"<","goedgekeurd"
"arseen","310","As","1997-12-16","5.0","ug/l",,,"<","goedgekeurd"
"cadmium","441","Cd","1997-12-16","0.5","ug/l",,,"<","goedgekeurd"
"chroom","517","Cr","1997-12-16","2.5","ug/l",,,"<","goedgekeurd"
"koper","971","Cu","1997-12-16","2.5","ug/l",,,"<","goedgekeurd"
"mangaan","1128","Mn","1997-12-16","210.0","ug/l",,,,"goedgekeurd"
"aluminium","284","Al","1997-12-16","25.0","ug/l",,,,"goedgekeurd"
"calcium","447","Ca","1997-12-16","160.0","mg/l",,,,"goedgekeurd"
"natrium","1262","Na","1997-12-16","56.0","mg/l",,,,"goedgekeurd"
"fosfor totaal","4188","Ptot","1997-12-16","0.11","mg/l",,,,"goedgekeurd"
"fosfaat","1334","PO4","1997-12-16","0.008143323","mg/l",,,"<","goedgekeurd"
"Geleidendheid","3548","GELDHD","1997-12-16","103.0","mS/m",,,,"goedgekeurd"
,,,,,,,,,
