"BRO-ID","kwaliteitsregime","in registratie sinds","tijdstip veldonderzoek","pomptype","buis",,,,
"GAR000000058928","IMBRO/A","2025-04-10T23:26:43+02:00","1996-10-15T12:00:00+02:00","onbekend","1",,,,
,,,,,,,,,
"parameter","sikb-id","aquo-code","analysemeetwaarde","eenheid meetwaarde","status kwaliteitscontrole",,,,
"Temperatuur","1522","T","14.0","Cel","goedgekeurd",,,,
,,,,,,,,,
"parameter","sikb-id","aquo-code","analysedatum","analysemeetwaarde","eenheid meerwaarde","rapportagegrens","eenheid rapportagegres","limietsymbool","status kwaliteitscontrole"
"natrium","1262","Na","1996-10-15","84.0","mg/l",,,,"goedgekeurd"
"sulfaat","1508","SO4","1996-10-15","57.64","mg/l",,,,"goedgekeurd"
"kalium","920","K","1996-10-15","3.5","mg/l",,,,"goedgekeurd"
"Zuurgraad","1398","pH","1996-10-15","7.0","1",,,,"goedgekeurd"
"stikstof Kjeldahl","4064","NKj","1996-10-15","1.1","mg/l",,,,"goedgekeurd"
"arseen","310","As","1996-10-15","14.0","ug/l",,,,"goedgekeurd"
"calcium","447","Ca","1996-10-15","200.0","mg/l",,,,"goedgekeurd"
"magnesium","1125","Mg","1996-10-15","10.0","mg/l",,,,"goedgekeurd"
"ijzer","879","Fe","1996-10-15","9600.0","ug/l",,,,"goedgekeurd"
"mangaan","1128","Mn","1996-10-15","500.0","ug/l",,,,"goedgekeurd"
"ammonium","289","NH4","1996-10-15","0.1","mg/l",,,"<","goedgekeurd"
"chloride","508","Cl","1996-10-15","103.0","mg/l",,,,"goedgekeurd"
"waterstofcarbonaat","374","HCO3","1996-10-15","660.0","mg/l",,,,"goedgekeurd"
"aluminium","284","Al","1996-10-15","5.0","ug/l",,,"<","goedgekeurd"
"cadmium","441","Cd","1996-10-15","0.5","ug/l",,,"<","goedgekeurd"
"chroom","517","Cr","1996-10-15","5.0","ug/l",,,"<","goedgekeurd"
"koper","971","Cu","1996-10-15","5.0","ug/l",,,"<","goedgekeurd"
"nikkel","1267","Ni","1996-10-15","5.0","ug/l",,,"<","goedgekeurd"
"lood","1116","Pb","1996-10-15","5.0","ug/l",,,"<","goedgekeurd"
"zink","1693","Zn","1996-10-15","7.5","ug/l",,,"<","goedgekeurd"
"nitraat","1270","NO3","1996-10-15","2.0","mg/l",,,"<","goedgekeurd"
"fosfor totaal","4188","Ptot","1996-10-15","0.45","mg/l",,,,"goedgekeurd"
"fosfaat","1334","PO4","1996-10-15","0.005","mg/l",,,"<","goedgekeurd"
"Geleidendheid","3548","GELDHD","1996-10-15","122.0","mS/m",,,,"goedgekeurd"
,,,,,,,,,
