"BRO-ID","kwaliteitsregime","in registratie sinds","tijdstip veldonderzoek","pomptype","buis",,,,
"GAR000000058890","IMBRO/A","2025-04-10T23:23:35+02:00","2016-01-12T11:00:00+01:00","onbekend","1",,,,
,,,,,,,,,
"parameter","sikb-id","aquo-code","analysemeetwaarde","eenheid meetwaarde","status kwaliteitscontrole",,,,
"Zuurgraad","1398","pH","7.1","1","goedgekeurd",,,,
"zuurstof","1701","O2","0.01","mg/l","goedgekeurd",,,,
"Geleidendheid","3548","GELDHD","210.0","mS/m","onbeslist",,,,
"Temperatuur","1522","T","10.2","Cel","goedgekeurd",,,,
"Troebelheid","2031","TROEBHD","10.32","[NTU]","goedgekeurd",,,,
,,,,,,,,,
"parameter","sikb-id","aquo-code","analysedatum","analysemeetwaarde","eenheid meerwaarde","rapportagegrens","eenheid rapportagegres","limietsymbool","status kwaliteitscontrole"
"koper","971","Cu","2016-01-12","1.3","ug/l",,,,"goedgekeurd"
"kwik","1097","Hg","2016-01-12","0.03","ug/l",,,"<","goedgekeurd"
"antimoon","301","Sb","2016-01-12","50.0","ug/l",,,"<","goedgekeurd"
"lithium","1115","Li","2016-01-12","50.0","ug/l",,,"<","goedgekeurd"
"molybdeen","1243","Mo","2016-01-12","50.0","ug/l",,,"<","onbeslist"
"nikkel","1267","Ni","2016-01-12","3.1","ug/l",,,,"goedgekeurd"
"lood","1116","Pb","2016-01-12","1.0","ug/l",,,"<","goedgekeurd"
"rubidium","1987","Rb","2016-01-12","50.0","ug/l",,,"<","goedgekeurd"
"seleen","1476","Se","2016-01-12","50.0","ug/l",,,"<","goedgekeurd"
"tin","1564","Sn","2016-01-12","50.0","ug/l",,,"<","goedgekeurd"
"strontium","1501","Sr","2016-01-12","770.0","ug/l",,,,"goedgekeurd"
"cesium","468","Cs","2016-01-12","0.5","ug/l",,,"<","goedgekeurd"
"thorium","1563","Th","2016-01-12","50.0","ug/l",,,"<","goedgekeurd"
"aluminium","284","Al","2016-01-12","10.0","ug/l",,,"<","goedgekeurd"
"titaan","1565","Ti","2016-01-12","50.0","ug/l",,,"<","goedgekeurd"
"thallium","1553","Tl","2016-01-12","50.0","ug/l",,,"<","goedgekeurd"
"tellurium","1520","Te","2016-01-12","50.0","ug/l",,,"<","goedgekeurd"
"zilver","1692","Ag","2016-01-12","50.0","ug/l",,,"<","goedgekeurd"
"ammonium","289","NH4","2016-01-12","0.06","mg/l",,,"<","goedgekeurd"
"chloride","508","Cl","2016-01-12","580.0","mg/l",,,,"goedgekeurd"
"sulfaat","1508","SO4","2016-01-12","29.0","mg/l",,,,"goedgekeurd"
"waterstofcarbonaat","374","HCO3","2016-01-12","720.0","mg/l",,,,"goedgekeurd"
"nitraat","1270","NO3","2016-01-12","0.79","mg/l",,,,"goedgekeurd"
"nitriet","1273","NO2","2016-01-12","0.03","mg/l",,,"<","goedgekeurd"
"boor","386","B","2016-01-12","88.0","ug/l",,,,"goedgekeurd"
"fluoride","1853","F","2016-01-12","0.36","mg/l",,,,"goedgekeurd"
"kobalt","527","Co","2016-01-12","50.0","ug/l",,,"<","goedgekeurd"
"2,4-dinitrofenol","669","24DNO2Fol","2016-01-12","0.1","ug/l",,,"<","goedgekeurd"
"arseen","310","As","2016-01-12","2.7","ug/l",,,,"goedgekeurd"
"uranium","1637","U","2016-01-12","50.0","ug/l",,,"<","goedgekeurd"
"barium","333","Ba","2016-01-12","14.0","ug/l",,,,"goedgekeurd"
"beryllium","362","Be","2016-01-12","50.0","ug/l",,,"<","goedgekeurd"
"bromide","391","Br","2016-01-12","0.33","mg/l",,,,"goedgekeurd"
"cadmium","441","Cd","2016-01-12","0.1","ug/l",,,"<","goedgekeurd"
"fosfaat","1334","PO4","2016-01-12","0.46","mg/l",,,"<","goedgekeurd"
"chloorfenvinfos","487","Clfvfs","2016-01-12","0.05","ug/l",,,"<","goedgekeurd"
"2,4,5-trichloorfenoxyazijnzuur","102","245T","2016-01-12","0.02","ug/l",,,"<","goedgekeurd"
"broomoxynil","394","BrOxnl","2016-01-12","0.02","ug/l",,,"<","goedgekeurd"
"broompropylaat","400","Brpplt","2016-01-12","0.02","ug/l",,,"<","goedgekeurd"
"butocarboximsulfoxide","409","butcbOxmSO","2016-01-12","0.03","ug/l",,,"<","goedgekeurd"
"carbetamide","3384","carbtAd","2016-01-12","0.03","ug/l",,,"<","goedgekeurd"
"carbendazim","460","carbdzm","2016-01-12","0.01","ug/l",,,"<","goedgekeurd"
"carbofuran","462","carbfrn","2016-01-12","0.03","ug/l",,,"<","goedgekeurd"
"bifenthrin","376","biftn","2016-01-12","0.03","ug/l",,,"<","goedgekeurd"
"gamma-hexachloorcyclohexaan (lindaan)","816","cHCH","2016-01-12","0.01","ug/l",,,"<","goedgekeurd"
"bentazon","340","bentzn","2016-01-12","0.01","ug/l",,,"<","goedgekeurd"
"chloridazon","507","Clidzn","2016-01-12","0.01","ug/l",,,"<","goedgekeurd"
"chloorprofam","492","Clpfm","2016-01-12","0.01","ug/l",,,"<","goedgekeurd"
"ethylchloorpyrifos","494","C2yClprfs","2016-01-12","0.03","ug/l",,,"<","goedgekeurd"
"chloortoluron","503","Cltlrn","2016-01-12","0.01","ug/l",,,"<","goedgekeurd"
"cyprodinil","3538","cypdnl","2016-01-12","0.01","ug/l",,,"<","goedgekeurd"
"dichlobenil","603","Dcbnl","2016-01-12","0.03","ug/l",,,"<","goedgekeurd"
"dichlofluanide","605","Dcfande","2016-01-12","0.03","ug/l",,,"<","goedgekeurd"
"carbaryl","458","carbrl","2016-01-12","0.03","ug/l",,,"<","goedgekeurd"
"glyfosaat","840","glyfst","2016-01-12","0.01","ug/l",,,"<","goedgekeurd"
"wolfraam","1685","W","2016-01-12","50.0","ug/l",,,"<","goedgekeurd"
"zink","1693","Zn","2016-01-12","44.0","ug/l",,,,"goedgekeurd"
"zirkonium","1695","Zr","2016-01-12","50.0","ug/l",,,"<","goedgekeurd"
"mangaan","1128","Mn","2016-01-12","63.0","ug/l",,,,"goedgekeurd"
"2,4-dichloorfenoxyazijnzuur","116","24D","2016-01-12","0.02","ug/l",,,"<","goedgekeurd"
"Temperatuur","1522","T","2016-01-12","17.6","Cel",,,,"goedgekeurd"
"2,4-dichloorfenoxypropionzuur","140","24DP","2016-01-12","0.01","ug/l",,,"<","goedgekeurd"
"bromacil","390","bromcl","2016-01-12","0.01","ug/l",,,"<","goedgekeurd"
"aminomethylfosfonzuur","292","AMPA","2016-01-12","0.01","ug/l",,,"<","goedgekeurd"
"vanadium","1642","V","2016-01-12","2.0","ug/l",,,"<","goedgekeurd"
"mecoprop","73","MCPP","2016-01-12","0.01","ug/l",,,"<","goedgekeurd"
"aclonifen","3127","acnfn","2016-01-12","0.03","ug/l",,,"<","goedgekeurd"
"aldicarbsulfoxide","267","alDcSO","2016-01-12","0.03","ug/l",,,"<","goedgekeurd"
"antrachinon","300","antcnn","2016-01-12","0.05","ug/l",,,"<","goedgekeurd"
"atrazine","325","atzne","2016-01-12","0.01","ug/l",,,"<","goedgekeurd"
"azaconazool","3192","azacnzl","2016-01-12","0.03","ug/l",,,"<","goedgekeurd"
"azoxystrobin","3196","azoxsbn","2016-01-12","0.01","ug/l",,,"<","goedgekeurd"
"2,6-dichloorbenzamide","135","26DClBenAd","2016-01-12","0.03","ug/l",,,"<","goedgekeurd"
"diethyltoluamide","2308","DEET","2016-01-12","0.03","ug/l",,,"<","goedgekeurd"
"beflubutamide","3209","befbtAd","2016-01-12","0.03","ug/l",,,"<","goedgekeurd"
"Geleidendheid","3548","GELDHD","2016-01-12","270.0","mS/m",,,,"goedgekeurd"
"Zuurgraad","1398","pH","2016-01-12","6.4","1",,,,"goedgekeurd"
"natrium","1262","Na","2016-01-12","380.0","mg/l",,,,"goedgekeurd"
"kalium","920","K","2016-01-12","1.7","mg/l",,,,"goedgekeurd"
"calcium","447","Ca","2016-01-12","210.0","mg/l",,,,"goedgekeurd"
"magnesium","1125","Mg","2016-01-12","11.0","mg/l",,,,"goedgekeurd"
"ijzer","879","Fe","2016-01-12","490.0","ug/l",,,,"goedgekeurd"
"clofibrinezuur","2464","clofbnzr","2016-01-12","10.0","ug/l",,,"<","goedgekeurd"
"benalaxyl","336","benlxl","2016-01-12","0.03","ug/l",,,"<","goedgekeurd"
"beta-endosulfan","365","bedsfn","2016-01-12","0.01","ug/l",,,"<","goedgekeurd"
"beta-hexachloorcyclohexaan","366","bHCH","2016-01-12","0.04","ug/l",,,"<","goedgekeurd"
"boscalid","3272","boscld","2016-01-12","0.03","ug/l",,,"<","goedgekeurd"
"chlorantraniliprole","5175","chloratnlpl","2016-01-12","0.01","ug/l",,,"<","goedgekeurd"
"dimefuron","651","Dmfrn","2016-01-12","0.03","ug/l",,,"<","goedgekeurd"
"cis-chloordaan","522","cCldn","2016-01-12","0.01","ug/l",,,"<","goedgekeurd"
"aramit","5253","armt","2016-01-12","0.03","ug/l",,,"<","goedgekeurd"
"clothianidine","3472","clotandne","2016-01-12","0.01","ug/l",,,"<","goedgekeurd"
"cyanazine","534","CNazne","2016-01-12","0.02","ug/l",,,"<","goedgekeurd"
"desethylsebutylazine","3612","desC2ysC4yat","2016-01-12","0.02","ug/l",,,"<","goedgekeurd"
"desisopropylatrazine","573","desiC3yatzne","2016-01-12","0.03","ug/l",,,"<","goedgekeurd"
"desmetryn","574","desmtn","2016-01-12","0.03","ug/l",,,"<","goedgekeurd"
"dicofol","629","Dcfl","2016-01-12","0.03","ug/l",,,"<","goedgekeurd"
"2-chloorfenol","146","2ClFol","2016-01-12","0.05","ug/l",,,"<","goedgekeurd"
"chloorbromuron","478","Clbmrn","2016-01-12","0.01","ug/l",,,"<","goedgekeurd"
"acetamiprid","3135","actmpd","2016-01-12","0.01","ug/l",,,"<","goedgekeurd"
"atraton","324","attn","2016-01-12","0.03","ug/l",,,"<","goedgekeurd"
"2-nitrofenol","170","2NO2Fol","2016-01-12","0.5","ug/l",,,"<","goedgekeurd"
"3,4,5-trichloorfenol","177","345TClFol","2016-01-12","0.02","ug/l",,,"<","goedgekeurd"
"landrin","4077","landn","2016-01-12","0.03","ug/l",,,"<","goedgekeurd"
"3,4-dichloorfenol","179","34DClFol","2016-01-12","0.05","ug/l",,,"<","goedgekeurd"
"3,5-dichloorfenol","186","35DClFol","2016-01-12","0.05","ug/l",,,"<","goedgekeurd"
"3-chloorfenol","198","3ClFol","2016-01-12","0.05","ug/l",,,"<","goedgekeurd"
"azamethifos","3195","azmtfs","2016-01-12","0.03","ug/l",,,"<","goedgekeurd"
"4-chloorfenoxyazijnzuur","2412","4CPA","2016-01-12","0.03","ug/l",,,"<","goedgekeurd"
"alachloor","264","alCl","2016-01-12","0.02","ug/l",,,"<","goedgekeurd"
"alfa-hexachloorcyclohexaan","271","aHCH","2016-01-12","0.04","ug/l",,,"<","goedgekeurd"
"ametoctradin","5242","amttdn","2016-01-12","0.01","ug/l",,,"<","goedgekeurd"
"ametryn","285","amtn","2016-01-12","0.03","ug/l",,,"<","goedgekeurd"
"aminocarb","3175","Aocb","2016-01-12","0.03","ug/l",,,"<","goedgekeurd"
"isopropylanthranilamide","3976","iC3yantnlAd","2016-01-12","0.03","ug/l",,,"<","goedgekeurd"
"dimethachloor","3652","DmtCl","2016-01-12","0.02","ug/l",,,"<","goedgekeurd"
"4-chloorfenol","229","4ClFol","2016-01-12","0.05","ug/l",,,"<","goedgekeurd"
"quinmerac","4543","quinmrc","2016-01-12","0.03","ug/l",,,"<","goedgekeurd"
"paraoxon-methyl","4350","paroonC1y","2016-01-12","0.03","ug/l",,,"<","goedgekeurd"
"pentachloorbenzeen","1387","PeClBen","2016-01-12","0.01","ug/l",,,"<","goedgekeurd"
"pentachloorfenol","1390","PeClFol","2016-01-12","0.02","ug/l",,,"<","goedgekeurd"
"ethylpirimifos","1407","C2yprmfs","2016-01-12","0.05","ug/l",,,"<","goedgekeurd"
"prometryne","1421","promtne","2016-01-12","0.01","ug/l",,,"<","goedgekeurd"
"prothioconazol-desthio","5252","protocnzdto","2016-01-12","0.02","ug/l",,,"<","goedgekeurd"
"dieldrin","633","dieldn","2016-01-12","0.01","ug/l",,,"<","goedgekeurd"
"pyrazofos","1444","pyrazfs","2016-01-12","0.01","ug/l",,,"<","goedgekeurd"
"methoxychloor","1159","C1oxCl","2016-01-12","0.01","ug/l",,,"<","goedgekeurd"
"pentachloornitrobenzeen (quintozeen)","1455","PeClNO2Ben","2016-01-12","0.01","ug/l",,,"<","goedgekeurd"
"sebutylazine","1473","seC4yazne","2016-01-12","0.02","ug/l",,,"<","goedgekeurd"
"tefluthrin","4825","teftn","2016-01-12","0.01","ug/l",,,"<","goedgekeurd"
"thiamethoxam","4864","thiamtxm","2016-01-12","0.02","ug/l",,,"<","goedgekeurd"
"trans-chloordaan","1580","tCldn","2016-01-12","0.01","ug/l",,,"<","goedgekeurd"
"triadimefon","1586","Tadmfn","2016-01-12","0.01","ug/l",,,"<","goedgekeurd"
"trifluraline","1612","Tfrlne","2016-01-12","0.01","ug/l",,,"<","goedgekeurd"
"pyraclostrobin","4524","pyrcsbn","2016-01-12","0.01","ug/l",,,"<","goedgekeurd"
"heptachloor","853","HpCl","2016-01-12","0.01","ug/l",,,"<","goedgekeurd"
"dinoseb","671","Dnsb","2016-01-12","0.01","ug/l",,,"<","goedgekeurd"
"ethyleendiaminetetraethaanzuur (EDTA)","730","EDTA","2016-01-12","0.05","ug/l",,,"<","goedgekeurd"
"ethidimuron","3727","etdmrn","2016-01-12","0.02","ug/l",,,"<","goedgekeurd"
"ethion","719","eton","2016-01-12","0.03","ug/l",,,"<","goedgekeurd"
"fenoxycarb","3768","fenOxcb","2016-01-12","0.01","ug/l",,,"<","goedgekeurd"
"florasulam","3829","flurslm","2016-01-12","0.01","ug/l",,,"<","goedgekeurd"
"fludioxonil","3808","fludoxnl","2016-01-12","0.01","ug/l",,,"<","goedgekeurd"
"paraoxon-ethyl","4351","paroonC2y","2016-01-12","0.03","ug/l",,,"<","goedgekeurd"
"glufosinaat","3877","glufsnt","2016-01-12","0.05","ug/l",,,"<","goedgekeurd"
"methoxyfenozide","3318","C1oxfnzde","2016-01-12","0.01","ug/l",,,"<","goedgekeurd"
"hexazinon","871","Hxznn","2016-01-12","0.03","ug/l",,,"<","goedgekeurd"
"imidacloprid","2306","imdcpd","2016-01-12","0.03","ug/l",,,"<","goedgekeurd"
"isodrin","907","idn","2016-01-12","0.01","ug/l",,,"<","goedgekeurd"
"lenacil","1898","lencl","2016-01-12","0.01","ug/l",,,"<","goedgekeurd"
"metaflumizon","5254","mfmzn","2016-01-12","0.02","ug/l",,,"<","goedgekeurd"
"methidathion","1155","metdton","2016-01-12","0.01","ug/l",,,"<","goedgekeurd"
"2,6-xylidine","2944","26xyldne","2016-01-12","0.05","ug/l",,,"<","goedgekeurd"
"fluopyram","5245","fluoprm","2016-01-12","0.01","ug/l",,,"<","goedgekeurd"
"metalaxyl","1149","mlxl","2016-01-12","0.01","ug/l",,,"<","goedgekeurd"
"metabenzthiazuron","1148","metbtazrn","2016-01-12","0.01","ug/l",,,"<","goedgekeurd"
"metribuzin","1188","metbzn","2016-01-12","0.03","ug/l",,,"<","goedgekeurd"
"metolachloor","1185","metlCl","2016-01-12","0.01","ug/l",,,"<","goedgekeurd"
"methiocarb","2307","metocb","2016-01-12","0.01","ug/l",,,"<","goedgekeurd"
"metoxuron","1187","metxrn","2016-01-12","0.01","ug/l",,,"<","goedgekeurd"
"metazachloor","1152","mzCl","2016-01-12","0.01","ug/l",,,"<","goedgekeurd"
"procymidon","1417","procmdn","2016-01-12","0.03","ug/l",,,"<","goedgekeurd"
"monolinuron","1253","Mlnrn","2016-01-12","0.01","ug/l",,,"<","goedgekeurd"
"linuron","1114","linrn","2016-01-12","0.01","ug/l",,,"<","goedgekeurd"
"monuron","1254","monrn","2016-01-12","0.01","ug/l",,,"<","goedgekeurd"
"nicosulfuron","4254","nicsfrn","2016-01-12","0.01","ug/l",,,"<","goedgekeurd"
"oxamyl","1343","Oaml","2016-01-12","0.03","ug/l",,,"<","goedgekeurd"
"fipronil","3786","fipnl","2016-01-12","0.01","ug/l",,,"<","goedgekeurd"
"thiometon","1561","tomtn","2016-01-12","0.01","ug/l",,,"<","goedgekeurd"
"pirimicarb","1406","pirmcb","2016-01-12","0.01","ug/l",,,"<","goedgekeurd"
"2-hydroxyatrazine","2999","2HOxatzne","2016-01-12","0.02","ug/l",,,"<","goedgekeurd"
"mevinfos","1191","mevfs","2016-01-12","0.01","ug/l",,,"<","goedgekeurd"
"fenitrothion","750","feNO2ton","2016-01-12","0.05","ug/l",,,"<","goedgekeurd"
"diflubenzuron","648","Dfbzrn","2016-01-12","0.03","ug/l",,,"<","goedgekeurd"
"diflufenican","3624","Dffncn","2016-01-12","0.03","ug/l",,,"<","goedgekeurd"
"difenoconazool","3627","Dfncnzl","2016-01-12","0.01","ug/l",,,"<","goedgekeurd"
"4-dimethylaminosulfotoluidide","3650","DMST","2016-01-12","0.01","ug/l",,,"<","goedgekeurd"
"dimethenamide","3651","DmtAd","2016-01-12","0.01","ug/l",,,"<","goedgekeurd"
"dinoterb","672","Dntb","2016-01-12","0.01","ug/l",,,"<","goedgekeurd"
"diuron","683","Durn","2016-01-12","0.01","ug/l",,,"<","goedgekeurd"
"2-methyl-4-chloorfenoxyboterzuur","226","MCPB","2016-01-12","0.02","ug/l",,,"<","goedgekeurd"
"fenamifos","745","fenamfs","2016-01-12","0.03","ug/l",,,"<","goedgekeurd"
"2-methyl-4-chloorfenoxyazijnzuur","225","MCPA","2016-01-12","0.02","ug/l",,,"<","goedgekeurd"
"fenuron","2451","fenrn","2016-01-12","0.01","ug/l",,,"<","goedgekeurd"
"fenthion","760","fenton","2016-01-12","0.03","ug/l",,,"<","goedgekeurd"
"flutolanil","2305","flutlnl","2016-01-12","0.01","ug/l",,,"<","goedgekeurd"
"hexachloorbenzeen","861","HCB","2016-01-12","0.04","ug/l",,,"<","goedgekeurd"
"isoproturon","913","iptrn","2016-01-12","0.01","ug/l",,,"<","goedgekeurd"
"kresoxim-methyl","4063","kresOxmC1y","2016-01-12","0.03","ug/l",,,"<","goedgekeurd"
"profam","1418","profm","2016-01-12","0.02","ug/l",,,"<","goedgekeurd"
"ethofumesaat","721","etfmst","2016-01-12","0.02","ug/l",,,"<","goedgekeurd"
"2,4,6-trichloorfenol","106","246TClFol","2016-01-12","0.02","ug/l",,,"<","goedgekeurd"
"thiabendazol","4770","tabdzl","2016-01-12","0.03","ug/l",,,"<","goedgekeurd"
"1-(3,4-dichloorfenyl)ureum","2818","134DClFyurum","2016-01-12","0.03","ug/l",,,"<","goedgekeurd"
"1-(4-isopropylfenyl)ureum","4944","14iC3yFyurum","2016-01-12","0.02","ug/l",,,"<","goedgekeurd"
"2,3,4-trichloorfenol","83","234TClFol","2016-01-12","0.02","ug/l",,,"<","goedgekeurd"
"2,3,5-trichloorfenol","86","235TClFol","2016-01-12","0.02","ug/l",,,"<","goedgekeurd"
"2,3,6-trichloorfenol","89","236TClFol","2016-01-12","0.02","ug/l",,,"<","goedgekeurd"
"methylpirimifos","1408","C1yprmfs","2016-01-12","0.02","ug/l",,,"<","goedgekeurd"
"2,4,5-trichloorfenol","101","245TClFol","2016-01-12","0.02","ug/l",,,"<","goedgekeurd"
"dicamba","602","Dcba","2016-01-12","0.02","ug/l",,,"<","goedgekeurd"
"2,4'-dichloordifenyldichloorethaan","111","24DDD","2016-01-12","0.01","ug/l",,,"<","goedgekeurd"
"2,4'-dichloordifenyldichlooretheen","112","24DDE","2016-01-12","0.01","ug/l",,,"<","goedgekeurd"
"2,4'-dichloordifenyltrichloorethaan","113","24DDT","2016-01-12","0.01","ug/l",,,"<","goedgekeurd"
"2,4-dichloorfenol","115","24DClFol","2016-01-12","0.05","ug/l",,,"<","goedgekeurd"
"2,4-dimethylfenol","124","24DC1yFol","2016-01-12","0.1","ug/l",,,"<","goedgekeurd"
"2,5-dichloorfenol","127","25DClFol","2016-01-12","0.05","ug/l",,,"<","goedgekeurd"
"2,6-dichloorfenol","136","26DClFol","2016-01-12","0.05","ug/l",,,"<","goedgekeurd"
"2,3-dichloorfenol","94","23DClFol","2016-01-12","0.05","ug/l",,,"<","goedgekeurd"
"tolclofos-methyl","1567","tolcfsC1y","2016-01-12","0.03","ug/l",,,"<","goedgekeurd"
"prosulfocarb","2361","prosfcb","2016-01-12","0.03","ug/l",,,"<","goedgekeurd"
"pyrimethanil","2303","pyrmtnl","2016-01-12","0.01","ug/l",,,"<","goedgekeurd"
"rimsulfuron","4570","rimsfrn","2016-01-12","0.01","ug/l",,,"<","goedgekeurd"
"simazine","1480","simzne","2016-01-12","0.01","ug/l",,,"<","goedgekeurd"
"triadimenol","2297","Tadmnl","2016-01-12","0.01","ug/l",,,"<","goedgekeurd"
"triclopyr","2450","Tcpr","2016-01-12","0.03","ug/l",,,"<","goedgekeurd"
"tebuconazol","2298","tebcnzl","2016-01-12","0.01","ug/l",,,"<","goedgekeurd"
"ethylbenzeen","728","C2yBen","2016-01-12","0.05","ug/l",,,"<","goedgekeurd"
"thiacloprid","4863","thiacpd","2016-01-12","0.01","ug/l",,,"<","goedgekeurd"
"dikegulac-natrium","5563","dikglNa","2016-01-12","0.05","ug/l",,,"<","goedgekeurd"
"tolylfluanide","2235","tolfande","2016-01-12","0.02","ug/l",,,"<","goedgekeurd"
"vinclozolin","1652","vinczln","2016-01-12","0.02","ug/l",,,"<","goedgekeurd"
"1,1-dichloorethaan","8","11DClC2a","2016-01-12","0.5","ug/l",,,"<","goedgekeurd"
"alfa-endosulfan","269","aedsfn","2016-01-12","0.01","ug/l",,,"<","goedgekeurd"
"aldrin","268","aldn","2016-01-12","0.01","ug/l",,,"<","goedgekeurd"
"clopyralid","526","cloprld","2016-01-12","0.02","ug/l",,,"<","goedgekeurd"
"desethylatrazine","571","desC2yatzne","2016-01-12","0.01","ug/l",,,"<","goedgekeurd"
"terbutylazine","1525","terC4yazne","2016-01-12","0.01","ug/l",,,"<","goedgekeurd"
,,,,,,,,,
