"BRO-ID","kwaliteitsregime","in registratie sinds","tijdstip veldonderzoek","pomptype","buis",,,,
"GAR000000053170","IMBRO/A","2025-04-10T14:41:54+02:00","1990-06-20T12:00:00+02:00","onbekend","4",,,,
,,,,,,,,,
"parameter","sikb-id","aquo-code","analysedatum","analysemeetwaarde","eenheid meerwaarde","rapportagegrens","eenheid rapportagegres","limietsymbool","status kwaliteitscontrole"
"nitraat","1270","NO3","1990-06-20","0.88","mg/l",,,,"goedgekeurd"
"waterstofcarbonaat","374","HCO3","1990-06-20","355.0","mg/l",,,,"goedgekeurd"
"sulfaat","1508","SO4","1990-06-20","2422.0","mg/l",,,,"goedgekeurd"
"chloride","508","Cl","1990-06-20","16440.0","mg/l",,,,"goedgekeurd"
"ammonium","289","NH4","1990-06-20","12.07","mg/l",,,,"goedgekeurd"
"magnesium","1125","Mg","1990-06-20","975.0","mg/l",,,,"goedgekeurd"
"ijzer","879","Fe","1990-06-20","32000.0","ug/l",,,,"goedgekeurd"
"fosfor totaal","4188","Ptot","1990-06-20","0.27","mg/l",,,,"goedgekeurd"
"mangaan","1128","Mn","1990-06-20","60.0","ug/l",,,,"goedgekeurd"
"fosfaat","1334","PO4","1990-06-20","0.21","mg/l",,,,"goedgekeurd"
"arseen","310","As","1990-06-20","5.6","ug/l",,,,"goedgekeurd"
"cadmium","441","Cd","1990-06-20","0.21","ug/l",,,,"goedgekeurd"
"chroom","517","Cr","1990-06-20","0.5","ug/l",,,,"goedgekeurd"
"koper","971","Cu","1990-06-20","41.7","ug/l",,,,"goedgekeurd"
"zink","1693","Zn","1990-06-20","60.0","ug/l",,,,"goedgekeurd"
"kwik","1097","Hg","1990-06-20","0.05","ug/l",,,,"goedgekeurd"
"lood","1116","Pb","1990-06-20","6.0","ug/l",,,,"goedgekeurd"
"calcium","447","Ca","1990-06-20","1278.0","mg/l",,,,"goedgekeurd"
"nikkel","1267","Ni","1990-06-20","20.0","ug/l",,,,"goedgekeurd"
"kalium","920","K","1990-06-20","287.0","mg/l",,,,"goedgekeurd"
"Zuurgraad","1398","pH","1990-06-20","6.38","1",,,,"goedgekeurd"
"natrium","1262","Na","1990-06-20","10550.0","mg/l",,,,"goedgekeurd"
,,,,,,,,,
