"BRO-ID","kwaliteitsregime","in registratie sinds","tijdstip veldonderzoek","pomptype","buis",,,,
"GAR000000053211","IMBRO/A","2025-04-10T14:46:11+02:00","1990-07-18T12:00:00+02:00","onbekend","1",,,,
,,,,,,,,,
"parameter","sikb-id","aquo-code","analysedatum","analysemeetwaarde","eenheid meerwaarde","rapportagegrens","eenheid rapportagegres","limietsymbool","status kwaliteitscontrole"
"calcium","447","Ca","1990-07-18","203.0","mg/l",,,,"goedgekeurd"
"kwik","1097","Hg","1990-07-18","0.05","ug/l",,,,"goedgekeurd"
"nitraat","1270","NO3","1990-07-18","0.88","mg/l",,,,"goedgekeurd"
"ijzer","879","Fe","1990-07-18","15700.0","ug/l",,,,"goedgekeurd"
"mangaan","1128","Mn","1990-07-18","180.0","ug/l",,,,"goedgekeurd"
"ammonium","289","NH4","1990-07-18","1.01","mg/l",,,,"goedgekeurd"
"chloride","508","Cl","1990-07-18","40.0","mg/l",,,,"goedgekeurd"
"sulfaat","1508","SO4","1990-07-18","185.0","mg/l",,,,"goedgekeurd"
"waterstofcarbonaat","374","HCO3","1990-07-18","557.0","mg/l",,,,"goedgekeurd"
"magnesium","1125","Mg","1990-07-18","21.0","mg/l",,,,"goedgekeurd"
"fosfor totaal","4188","Ptot","1990-07-18","0.18","mg/l",,,,"goedgekeurd"
"fosfaat","1334","PO4","1990-07-18","0.89","mg/l",,,,"goedgekeurd"
"arseen","310","As","1990-07-18","2.5","ug/l",,,,"goedgekeurd"
"cadmium","441","Cd","1990-07-18","0.15","ug/l",,,,"goedgekeurd"
"koper","971","Cu","1990-07-18","8.9","ug/l",,,,"goedgekeurd"
"nikkel","1267","Ni","1990-07-18","2.0","ug/l",,,,"goedgekeurd"
"lood","1116","Pb","1990-07-18","10.4","ug/l",,,,"goedgekeurd"
"zink","1693","Zn","1990-07-18","180.0","ug/l",,,,"goedgekeurd"
"kalium","920","K","1990-07-18","7.0","mg/l",,,,"goedgekeurd"
"chroom","517","Cr","1990-07-18","0.5","ug/l",,,,"goedgekeurd"
"natrium","1262","Na","1990-07-18","31.0","mg/l",,,,"goedgekeurd"
"Geleidendheid","3548","GELDHD","1990-07-18","87.0","mS/m",,,,"goedgekeurd"
"Zuurgraad","1398","pH","1990-07-18","7.01","1",,,,"goedgekeurd"
,,,,,,,,,
