"BRO-ID","kwaliteitsregime","in registratie sinds","tijdstip veldonderzoek","pomptype","buis",,,,
"GAR000000055663","IMBRO/A","2025-04-10T18:31:47+02:00","1992-01-06T11:00:00+01:00","onbekend","2",,,,
,,,,,,,,,
"parameter","sikb-id","aquo-code","analysedatum","analysemeetwaarde","eenheid meerwaarde","rapportagegrens","eenheid rapportagegres","limietsymbool","status kwaliteitscontrole"
"natrium","1262","Na","1992-01-06","125.0","mg/l",,,,"goedgekeurd"
"Geleidendheid","3548","GELDHD","1992-01-06","109.0","mS/m",,,,"goedgekeurd"
"kalium","920","K","1992-01-06","110.0","mg/l",,,,"goedgekeurd"
"Zuurgraad","1398","pH","1992-01-06","7.1","1",,,,"goedgekeurd"
"kwik","1097","Hg","1992-01-06","0.05","ug/l",,,"<","goedgekeurd"
"calcium","447","Ca","1992-01-06","38.0","mg/l",,,,"goedgekeurd"
"magnesium","1125","Mg","1992-01-06","110.0","mg/l",,,,"goedgekeurd"
"ijzer","879","Fe","1992-01-06","3000.0","ug/l",,,,"goedgekeurd"
"mangaan","1128","Mn","1992-01-06","100.0","ug/l",,,,"goedgekeurd"
"ammonium","289","NH4","1992-01-06","4.93","mg/l",,,,"goedgekeurd"
"chloride","508","Cl","1992-01-06","200.0","mg/l",,,,"goedgekeurd"
"sulfaat","1508","SO4","1992-01-06","300.0","mg/l",,,,"onbeslist"
"waterstofcarbonaat","374","HCO3","1992-01-06","690.0","mg/l",,,,"goedgekeurd"
"nitraat","1270","NO3","1992-01-06","5.31","mg/l",,,"<","goedgekeurd"
"fosfor totaal","4188","Ptot","1992-01-06","10.13","mg/l",,,,"goedgekeurd"
"arseen","310","As","1992-01-06","85.0","ug/l",,,,"goedgekeurd"
"fosfaat","1334","PO4","1992-01-06","4.6","mg/l",,,,"goedgekeurd"
,,,,,,,,,
