"BRO-ID","kwaliteitsregime","in registratie sinds","tijdstip veldonderzoek","pomptype","buis",,,,
"GAR000000056524","IMBRO/A","2025-04-10T19:49:20+02:00","1992-01-06T11:00:00+01:00","onbekend","1",,,,
,,,,,,,,,
"parameter","sikb-id","aquo-code","analysedatum","analysemeetwaarde","eenheid meerwaarde","rapportagegrens","eenheid rapportagegres","limietsymbool","status kwaliteitscontrole"
"waterstofcarbonaat","374","HCO3","1992-01-06","750.0","mg/l",,,,"goedgekeurd"
"nitraat","1270","NO3","1992-01-06","5.31","mg/l",,,"<","goedgekeurd"
"fosfor totaal","4188","Ptot","1992-01-06","2.94","mg/l",,,,"goedgekeurd"
"fosfaat","1334","PO4","1992-01-06","1.56","mg/l",,,,"goedgekeurd"
"arseen","310","As","1992-01-06","20.0","ug/l",,,,"goedgekeurd"
"kwik","1097","Hg","1992-01-06","0.05","ug/l",,,"<","goedgekeurd"
"chloride","508","Cl","1992-01-06","580.0","mg/l",,,,"goedgekeurd"
"ammonium","289","NH4","1992-01-06","0.8","mg/l",,,,"goedgekeurd"
"calcium","447","Ca","1992-01-06","190.0","mg/l",,,,"goedgekeurd"
"Geleidendheid","3548","GELDHD","1992-01-06","212.0","mS/m",,,,"goedgekeurd"
"sulfaat","1508","SO4","1992-01-06","400.0","mg/l",,,,"goedgekeurd"
"Zuurgraad","1398","pH","1992-01-06","7.3","1",,,,"goedgekeurd"
"kalium","920","K","1992-01-06","150.0","mg/l",,,,"onbeslist"
"magnesium","1125","Mg","1992-01-06","16.0","mg/l",,,,"goedgekeurd"
"ijzer","879","Fe","1992-01-06","12000.0","ug/l",,,,"goedgekeurd"
"mangaan","1128","Mn","1992-01-06","100.0","ug/l",,,,"goedgekeurd"
"natrium","1262","Na","1992-01-06","300.0","mg/l",,,,"goedgekeurd"
,,,,,,,,,
