"BRO-ID","kwaliteitsregime","in registratie sinds","tijdstip veldonderzoek","pomptype","buis",,,,
"GAR000000056034","IMBRO/A","2025-04-10T19:04:54+02:00","1999-12-16T11:00:00+01:00","onbekend","3",,,,
,,,,,,,,,
"parameter","sikb-id","aquo-code","analysemeetwaarde","eenheid meetwaarde","status kwaliteitscontrole",,,,
"Temperatuur","1522","T","10.7","Cel","goedgekeurd",,,,
,,,,,,,,,
"parameter","sikb-id","aquo-code","analysedatum","analysemeetwaarde","eenheid meerwaarde","rapportagegrens","eenheid rapportagegres","limietsymbool","status kwaliteitscontrole"
"fosfor totaal","4188","Ptot","1999-12-16","1.4","mg/l",,,,"goedgekeurd"
"fosfaat","1334","PO4","1999-12-16","0.14","mg/l",,,,"goedgekeurd"
"Geleidendheid","3548","GELDHD","1999-12-16","101.0","mS/m",,,,"goedgekeurd"
"magnesium","1125","Mg","1999-12-16","65.0","mg/l",,,,"goedgekeurd"
"calcium","447","Ca","1999-12-16","41.0","mg/l",,,,"goedgekeurd"
"kalium","920","K","1999-12-16","64.0","mg/l",,,,"goedgekeurd"
"Zuurgraad","1398","pH","1999-12-16","8.0","1",,,,"goedgekeurd"
"ammonium","289","NH4","1999-12-16","1.41","mg/l",,,,"goedgekeurd"
"mangaan","1128","Mn","1999-12-16","74.0","ug/l",,,,"goedgekeurd"
"sulfaat","1508","SO4","1999-12-16","130.0","mg/l",,,,"goedgekeurd"
"stikstof Kjeldahl","4064","NKj","1999-12-16","1.9","mg/l",,,,"goedgekeurd"
"ijzer","879","Fe","1999-12-16","630.0","ug/l",,,,"goedgekeurd"
"chloride","508","Cl","1999-12-16","27.0","mg/l",,,,"goedgekeurd"
"zink","1693","Zn","1999-12-16","5.0","ug/l",,,"<","goedgekeurd"
"lood","1116","Pb","1999-12-16","5.0","ug/l",,,"<","goedgekeurd"
"nikkel","1267","Ni","1999-12-16","5.0","ug/l",,,"<","goedgekeurd"
"koper","971","Cu","1999-12-16","2.5","ug/l",,,"<","goedgekeurd"
"chroom","517","Cr","1999-12-16","2.5","ug/l",,,"<","goedgekeurd"
"cadmium","441","Cd","1999-12-16","0.4","ug/l",,,"<","goedgekeurd"
"arseen","310","As","1999-12-16","58.0","ug/l",,,,"goedgekeurd"
"aluminium","284","Al","1999-12-16","25.0","ug/l",,,"<","goedgekeurd"
"nitraat","1270","NO3","1999-12-16","0.1","mg/l",,,"<","goedgekeurd"
"waterstofcarbonaat","374","HCO3","1999-12-16","490.0","mg/l",,,,"goedgekeurd"
"natrium","1262","Na","1999-12-16","56.0","mg/l",,,,"goedgekeurd"
,,,,,,,,,
